id,fid,h,a,date,league_id,season,h_goals,a_goals,team_h,team_a,h_xg,a_xg,h_w,h_d,h_l,league,a_ppda,h_ppda
4749,,89,84,2014-08-16 12:45:00,,2014,1,2,Manchester United,Swansea,1.16635,0.278076,0,0,1,EPL,17.94736842105263,10.12
4750,,75,72,2014-08-16 15:00:00,,2014,2,2,Leicester,Everton,1.2783,0.613273,0,1,0,EPL,11.6875,14.48
4751,,202,91,2014-08-16 15:00:00,,2014,0,1,Queens Park Rangers,Hull,1.90067,1.11757,0,0,1,EPL,10.285714285714286,12.823529411764707
4752,,85,71,2014-08-16 15:00:00,,2014,0,1,Stoke,Aston Villa,0.423368,0.909774,0,0,1,EPL,14.043478260869565,4.125
4753,,76,77,2014-08-16 15:00:00,,2014,2,2,West Bromwich Albion,Sunderland,1.68343,0.991901,0,1,0,EPL,13.6875,5.935483870967742
4754,,81,82,2014-08-16 15:00:00,,2014,0,1,West Ham,Tottenham,1.8531,1.01706,0,0,1,EPL,10.956521739130435,11.25
4755,,83,78,2014-08-16 17:30:00,,2014,2,1,Arsenal,Crystal Palace,1.55411,0.158151,1,0,0,EPL,14.172413793103448,2.933333333333333
4756,,87,74,2014-08-17 13:30:00,,2014,2,1,Liverpool,Southampton,1.33192,1.55248,1,0,0,EPL,11.13888888888889,11.333333333333334
4757,,86,88,2014-08-17 16:00:00,,2014,0,2,Newcastle United,Manchester City,0.965583,1.48053,0,0,1,EPL,12.909090909090908,15.590909090909092
4758,,92,80,2014-08-18 20:00:00,,2014,1,3,Burnley,Chelsea,0.371141,2.12996,0,0,1,EPL,13.733333333333333,17.952380952380953
4759,,71,86,2014-08-23 12:45:00,,2014,0,0,Aston Villa,Newcastle United,0.507525,0.699295,0,1,0,EPL,8.571428571428571,15.523809523809524
4760,,80,75,2014-08-23 15:00:00,,2014,2,0,Chelsea,Leicester,2.02939,0.550894,1,0,0,EPL,9.15625,7.052631578947368
4761,,78,81,2014-08-23 15:00:00,,2014,1,3,Crystal Palace,West Ham,0.617283,1.33957,0,0,1,EPL,9.045454545454545,8.151515151515152
4762,,74,76,2014-08-23 15:00:00,,2014,0,0,Southampton,West Bromwich Albion,0.665853,0.665791,0,1,0,EPL,12.391304347826088,7.444444444444445
4763,,84,92,2014-08-23 15:00:00,,2014,1,0,Swansea,Burnley,0.914215,0.843331,1,0,0,EPL,13.75,14.0
4764,,72,83,2014-08-23 17:30:00,,2014,2,2,Everton,Arsenal,1.33429,1.43355,0,1,0,EPL,7.787878787878788,15.882352941176471
4765,,91,85,2014-08-24 13:30:00,,2014,1,1,Hull,Stoke,0.870175,1.60916,0,1,0,EPL,9.789473684210526,20.5
4766,,82,202,2014-08-24 13:30:00,,2014,4,0,Tottenham,Queens Park Rangers,2.38894,1.07617,1,0,0,EPL,16.285714285714285,7.724137931034483
4767,,77,89,2014-08-24 16:00:00,,2014,1,1,Sunderland,Manchester United,0.666489,0.941557,0,1,0,EPL,11.0,12.714285714285714
4768,,88,87,2014-08-25 20:00:00,,2014,3,1,Manchester City,Liverpool,1.31375,0.901889,1,0,0,EPL,18.22222222222222,17.0
4769,,92,89,2014-08-30 12:45:00,,2014,0,0,Burnley,Manchester United,0.513746,0.467281,0,1,0,EPL,7.142857142857143,11.296296296296296
4770,,88,85,2014-08-30 15:00:00,,2014,0,1,Manchester City,Stoke,0.891768,0.299792,0,0,1,EPL,27.166666666666668,3.466666666666667
4771,,86,78,2014-08-30 15:00:00,,2014,3,3,Newcastle United,Crystal Palace,1.69776,1.66056,0,1,0,EPL,9.76,4.555555555555555
4772,,202,77,2014-08-30 15:00:00,,2014,1,0,Queens Park Rangers,Sunderland,1.27277,0.964343,1,0,0,EPL,7.904761904761905,12.384615384615385
4773,,84,76,2014-08-30 15:00:00,,2014,3,0,Swansea,West Bromwich Albion,2.02641,0.696665,1,0,0,EPL,15.464285714285714,13.0
4774,,81,74,2014-08-30 15:00:00,,2014,1,3,West Ham,Southampton,0.635223,1.57513,0,0,1,EPL,7.076923076923077,27.666666666666668
4775,,72,80,2014-08-30 17:30:00,,2014,3,6,Everton,Chelsea,1.4491,2.02665,0,0,1,EPL,10.586206896551724,6.185185185185185
4776,,71,91,2014-08-31 13:30:00,,2014,2,1,Aston Villa,Hull,0.639316,0.28888,1,0,0,EPL,11.583333333333334,28.153846153846153
4777,,82,87,2014-08-31 13:30:00,,2014,0,3,Tottenham,Liverpool,0.48592,2.74317,0,0,1,EPL,12.12,7.071428571428571
4778,,75,83,2014-08-31 16:00:00,,2014,1,1,Leicester,Arsenal,0.809743,2.29649,0,1,0,EPL,7.5,11.0
4719,,83,88,2014-09-13 12:45:00,,2014,2,2,Arsenal,Manchester City,2.07804,2.30834,0,1,0,EPL,5.0227272727272725,7.081081081081081
4720,,80,84,2014-09-13 15:00:00,,2014,4,2,Chelsea,Swansea,3.56581,1.02153,1,0,0,EPL,14.823529411764707,12.285714285714286
4721,,78,92,2014-09-13 15:00:00,,2014,0,0,Crystal Palace,Burnley,0.780534,1.2493,0,1,0,EPL,7.5,12.733333333333333
4722,,74,86,2014-09-13 15:00:00,,2014,4,0,Southampton,Newcastle United,2.11739,1.15026,1,0,0,EPL,20.555555555555557,11.8
4723,,85,75,2014-09-13 15:00:00,,2014,0,1,Stoke,Leicester,1.64782,0.598313,0,0,1,EPL,12.210526315789474,6.782608695652174
4724,,77,82,2014-09-13 15:00:00,,2014,2,2,Sunderland,Tottenham,0.338966,2.03694,0,1,0,EPL,5.9375,8.0
4725,,76,72,2014-09-13 15:00:00,,2014,0,2,West Bromwich Albion,Everton,0.602059,0.807492,0,0,1,EPL,19.153846153846153,9.382352941176471
4726,,87,71,2014-09-13 17:30:00,,2014,0,1,Liverpool,Aston Villa,0.728097,0.701676,0,0,1,EPL,54.0,6.5
4727,,89,202,2014-09-14 16:00:00,,2014,4,0,Manchester United,Queens Park Rangers,2.20911,0.563524,1,0,0,EPL,45.5,8.76923076923077
4728,,91,81,2014-09-15 20:00:00,,2014,2,2,Hull,West Ham,0.439084,0.661678,0,1,0,EPL,8.347826086956522,7.378378378378378
4729,,202,85,2014-09-20 12:45:00,,2014,2,2,Queens Park Rangers,Stoke,1.05642,1.45847,0,1,0,EPL,9.791666666666666,9.916666666666666
4730,,84,74,2014-09-20 15:00:00,,2014,0,1,Swansea,Southampton,0.520262,0.750244,0,0,1,EPL,7.823529411764706,17.58823529411765
4731,,71,83,2014-09-20 15:00:00,,2014,0,3,Aston Villa,Arsenal,0.649013,1.36224,0,0,1,EPL,7.7272727272727275,44.25
4732,,92,77,2014-09-20 15:00:00,,2014,0,0,Burnley,Sunderland,0.710673,0.643512,0,1,0,EPL,11.266666666666667,8.4
4733,,86,91,2014-09-20 15:00:00,,2014,2,2,Newcastle United,Hull,1.91632,0.854291,0,1,0,EPL,19.375,8.130434782608695
4734,,81,87,2014-09-20 17:30:00,,2014,3,1,West Ham,Liverpool,1.26032,0.37835,1,0,0,EPL,7.176470588235294,13.041666666666666
4735,,82,76,2014-09-21 13:30:00,,2014,0,1,Tottenham,West Bromwich Albion,0.438596,1.08401,0,0,1,EPL,11.777777777777779,5.826086956521739
4736,,75,89,2014-09-21 13:30:00,,2014,5,3,Leicester,Manchester United,2.5422,1.71191,1,0,0,EPL,6.6923076923076925,12.391304347826088
4737,,88,80,2014-09-21 16:00:00,,2014,1,1,Manchester City,Chelsea,1.05592,1.02093,0,1,0,EPL,14.904761904761905,5.717948717948718
4738,,72,78,2014-09-21 16:00:00,,2014,2,3,Everton,Crystal Palace,2.56122,1.62886,0,0,1,EPL,22.95,5.2105263157894735
4739,,87,72,2014-09-27 12:45:00,,2014,1,1,Liverpool,Everton,1.5286,0.475885,0,1,0,EPL,10.85,12.0
4740,,89,81,2014-09-27 15:00:00,,2014,2,1,Manchester United,West Ham,0.520246,1.27452,1,0,0,EPL,15.0,14.538461538461538
4741,,74,202,2014-09-27 15:00:00,,2014,2,1,Southampton,Queens Park Rangers,2.34463,0.456323,1,0,0,EPL,14.555555555555555,9.545454545454545
4742,,80,71,2014-09-27 15:00:00,,2014,3,0,Chelsea,Aston Villa,3.14218,0.228896,1,0,0,EPL,49.375,18.2
4743,,78,75,2014-09-27 15:00:00,,2014,2,0,Crystal Palace,Leicester,2.1144,0.453547,1,0,0,EPL,7.4375,8.96551724137931
4744,,91,88,2014-09-27 15:00:00,,2014,2,4,Hull,Manchester City,1.12374,1.78953,0,0,1,EPL,11.2,21.3
4745,,77,84,2014-09-27 15:00:00,,2014,0,0,Sunderland,Swansea,1.39649,0.156398,0,1,0,EPL,6.857142857142857,10.32
4746,,83,82,2014-09-27 17:30:00,,2014,1,1,Arsenal,Tottenham,1.2647,0.673535,0,1,0,EPL,16.7,5.464285714285714
4747,,76,92,2014-09-28 16:00:00,,2014,4,0,West Bromwich Albion,Burnley,1.81127,0.473814,1,0,0,EPL,19.0,11.4
4748,,85,86,2014-09-29 20:00:00,,2014,1,0,Stoke,Newcastle United,1.56203,1.13994,1,0,0,EPL,7.434782608695652,9.541666666666666
4689,,91,78,2014-10-04 15:00:00,,2014,2,0,Hull,Crystal Palace,1.07209,0.616109,1,0,0,EPL,12.884615384615385,5.407407407407407
4690,,75,92,2014-10-04 15:00:00,,2014,2,2,Leicester,Burnley,1.57773,0.957718,0,1,0,EPL,6.724137931034483,7.65
4691,,87,76,2014-10-04 15:00:00,,2014,2,1,Liverpool,West Bromwich Albion,1.56163,1.4384,1,0,0,EPL,8.03125,8.04
4692,,77,85,2014-10-04 15:00:00,,2014,3,1,Sunderland,Stoke,1.40551,0.478187,1,0,0,EPL,4.821428571428571,7.580645161290323
4693,,84,86,2014-10-04 15:00:00,,2014,2,2,Swansea,Newcastle United,1.55242,1.18603,0,1,0,EPL,13.5,7.074074074074074
4694,,71,88,2014-10-04 17:30:00,,2014,0,2,Aston Villa,Manchester City,0.690283,2.30634,0,0,1,EPL,7.769230769230769,25.789473684210527
4695,,89,72,2014-10-05 12:00:00,,2014,2,1,Manchester United,Everton,1.6239,2.13558,1,0,0,EPL,13.45,7.444444444444445
4696,,82,74,2014-10-05 14:05:00,,2014,1,0,Tottenham,Southampton,0.898735,1.14587,1,0,0,EPL,6.8076923076923075,11.857142857142858
4697,,80,83,2014-10-05 14:05:00,,2014,2,0,Chelsea,Arsenal,1.40263,0.330699,1,0,0,EPL,11.285714285714286,8.225806451612904
4698,,81,202,2014-10-05 16:15:00,,2014,2,0,West Ham,Queens Park Rangers,1.64038,0.697342,1,0,0,EPL,9.75,12.409090909090908
4699,,88,82,2014-10-18 12:45:00,,2014,4,1,Manchester City,Tottenham,3.75041,2.32314,1,0,0,EPL,17.35,5.529411764705882
4700,,72,71,2014-10-18 15:00:00,,2014,3,0,Everton,Aston Villa,1.67016,0.37205,1,0,0,EPL,17.25,16.083333333333332
4701,,92,81,2014-10-18 15:00:00,,2014,1,3,Burnley,West Ham,1.74404,2.84138,0,0,1,EPL,9.294117647058824,17.357142857142858
4702,,78,80,2014-10-18 15:00:00,,2014,1,2,Crystal Palace,Chelsea,1.16779,1.01515,0,0,1,EPL,7.571428571428571,20.82608695652174
4703,,74,77,2014-10-18 15:00:00,,2014,8,0,Southampton,Sunderland,3.71097,0.92175,1,0,0,EPL,24.727272727272727,10.36
4704,,86,75,2014-10-18 15:00:00,,2014,1,0,Newcastle United,Leicester,2.1929,0.650379,1,0,0,EPL,10.0,6.0344827586206895
4705,,83,91,2014-10-18 15:00:00,,2014,2,2,Arsenal,Hull,2.14845,0.552062,0,1,0,EPL,44.0,6.325
4706,,202,87,2014-10-19 13:30:00,,2014,2,3,Queens Park Rangers,Liverpool,2.60852,1.51813,0,0,1,EPL,6.3,7.588235294117647
4707,,85,84,2014-10-19 16:00:00,,2014,2,1,Stoke,Swansea,1.75841,2.26827,1,0,0,EPL,11.058823529411764,10.633333333333333
4708,,76,89,2014-10-20 20:00:00,,2014,2,2,West Bromwich Albion,Manchester United,0.61662,0.934042,0,1,0,EPL,7.925925925925926,17.875
4709,,81,88,2014-10-25 12:45:00,,2014,2,1,West Ham,Manchester City,2.62631,1.8643,1,0,0,EPL,3.9545454545454546,12.192307692307692
4710,,74,85,2014-10-25 15:00:00,,2014,1,0,Southampton,Stoke,1.3758,0.867568,1,0,0,EPL,21.3125,8.130434782608695
4711,,77,83,2014-10-25 15:00:00,,2014,0,2,Sunderland,Arsenal,0.441491,1.47081,0,0,1,EPL,4.7317073170731705,7.612903225806452
4712,,76,78,2014-10-25 15:00:00,,2014,2,2,West Bromwich Albion,Crystal Palace,1.45724,1.77354,0,1,0,EPL,24.76923076923077,4.461538461538462
4713,,87,91,2014-10-25 15:00:00,,2014,0,0,Liverpool,Hull,0.678924,0.222999,0,1,0,EPL,10.46875,6.25
4714,,84,75,2014-10-25 17:30:00,,2014,2,0,Swansea,Leicester,1.05601,0.773436,1,0,0,EPL,14.5,16.05
4715,,82,86,2014-10-26 13:30:00,,2014,1,2,Tottenham,Newcastle United,2.03729,0.73967,0,0,1,EPL,9.375,5.32
4716,,92,72,2014-10-26 13:30:00,,2014,1,3,Burnley,Everton,1.55564,1.32187,0,0,1,EPL,14.23076923076923,13.290322580645162
4717,,89,80,2014-10-26 16:00:00,,2014,1,1,Manchester United,Chelsea,1.84074,0.989916,0,1,0,EPL,14.11111111111111,13.61111111111111
4718,,202,71,2014-10-27 20:00:00,,2014,2,0,Queens Park Rangers,Aston Villa,0.81667,1.18709,1,0,0,EPL,5.590909090909091,13.6
4649,,86,87,2014-11-01 12:45:00,,2014,1,0,Newcastle United,Liverpool,1.56863,0.258953,1,0,0,EPL,9.375,13.75
4650,,85,81,2014-11-01 15:00:00,,2014,2,2,Stoke,West Ham,3.06954,0.528668,0,1,0,EPL,9.761904761904763,5.2
4651,,75,76,2014-11-01 15:00:00,,2014,0,1,Leicester,West Bromwich Albion,1.41001,0.562442,0,0,1,EPL,7.206896551724138,8.391304347826088
4652,,83,92,2014-11-01 15:00:00,,2014,3,0,Arsenal,Burnley,4.3298,0.684259,1,0,0,EPL,13.0,8.4
4653,,80,202,2014-11-01 15:00:00,,2014,2,1,Chelsea,Queens Park Rangers,2.23703,0.510067,1,0,0,EPL,13.043478260869565,5.5
4654,,72,84,2014-11-01 15:00:00,,2014,0,0,Everton,Swansea,1.14779,0.694419,0,1,0,EPL,13.181818181818182,4.90625
4655,,91,74,2014-11-01 15:00:00,,2014,0,1,Hull,Southampton,0.256678,1.90484,0,0,1,EPL,8.241379310344827,25.615384615384617
4656,,88,89,2014-11-02 13:30:00,,2014,1,0,Manchester City,Manchester United,2.56723,0.727924,1,0,0,EPL,13.31578947368421,7.371428571428571
4657,,71,82,2014-11-02 16:00:00,,2014,1,2,Aston Villa,Tottenham,0.872267,2.54173,0,0,1,EPL,8.055555555555555,14.368421052631579
4658,,78,77,2014-11-03 20:00:00,,2014,1,3,Crystal Palace,Sunderland,0.766023,0.727981,0,0,1,EPL,5.566666666666666,7.5
4659,,87,80,2014-11-08 12:45:00,,2014,1,2,Liverpool,Chelsea,0.531905,1.97201,0,0,1,EPL,11.928571428571429,9.55
4660,,92,91,2014-11-08 15:00:00,,2014,1,0,Burnley,Hull,1.10315,0.526656,1,0,0,EPL,6.7368421052631575,8.28
4661,,89,78,2014-11-08 15:00:00,,2014,1,0,Manchester United,Crystal Palace,0.956776,0.400837,1,0,0,EPL,26.0,7.470588235294118
4662,,81,71,2014-11-08 15:00:00,,2014,0,0,West Ham,Aston Villa,1.47873,0.560875,0,1,0,EPL,14.176470588235293,7.523809523809524
4663,,74,75,2014-11-08 15:00:00,,2014,2,0,Southampton,Leicester,1.00528,0.540434,1,0,0,EPL,20.88235294117647,7.391304347826087
4664,,202,88,2014-11-08 17:30:00,,2014,2,2,Queens Park Rangers,Manchester City,1.86489,1.70189,0,1,0,EPL,8.333333333333334,9.678571428571429
4665,,77,72,2014-11-09 13:30:00,,2014,1,1,Sunderland,Everton,0.508326,1.31898,0,1,0,EPL,8.32,11.478260869565217
4666,,82,85,2014-11-09 13:30:00,,2014,1,2,Tottenham,Stoke,1.28384,1.24867,0,0,1,EPL,11.409090909090908,4.333333333333333
4667,,76,86,2014-11-09 13:30:00,,2014,0,2,West Bromwich Albion,Newcastle United,0.765208,0.694441,0,0,1,EPL,12.75,9.631578947368421
4668,,84,83,2014-11-09 16:00:00,,2014,2,1,Swansea,Arsenal,0.520487,1.77699,1,0,0,EPL,8.96774193548387,11.652173913043478
4669,,85,92,2014-11-22 15:00:00,,2014,1,2,Stoke,Burnley,1.94307,1.27532,0,0,1,EPL,15.052631578947368,3.1538461538461537
4670,,86,202,2014-11-22 15:00:00,,2014,1,0,Newcastle United,Queens Park Rangers,1.47871,0.402285,1,0,0,EPL,7.076923076923077,4.382352941176471
4671,,88,84,2014-11-22 15:00:00,,2014,2,1,Manchester City,Swansea,2.26312,0.957011,1,0,0,EPL,16.333333333333332,7.525
4672,,75,77,2014-11-22 15:00:00,,2014,0,0,Leicester,Sunderland,0.685893,0.889971,0,1,0,EPL,5.5,8.608695652173912
4673,,72,81,2014-11-22 15:00:00,,2014,2,1,Everton,West Ham,1.82651,1.11958,1,0,0,EPL,13.857142857142858,5.285714285714286
4674,,80,76,2014-11-22 15:00:00,,2014,2,0,Chelsea,West Bromwich Albion,4.36607,0.0930471,1,0,0,EPL,35.54545454545455,10.857142857142858
4675,,83,89,2014-11-22 17:30:00,,2014,1,2,Arsenal,Manchester United,2.00193,1.2791,0,0,1,EPL,14.333333333333334,5.956521739130435
4676,,78,87,2014-11-23 13:30:00,,2014,3,1,Crystal Palace,Liverpool,1.47309,0.952958,1,0,0,EPL,6.473684210526316,12.851851851851851
4677,,91,82,2014-11-23 16:00:00,,2014,1,2,Hull,Tottenham,0.94244,2.16438,0,0,1,EPL,4.0,13.333333333333334
4678,,71,74,2014-11-24 20:00:00,,2014,1,1,Aston Villa,Southampton,1.13228,0.863156,0,1,0,EPL,6.2,20.857142857142858
4679,,76,83,2014-11-29 12:45:00,,2014,0,1,West Bromwich Albion,Arsenal,0.31526,1.05603,0,0,1,EPL,11.952380952380953,15.11111111111111
4680,,81,86,2014-11-29 15:00:00,,2014,1,0,West Ham,Newcastle United,1.09981,0.246562,1,0,0,EPL,8.19047619047619,16.0
4681,,84,78,2014-11-29 15:00:00,,2014,1,1,Swansea,Crystal Palace,1.4626,1.50956,0,1,0,EPL,19.5,3.764705882352941
4682,,87,85,2014-11-29 15:00:00,,2014,1,0,Liverpool,Stoke,1.71025,0.875424,1,0,0,EPL,14.176470588235293,10.296296296296296
4683,,89,91,2014-11-29 15:00:00,,2014,3,0,Manchester United,Hull,1.76885,0.230407,1,0,0,EPL,19.53846153846154,6.04
4684,,202,75,2014-11-29 15:00:00,,2014,3,2,Queens Park Rangers,Leicester,2.98194,2.10013,1,0,0,EPL,6.0344827586206895,8.076923076923077
4685,,92,71,2014-11-29 15:00:00,,2014,1,1,Burnley,Aston Villa,2.3058,1.0873,0,1,0,EPL,23.09090909090909,10.52
4686,,77,80,2014-11-29 17:30:00,,2014,0,0,Sunderland,Chelsea,1.03133,0.761171,0,1,0,EPL,5.451612903225806,13.6
4687,,74,88,2014-11-30 13:30:00,,2014,0,3,Southampton,Manchester City,0.804381,2.13214,0,0,1,EPL,10.071428571428571,9.25
4688,,82,72,2014-11-30 16:00:00,,2014,2,1,Tottenham,Everton,1.13109,0.934335,1,0,0,EPL,13.375,12.2
4589,,92,86,2014-12-02 19:45:00,,2014,1,1,Burnley,Newcastle United,0.678486,1.0006,0,1,0,EPL,7.8125,8.857142857142858
4590,,75,87,2014-12-02 19:45:00,,2014,1,3,Leicester,Liverpool,1.23928,1.3012,0,0,1,EPL,9.052631578947368,11.333333333333334
4591,,89,85,2014-12-02 19:45:00,,2014,2,1,Manchester United,Stoke,1.91104,1.29092,1,0,0,EPL,21.22222222222222,7.555555555555555
4592,,84,202,2014-12-02 19:45:00,,2014,2,0,Swansea,Queens Park Rangers,1.54207,0.789519,1,0,0,EPL,11.964285714285714,7.75
4593,,78,71,2014-12-02 20:00:00,,2014,0,1,Crystal Palace,Aston Villa,0.801741,0.192439,0,0,1,EPL,6.611111111111111,6.027027027027027
4594,,76,81,2014-12-02 20:00:00,,2014,1,2,West Bromwich Albion,West Ham,1.41302,1.24431,0,0,1,EPL,8.233333333333333,9.555555555555555
4595,,80,82,2014-12-03 19:45:00,,2014,3,0,Chelsea,Tottenham,1.71947,0.289204,1,0,0,EPL,7.916666666666667,12.838709677419354
4596,,72,91,2014-12-03 19:45:00,,2014,1,1,Everton,Hull,1.27965,0.29547,0,1,0,EPL,8.805555555555555,11.294117647058824
4597,,77,88,2014-12-03 19:45:00,,2014,1,4,Sunderland,Manchester City,0.412004,1.0386,0,0,1,EPL,7.586206896551724,13.96
4598,,83,74,2014-12-03 19:45:00,,2014,1,0,Arsenal,Southampton,2.37332,0.570955,1,0,0,EPL,11.91304347826087,8.25
4599,,86,80,2014-12-06 12:45:00,,2014,2,1,Newcastle United,Chelsea,1.48574,2.16232,1,0,0,EPL,7.095238095238095,15.0
4600,,202,92,2014-12-06 15:00:00,,2014,2,0,Queens Park Rangers,Burnley,1.63744,1.2646,1,0,0,EPL,6.44,11.214285714285714
4601,,85,83,2014-12-06 15:00:00,,2014,3,2,Stoke,Arsenal,2.50357,2.02073,1,0,0,EPL,6.206896551724138,10.08695652173913
4602,,82,78,2014-12-06 15:00:00,,2014,0,0,Tottenham,Crystal Palace,0.958788,1.17369,0,1,0,EPL,17.0,4.458333333333333
4603,,91,76,2014-12-06 15:00:00,,2014,0,0,Hull,West Bromwich Albion,0.586305,1.06151,0,1,0,EPL,12.391304347826088,9.46875
4604,,87,77,2014-12-06 15:00:00,,2014,0,0,Liverpool,Sunderland,0.663875,0.268395,0,1,0,EPL,7.958333333333333,6.903225806451613
4605,,88,72,2014-12-06 17:30:00,,2014,1,0,Manchester City,Everton,2.2487,0.385845,1,0,0,EPL,9.434782608695652,10.0
4606,,81,84,2014-12-07 13:30:00,,2014,3,1,West Ham,Swansea,2.11509,0.998148,1,0,0,EPL,7.52,7.481481481481482
4607,,71,75,2014-12-07 16:00:00,,2014,2,1,Aston Villa,Leicester,1.97697,1.0083,1,0,0,EPL,9.342857142857143,6.428571428571429
4608,,74,89,2014-12-08 20:00:00,,2014,1,2,Southampton,Manchester United,1.8287,0.799261,0,0,1,EPL,18.125,6.7105263157894735
4609,,92,74,2014-12-13 15:00:00,,2014,1,0,Burnley,Southampton,0.396158,1.713,1,0,0,EPL,7.315789473684211,8.03225806451613
4610,,80,91,2014-12-13 15:00:00,,2014,2,0,Chelsea,Hull,1.21862,0.435091,1,0,0,EPL,10.714285714285714,7.533333333333333
4611,,78,85,2014-12-13 15:00:00,,2014,1,1,Crystal Palace,Stoke,0.498092,0.898532,0,1,0,EPL,7.611111111111111,7.419354838709677
4612,,76,71,2014-12-13 15:00:00,,2014,1,0,West Bromwich Albion,Aston Villa,1.4373,0.266303,1,0,0,EPL,15.538461538461538,8.235294117647058
4613,,77,81,2014-12-13 15:00:00,,2014,1,1,Sunderland,West Ham,1.33557,0.870324,0,1,0,EPL,8.964285714285714,8.2
4614,,75,88,2014-12-13 15:00:00,,2014,0,1,Leicester,Manchester City,0.360608,1.13411,0,0,1,EPL,8.3,9.6875
4615,,83,86,2014-12-13 17:30:00,,2014,4,1,Arsenal,Newcastle United,2.38819,0.938764,1,0,0,EPL,8.884615384615385,8.275862068965518
4616,,89,87,2014-12-14 13:30:00,,2014,3,0,Manchester United,Liverpool,1.79543,1.87114,1,0,0,EPL,13.391304347826088,5.951219512195122
4617,,84,82,2014-12-14 16:00:00,,2014,1,2,Swansea,Tottenham,1.67826,0.731022,0,0,1,EPL,7.769230769230769,8.91304347826087
4618,,72,202,2014-12-15 20:00:00,,2014,3,1,Everton,Queens Park Rangers,0.747708,0.972265,1,0,0,EPL,10.214285714285714,8.0
4619,,88,78,2014-12-20 12:45:00,,2014,3,0,Manchester City,Crystal Palace,1.41484,0.760531,1,0,0,EPL,19.05263157894737,3.75
4620,,81,75,2014-12-20 15:00:00,,2014,2,0,West Ham,Leicester,1.45134,0.659983,1,0,0,EPL,5.7272727272727275,9.055555555555555
4621,,82,92,2014-12-20 15:00:00,,2014,2,1,Tottenham,Burnley,1.77346,0.655135,1,0,0,EPL,11.73076923076923,7.947368421052632
4622,,202,76,2014-12-20 15:00:00,,2014,3,2,Queens Park Rangers,West Bromwich Albion,2.92864,1.30117,1,0,0,EPL,9.235294117647058,8.363636363636363
4623,,74,72,2014-12-20 15:00:00,,2014,3,0,Southampton,Everton,2.21266,0.597999,1,0,0,EPL,16.25,8.137931034482758
4624,,71,89,2014-12-20 15:00:00,,2014,1,1,Aston Villa,Manchester United,0.575806,1.06851,0,1,0,EPL,10.631578947368421,23.153846153846153
4625,,91,84,2014-12-20 15:00:00,,2014,0,1,Hull,Swansea,0.825885,1.45331,0,0,1,EPL,14.882352941176471,7.851851851851852
4626,,86,77,2014-12-21 13:30:00,,2014,0,1,Newcastle United,Sunderland,0.900259,2.18418,0,0,1,EPL,7.222222222222222,9.6
4627,,87,83,2014-12-21 16:00:00,,2014,2,2,Liverpool,Arsenal,1.31858,0.754219,0,1,0,EPL,12.258064516129032,6.2592592592592595
4628,,85,80,2014-12-22 20:00:00,,2014,0,2,Stoke,Chelsea,0.411669,1.45482,0,0,1,EPL,10.84,11.043478260869565
4629,,80,81,2014-12-26 12:45:00,,2014,2,0,Chelsea,West Ham,3.56764,0.45944,1,0,0,EPL,16.526315789473685,8.227272727272727
4630,,92,87,2014-12-26 15:00:00,,2014,0,1,Burnley,Liverpool,0.61207,1.06708,0,0,1,EPL,11.428571428571429,10.32258064516129
4631,,84,71,2014-12-26 15:00:00,,2014,1,0,Swansea,Aston Villa,0.601468,1.41578,1,0,0,EPL,14.631578947368421,13.428571428571429
4632,,77,91,2014-12-26 15:00:00,,2014,1,3,Sunderland,Hull,1.35551,0.85573,0,0,1,EPL,13.4,9.25
4633,,76,88,2014-12-26 15:00:00,,2014,1,3,West Bromwich Albion,Manchester City,2.64442,2.10224,0,0,1,EPL,10.26923076923077,9.8
4634,,72,85,2014-12-26 15:00:00,,2014,0,1,Everton,Stoke,1.00929,1.39552,0,0,1,EPL,14.789473684210526,5.518518518518518
4635,,78,74,2014-12-26 15:00:00,,2014,1,3,Crystal Palace,Southampton,0.379447,1.30288,0,0,1,EPL,12.25,11.541666666666666
4636,,89,86,2014-12-26 15:00:00,,2014,3,1,Manchester United,Newcastle United,1.86147,1.03151,1,0,0,EPL,16.952380952380953,7.666666666666667
4637,,75,82,2014-12-26 15:00:00,,2014,1,2,Leicester,Tottenham,1.47301,1.35719,0,0,1,EPL,9.208333333333334,10.2
4638,,83,202,2014-12-26 17:30:00,,2014,2,1,Arsenal,Queens Park Rangers,2.13888,1.21752,1,0,0,EPL,8.685714285714285,12.277777777777779
4639,,82,89,2014-12-28 12:00:00,,2014,0,0,Tottenham,Manchester United,0.888,2.2613,0,1,0,EPL,4.933333333333334,7.44
4640,,74,80,2014-12-28 14:05:00,,2014,1,1,Southampton,Chelsea,0.528455,0.521788,0,1,0,EPL,10.454545454545455,11.958333333333334
4641,,202,78,2014-12-28 15:00:00,,2014,0,0,Queens Park Rangers,Crystal Palace,0.405679,0.328577,0,1,0,EPL,8.045454545454545,4.666666666666667
4642,,91,75,2014-12-28 15:00:00,,2014,0,1,Hull,Leicester,1.72314,0.180127,0,0,1,EPL,11.037037037037036,8.136363636363637
4643,,88,92,2014-12-28 15:00:00,,2014,2,2,Manchester City,Burnley,1.38586,0.962215,0,1,0,EPL,15.470588235294118,7.333333333333333
4644,,71,77,2014-12-28 15:00:00,,2014,0,0,Aston Villa,Sunderland,0.650993,0.845626,0,1,0,EPL,13.1,18.0
4645,,81,83,2014-12-28 15:00:00,,2014,1,2,West Ham,Arsenal,1.1084,3.35886,0,0,1,EPL,10.555555555555555,5.076923076923077
4646,,85,76,2014-12-28 15:00:00,,2014,2,0,Stoke,West Bromwich Albion,1.25399,1.35813,1,0,0,EPL,6.483870967741935,6.964285714285714
4647,,86,72,2014-12-28 16:15:00,,2014,3,2,Newcastle United,Everton,1.71345,1.07321,1,0,0,EPL,18.714285714285715,7.15625
4648,,87,84,2014-12-29 20:00:00,,2014,4,1,Liverpool,Swansea,3.27658,1.00374,1,0,0,EPL,15.38888888888889,23.88235294117647
4551,,85,89,2015-01-01 12:45:00,,2014,1,1,Stoke,Manchester United,1.4082,0.932262,0,1,0,EPL,4.391304347826087,17.5625
4552,,88,77,2015-01-01 15:00:00,,2014,3,2,Manchester City,Sunderland,3.63333,0.979558,1,0,0,EPL,23.727272727272727,6.607142857142857
4553,,86,92,2015-01-01 15:00:00,,2014,3,3,Newcastle United,Burnley,1.24639,1.65582,0,1,0,EPL,6.606060606060606,12.61111111111111
4554,,202,84,2015-01-01 15:00:00,,2014,1,1,Queens Park Rangers,Swansea,3.16214,1.69725,0,1,0,EPL,10.333333333333334,7.918918918918919
4555,,74,83,2015-01-01 15:00:00,,2014,2,0,Southampton,Arsenal,2.41442,0.849285,1,0,0,EPL,13.222222222222221,10.4
4556,,81,76,2015-01-01 15:00:00,,2014,1,1,West Ham,West Bromwich Albion,1.13586,1.1226,0,1,0,EPL,11.631578947368421,30.333333333333332
4557,,71,78,2015-01-01 15:00:00,,2014,0,0,Aston Villa,Crystal Palace,1.38709,0.575995,0,1,0,EPL,15.541666666666666,4.962962962962963
4558,,91,72,2015-01-01 15:00:00,,2014,2,0,Hull,Everton,1.95682,0.957698,1,0,0,EPL,6.454545454545454,7.689655172413793
4559,,87,75,2015-01-01 15:00:00,,2014,2,2,Liverpool,Leicester,2.38944,1.09438,0,1,0,EPL,14.3,6.947368421052632
4560,,82,80,2015-01-01 17:30:00,,2014,5,3,Tottenham,Chelsea,1.82436,3.03274,1,0,0,EPL,8.961538461538462,9.166666666666666
4561,,77,87,2015-01-10 12:45:00,,2014,0,1,Sunderland,Liverpool,0.250077,2.16251,0,0,1,EPL,11.625,15.578947368421053
4562,,84,81,2015-01-10 15:00:00,,2014,1,1,Swansea,West Ham,1.54943,0.731228,0,1,0,EPL,16.09090909090909,11.105263157894736
4563,,76,91,2015-01-10 15:00:00,,2014,1,0,West Bromwich Albion,Hull,0.784159,0.395844,1,0,0,EPL,13.68421052631579,20.46153846153846
4564,,92,202,2015-01-10 15:00:00,,2014,2,1,Burnley,Queens Park Rangers,2.19126,1.69555,1,0,0,EPL,11.5,6.296296296296297
4565,,80,86,2015-01-10 15:00:00,,2014,2,0,Chelsea,Newcastle United,1.08131,0.394837,1,0,0,EPL,13.2,5.848484848484849
4566,,72,88,2015-01-10 15:00:00,,2014,1,1,Everton,Manchester City,0.95041,1.50724,0,1,0,EPL,8.181818181818182,11.454545454545455
4567,,75,71,2015-01-10 15:00:00,,2014,1,0,Leicester,Aston Villa,2.36522,0.606149,1,0,0,EPL,6.315789473684211,6.909090909090909
4568,,78,82,2015-01-10 17:30:00,,2014,2,1,Crystal Palace,Tottenham,2.85997,0.919178,1,0,0,EPL,7.482758620689655,9.5
4569,,83,85,2015-01-11 13:30:00,,2014,3,0,Arsenal,Stoke,2.26889,0.39839,1,0,0,EPL,8.516129032258064,9.56
4570,,89,74,2015-01-11 16:00:00,,2014,0,1,Manchester United,Southampton,1.19228,1.15706,0,0,1,EPL,20.0,9.6
4571,,71,87,2015-01-17 15:00:00,,2014,0,2,Aston Villa,Liverpool,0.845309,1.54424,0,0,1,EPL,7.464285714285714,11.0
4572,,92,78,2015-01-17 15:00:00,,2014,2,3,Burnley,Crystal Palace,1.08428,0.528431,0,0,1,EPL,7.391304347826087,6.178571428571429
4573,,75,85,2015-01-17 15:00:00,,2014,0,1,Leicester,Stoke,0.382481,0.715634,0,0,1,EPL,11.75,8.37037037037037
4574,,202,89,2015-01-17 15:00:00,,2014,0,2,Queens Park Rangers,Manchester United,0.929623,1.55645,0,0,1,EPL,5.733333333333333,10.48
4575,,84,80,2015-01-17 15:00:00,,2014,0,5,Swansea,Chelsea,0.214209,3.19733,0,0,1,EPL,11.366666666666667,10.571428571428571
4576,,82,77,2015-01-17 15:00:00,,2014,2,1,Tottenham,Sunderland,0.931537,1.19577,1,0,0,EPL,13.833333333333334,5.65625
4577,,86,74,2015-01-17 17:30:00,,2014,1,2,Newcastle United,Southampton,0.856732,0.432026,0,0,1,EPL,12.791666666666666,7.653846153846154
4578,,81,91,2015-01-18 13:30:00,,2014,3,0,West Ham,Hull,2.68629,0.423719,1,0,0,EPL,11.782608695652174,9.291666666666666
4579,,88,83,2015-01-18 16:00:00,,2014,0,2,Manchester City,Arsenal,0.561966,1.49476,0,0,1,EPL,11.0,3.7083333333333335
4580,,72,76,2015-01-19 20:00:00,,2014,0,0,Everton,West Bromwich Albion,1.4927,0.196316,0,1,0,EPL,19.125,7.5
4581,,91,86,2015-01-31 12:45:00,,2014,0,3,Hull,Newcastle United,0.989377,0.50926,0,0,1,EPL,10.133333333333333,7.151515151515151
4582,,87,81,2015-01-31 15:00:00,,2014,2,0,Liverpool,West Ham,2.28203,0.383092,1,0,0,EPL,9.870967741935484,5.0
4583,,89,75,2015-01-31 15:00:00,,2014,3,1,Manchester United,Leicester,1.7369,0.380882,1,0,0,EPL,15.407407407407407,4.666666666666667
4584,,85,202,2015-01-31 15:00:00,,2014,3,1,Stoke,Queens Park Rangers,0.782569,1.11577,1,0,0,EPL,11.294117647058824,7.5
4585,,77,92,2015-01-31 15:00:00,,2014,2,0,Sunderland,Burnley,1.89994,1.34786,1,0,0,EPL,6.277777777777778,12.823529411764707
4586,,76,82,2015-01-31 15:00:00,,2014,0,3,West Bromwich Albion,Tottenham,0.808495,1.34429,0,0,1,EPL,6.241379310344827,18.428571428571427
4587,,78,72,2015-01-31 15:00:00,,2014,0,1,Crystal Palace,Everton,1.21034,1.35977,0,0,1,EPL,8.36,7.642857142857143
4588,,80,88,2015-01-31 17:30:00,,2014,1,1,Chelsea,Manchester City,0.708923,0.907151,0,1,0,EPL,6.114285714285714,11.130434782608695
4513,,83,71,2015-02-01 13:30:00,,2014,5,0,Arsenal,Aston Villa,2.35805,0.714521,1,0,0,EPL,13.6,19.27777777777778
4514,,74,84,2015-02-01 16:00:00,,2014,0,1,Southampton,Swansea,1.62682,0.262557,0,0,1,EPL,35.1,11.08695652173913
4515,,82,83,2015-02-07 12:45:00,,2014,2,1,Tottenham,Arsenal,1.2754,0.834136,1,0,0,EPL,12.61111111111111,5.516129032258065
4516,,71,80,2015-02-07 15:00:00,,2014,1,2,Aston Villa,Chelsea,0.707847,1.11662,0,0,1,EPL,20.125,17.88235294117647
4517,,84,77,2015-02-07 15:00:00,,2014,1,1,Swansea,Sunderland,1.86428,0.143279,0,1,0,EPL,21.571428571428573,6.357142857142857
4518,,75,78,2015-02-07 15:00:00,,2014,0,1,Leicester,Crystal Palace,0.7797,1.00613,0,0,1,EPL,13.294117647058824,6.857142857142857
4519,,88,91,2015-02-07 15:00:00,,2014,1,1,Manchester City,Hull,0.992526,1.13348,0,1,0,EPL,28.25,6.15
4520,,202,74,2015-02-07 15:00:00,,2014,0,1,Queens Park Rangers,Southampton,1.03037,0.963892,0,0,1,EPL,6.444444444444445,9.636363636363637
4521,,72,87,2015-02-07 17:30:00,,2014,0,0,Everton,Liverpool,0.227711,1.03601,0,1,0,EPL,17.0,13.23076923076923
4522,,92,76,2015-02-08 12:00:00,,2014,2,2,Burnley,West Bromwich Albion,1.09795,2.55442,0,1,0,EPL,13.428571428571429,9.777777777777779
4523,,86,85,2015-02-08 14:05:00,,2014,1,1,Newcastle United,Stoke,0.789943,0.220357,0,1,0,EPL,4.2727272727272725,13.5
4524,,81,89,2015-02-08 16:15:00,,2014,1,1,West Ham,Manchester United,0.86518,1.21344,0,1,0,EPL,5.863636363636363,10.5
4525,,83,75,2015-02-10 19:45:00,,2014,2,1,Arsenal,Leicester,1.77095,0.799802,1,0,0,EPL,7.71875,8.62962962962963
4526,,77,202,2015-02-10 19:45:00,,2014,0,2,Sunderland,Queens Park Rangers,1.80831,1.26883,0,0,1,EPL,8.4,8.074074074074074
4527,,91,71,2015-02-10 19:45:00,,2014,2,0,Hull,Aston Villa,0.985975,0.423817,1,0,0,EPL,7.277777777777778,10.08
4528,,87,82,2015-02-10 20:00:00,,2014,3,2,Liverpool,Tottenham,2.76444,1.71247,1,0,0,EPL,6.5588235294117645,8.458333333333334
4529,,80,72,2015-02-11 19:45:00,,2014,1,0,Chelsea,Everton,0.89846,0.706994,1,0,0,EPL,10.904761904761905,16.714285714285715
4530,,85,88,2015-02-11 19:45:00,,2014,1,4,Stoke,Manchester City,0.745602,2.13611,0,0,1,EPL,6.828571428571428,14.588235294117647
4531,,89,92,2015-02-11 19:45:00,,2014,3,1,Manchester United,Burnley,1.62116,1.85067,1,0,0,EPL,10.064516129032258,8.541666666666666
4532,,74,81,2015-02-11 19:45:00,,2014,0,0,Southampton,West Ham,1.68446,0.125464,0,1,0,EPL,16.125,7.0
4533,,78,86,2015-02-11 20:00:00,,2014,1,1,Crystal Palace,Newcastle United,0.932684,0.444535,0,1,0,EPL,11.61111111111111,5.935483870967742
4534,,76,84,2015-02-11 20:00:00,,2014,2,0,West Bromwich Albion,Swansea,0.685986,0.438959,1,0,0,EPL,6.476190476190476,13.846153846153847
4535,,71,85,2015-02-21 15:00:00,,2014,1,2,Aston Villa,Stoke,0.234004,1.11955,0,0,1,EPL,9.944444444444445,11.75
4536,,80,92,2015-02-21 15:00:00,,2014,1,1,Chelsea,Burnley,1.53973,0.513251,0,1,0,EPL,10.333333333333334,8.826086956521738
4537,,78,83,2015-02-21 15:00:00,,2014,1,2,Crystal Palace,Arsenal,2.26395,2.08054,0,0,1,EPL,9.235294117647058,4.333333333333333
4538,,77,76,2015-02-21 15:00:00,,2014,0,0,Sunderland,West Bromwich Albion,0.699828,0.107318,0,1,0,EPL,13.625,4.086956521739131
4539,,84,89,2015-02-21 15:00:00,,2014,2,1,Swansea,Manchester United,1.04218,1.47171,1,0,0,EPL,5.029411764705882,20.785714285714285
4540,,91,202,2015-02-21 15:00:00,,2014,2,1,Hull,Queens Park Rangers,1.09259,0.190631,1,0,0,EPL,9.636363636363637,6.423076923076923
4541,,88,86,2015-02-21 17:30:00,,2014,5,0,Manchester City,Newcastle United,3.12533,0.166685,1,0,0,EPL,24.066666666666666,10.793103448275861
4542,,82,81,2015-02-22 12:00:00,,2014,2,2,Tottenham,West Ham,2.17554,2.20831,0,1,0,EPL,14.263157894736842,5.260869565217392
4543,,72,75,2015-02-22 14:05:00,,2014,2,2,Everton,Leicester,2.05032,1.99519,0,1,0,EPL,13.208333333333334,11.055555555555555
4544,,74,87,2015-02-22 16:15:00,,2014,0,2,Southampton,Liverpool,0.869183,0.695778,0,0,1,EPL,14.904761904761905,7.961538461538462
4545,,81,78,2015-02-28 12:45:00,,2014,1,3,West Ham,Crystal Palace,1.28506,0.851359,0,0,1,EPL,7.739130434782608,5.294117647058823
4546,,76,74,2015-02-28 15:00:00,,2014,1,0,West Bromwich Albion,Southampton,1.08916,0.579867,1,0,0,EPL,4.851851851851852,16.235294117647058
4547,,85,91,2015-02-28 15:00:00,,2014,1,0,Stoke,Hull,0.895577,0.344489,1,0,0,EPL,33.22222222222222,11.11111111111111
4548,,86,71,2015-02-28 15:00:00,,2014,1,0,Newcastle United,Aston Villa,0.93198,0.773437,1,0,0,EPL,7.363636363636363,13.538461538461538
4549,,92,84,2015-02-28 15:00:00,,2014,0,1,Burnley,Swansea,0.898885,1.41451,0,0,1,EPL,11.058823529411764,9.32
4550,,89,77,2015-02-28 15:00:00,,2014,2,0,Manchester United,Sunderland,3.03534,0.272806,1,0,0,EPL,13.947368421052632,5.809523809523809
4480,,87,88,2015-03-01 12:00:00,,2014,2,1,Liverpool,Manchester City,0.769022,1.12846,1,0,0,EPL,12.68421052631579,14.31578947368421
4481,,83,72,2015-03-01 14:05:00,,2014,2,0,Arsenal,Everton,1.39298,0.367813,1,0,0,EPL,5.896551724137931,10.4
4482,,71,76,2015-03-03 19:45:00,,2014,2,1,Aston Villa,West Bromwich Albion,1.9201,0.905628,1,0,0,EPL,19.214285714285715,8.285714285714286
4483,,91,77,2015-03-03 19:45:00,,2014,1,1,Hull,Sunderland,1.3938,1.23136,0,1,0,EPL,7.555555555555555,11.421052631578947
4484,,74,78,2015-03-03 19:45:00,,2014,1,0,Southampton,Crystal Palace,2.22869,0.392674,1,0,0,EPL,9.541666666666666,4.538461538461538
4485,,81,80,2015-03-04 19:45:00,,2014,0,1,West Ham,Chelsea,1.46324,2.38358,0,0,1,EPL,8.411764705882353,12.529411764705882
4486,,88,75,2015-03-04 19:45:00,,2014,2,0,Manchester City,Leicester,2.91599,0.217043,1,0,0,EPL,17.333333333333332,5.653846153846154
4487,,86,89,2015-03-04 19:45:00,,2014,0,1,Newcastle United,Manchester United,1.19246,1.68865,0,0,1,EPL,3.96,12.043478260869565
4488,,85,72,2015-03-04 19:45:00,,2014,2,0,Stoke,Everton,1.03921,0.418315,1,0,0,EPL,8.95,13.210526315789474
4489,,82,84,2015-03-04 19:45:00,,2014,3,2,Tottenham,Swansea,2.13485,0.708217,1,0,0,EPL,17.61904761904762,7.424242424242424
4490,,202,83,2015-03-04 19:45:00,,2014,1,2,Queens Park Rangers,Arsenal,0.318849,2.1651,0,0,1,EPL,8.85,7.083333333333333
4491,,87,92,2015-03-04 20:00:00,,2014,2,0,Liverpool,Burnley,1.30453,0.319239,1,0,0,EPL,11.055555555555555,12.882352941176471
4492,,202,82,2015-03-07 15:00:00,,2014,1,2,Queens Park Rangers,Tottenham,1.49775,2.62405,0,0,1,EPL,3.5714285714285716,7.72
4493,,78,202,2015-03-14 12:45:00,,2014,3,1,Crystal Palace,Queens Park Rangers,2.20095,0.266048,1,0,0,EPL,4.782608695652174,9.095238095238095
4494,,83,81,2015-03-14 15:00:00,,2014,3,0,Arsenal,West Ham,3.19619,0.478172,1,0,0,EPL,15.944444444444445,3.4857142857142858
4495,,75,91,2015-03-14 15:00:00,,2014,0,0,Leicester,Hull,0.53913,1.0475,0,1,0,EPL,7.666666666666667,8.227272727272727
4496,,76,85,2015-03-14 15:00:00,,2014,1,0,West Bromwich Albion,Stoke,0.958807,0.198751,1,0,0,EPL,5.04,12.5
4497,,77,71,2015-03-14 15:00:00,,2014,0,4,Sunderland,Aston Villa,0.472898,1.50195,0,0,1,EPL,10.31578947368421,8.088235294117647
4498,,92,88,2015-03-14 17:30:00,,2014,1,0,Burnley,Manchester City,0.242058,1.2576,1,0,0,EPL,4.9655172413793105,19.736842105263158
4499,,80,74,2015-03-15 13:30:00,,2014,1,1,Chelsea,Southampton,3.19317,1.82802,0,1,0,EPL,8.696969696969697,8.869565217391305
4500,,72,86,2015-03-15 16:00:00,,2014,3,0,Everton,Newcastle United,2.25807,0.809194,1,0,0,EPL,15.777777777777779,7.419354838709677
4501,,89,82,2015-03-15 16:00:00,,2014,3,0,Manchester United,Tottenham,1.02781,0.206431,1,0,0,EPL,9.241379310344827,7.972222222222222
4502,,84,87,2015-03-16 20:00:00,,2014,0,1,Swansea,Liverpool,0.438751,1.69506,0,0,1,EPL,9.1875,10.966666666666667
4503,,88,76,2015-03-21 12:45:00,,2014,3,0,Manchester City,West Bromwich Albion,4.90913,0.775158,1,0,0,EPL,15.941176470588236,4.521739130434782
4504,,71,84,2015-03-21 15:00:00,,2014,0,1,Aston Villa,Swansea,0.762371,1.90437,0,0,1,EPL,7.7727272727272725,12.0
4505,,82,75,2015-03-21 15:00:00,,2014,4,3,Tottenham,Leicester,2.82935,2.722,1,0,0,EPL,11.448275862068966,5.8
4506,,74,92,2015-03-21 15:00:00,,2014,2,0,Southampton,Burnley,1.92097,1.05022,1,0,0,EPL,17.157894736842106,12.466666666666667
4507,,85,78,2015-03-21 15:00:00,,2014,1,2,Stoke,Crystal Palace,2.07851,2.14974,0,0,1,EPL,10.608695652173912,7.2727272727272725
4508,,86,83,2015-03-21 15:00:00,,2014,1,2,Newcastle United,Arsenal,1.0068,0.754782,0,0,1,EPL,7.027777777777778,8.222222222222221
4509,,81,77,2015-03-21 17:30:00,,2014,1,0,West Ham,Sunderland,0.99619,0.536562,1,0,0,EPL,8.0,5.916666666666667
4510,,87,89,2015-03-22 13:30:00,,2014,1,2,Liverpool,Manchester United,0.557648,1.22632,0,0,1,EPL,4.822222222222222,12.863636363636363
4511,,91,80,2015-03-22 16:00:00,,2014,2,3,Hull,Chelsea,1.32415,0.758601,0,0,1,EPL,19.181818181818183,9.8
4512,,202,72,2015-03-22 16:00:00,,2014,1,2,Queens Park Rangers,Everton,1.39318,0.839996,0,0,1,EPL,5.592592592592593,5.032258064516129
4440,,83,87,2015-04-04 12:45:00,,2014,4,1,Arsenal,Liverpool,1.45672,1.21414,1,0,0,EPL,10.818181818181818,7.17948717948718
4441,,72,74,2015-04-04 15:00:00,,2014,1,0,Everton,Southampton,1.02048,0.533646,1,0,0,EPL,4.435897435897436,8.52
4442,,75,81,2015-04-04 15:00:00,,2014,2,1,Leicester,West Ham,3.43561,1.93553,1,0,0,EPL,6.6521739130434785,7.9523809523809526
4443,,89,71,2015-04-04 15:00:00,,2014,3,1,Manchester United,Aston Villa,1.9836,0.311787,1,0,0,EPL,25.071428571428573,3.5454545454545454
4444,,84,91,2015-04-04 15:00:00,,2014,3,1,Swansea,Hull,1.49943,0.919329,1,0,0,EPL,21.42105263157895,10.115384615384615
4445,,76,202,2015-04-04 15:00:00,,2014,1,4,West Bromwich Albion,Queens Park Rangers,2.13361,1.20939,0,0,1,EPL,10.571428571428571,11.375
4446,,80,85,2015-04-04 17:30:00,,2014,2,1,Chelsea,Stoke,3.28546,0.277288,1,0,0,EPL,14.3,16.11111111111111
4447,,92,82,2015-04-05 13:30:00,,2014,0,0,Burnley,Tottenham,1.51355,0.377376,0,1,0,EPL,11.846153846153847,10.758620689655173
4448,,77,86,2015-04-05 16:00:00,,2014,1,0,Sunderland,Newcastle United,0.829443,0.798234,1,0,0,EPL,6.071428571428571,4.419354838709677
4449,,78,88,2015-04-06 20:00:00,,2014,2,1,Crystal Palace,Manchester City,1.32783,1.1129,1,0,0,EPL,4.2592592592592595,12.869565217391305
4450,,71,202,2015-04-07 19:45:00,,2014,3,3,Aston Villa,Queens Park Rangers,1.86698,1.43061,0,1,0,EPL,8.863636363636363,6.5
4451,,84,72,2015-04-11 12:45:00,,2014,1,1,Swansea,Everton,1.09678,0.842056,0,1,0,EPL,12.619047619047619,9.833333333333334
4452,,77,78,2015-04-11 15:00:00,,2014,1,4,Sunderland,Crystal Palace,0.617079,2.34787,0,0,1,EPL,5.146341463414634,5.32258064516129
4453,,74,91,2015-04-11 15:00:00,,2014,2,0,Southampton,Hull,2.37369,0.737337,1,0,0,EPL,16.045454545454547,10.64
4454,,81,85,2015-04-11 15:00:00,,2014,1,1,West Ham,Stoke,0.604708,0.587985,0,1,0,EPL,5.055555555555555,9.818181818181818
4455,,82,71,2015-04-11 15:00:00,,2014,0,1,Tottenham,Aston Villa,0.621738,0.860976,0,0,1,EPL,6.868421052631579,5.62962962962963
4456,,76,75,2015-04-11 15:00:00,,2014,2,3,West Bromwich Albion,Leicester,0.968439,1.6874,0,0,1,EPL,6.190476190476191,7.217391304347826
4457,,92,83,2015-04-11 17:30:00,,2014,0,1,Burnley,Arsenal,0.65718,1.21096,0,0,1,EPL,5.391304347826087,8.525
4458,,202,80,2015-04-12 13:30:00,,2014,0,1,Queens Park Rangers,Chelsea,0.780982,0.920984,0,0,1,EPL,6.823529411764706,7.066666666666666
4459,,89,88,2015-04-12 16:00:00,,2014,4,2,Manchester United,Manchester City,2.66017,1.75844,1,0,0,EPL,10.666666666666666,6.884615384615385
4460,,87,86,2015-04-13 20:00:00,,2014,2,0,Liverpool,Newcastle United,1.26534,0.363343,1,0,0,EPL,9.848484848484848,6.64
4461,,72,92,2015-04-18 15:00:00,,2014,1,0,Everton,Burnley,2.36114,1.06159,1,0,0,EPL,14.095238095238095,6.166666666666667
4462,,78,76,2015-04-18 15:00:00,,2014,0,2,Crystal Palace,West Bromwich Albion,2.0561,0.698022,0,0,1,EPL,9.52,2.4411764705882355
4463,,75,84,2015-04-18 15:00:00,,2014,2,0,Leicester,Swansea,2.57043,0.87346,1,0,0,EPL,17.0,10.903225806451612
4464,,85,74,2015-04-18 15:00:00,,2014,2,1,Stoke,Southampton,2.26451,1.36108,1,0,0,EPL,8.0,9.0
4465,,80,89,2015-04-18 17:30:00,,2014,1,0,Chelsea,Manchester United,1.1493,0.744613,1,0,0,EPL,5.206896551724138,14.592592592592593
4466,,88,81,2015-04-19 13:30:00,,2014,2,0,Manchester City,West Ham,2.05138,0.738105,1,0,0,EPL,22.333333333333332,6.777777777777778
4467,,86,82,2015-04-19 16:00:00,,2014,1,3,Newcastle United,Tottenham,0.938886,1.99862,0,0,1,EPL,5.448275862068965,8.153846153846153
4468,,74,82,2015-04-25 12:45:00,,2014,2,2,Southampton,Tottenham,1.39327,0.531276,0,1,0,EPL,10.470588235294118,18.5
4469,,202,81,2015-04-25 15:00:00,,2014,0,0,Queens Park Rangers,West Ham,2.28143,0.824309,0,1,0,EPL,4.7727272727272725,4.9
4470,,86,84,2015-04-25 15:00:00,,2014,2,3,Newcastle United,Swansea,1.54939,1.58825,0,0,1,EPL,10.631578947368421,7.615384615384615
4471,,76,87,2015-04-25 15:00:00,,2014,0,0,West Bromwich Albion,Liverpool,0.507754,1.41235,0,1,0,EPL,4.555555555555555,12.10344827586207
4472,,85,77,2015-04-25 15:00:00,,2014,1,1,Stoke,Sunderland,2.15079,2.17523,0,1,0,EPL,7.8,5.2727272727272725
4473,,92,75,2015-04-25 15:00:00,,2014,0,1,Burnley,Leicester,1.98975,1.21926,0,0,1,EPL,7.2,4.043478260869565
4474,,78,91,2015-04-25 15:00:00,,2014,0,2,Crystal Palace,Hull,0.913865,2.37709,0,0,1,EPL,11.2,8.181818181818182
4475,,88,71,2015-04-25 17:30:00,,2014,3,2,Manchester City,Aston Villa,1.1892,0.901376,1,0,0,EPL,12.0,16.166666666666668
4476,,72,89,2015-04-26 13:30:00,,2014,3,0,Everton,Manchester United,1.07922,0.750462,1,0,0,EPL,5.620689655172414,16.4375
4477,,83,80,2015-04-26 16:00:00,,2014,0,0,Arsenal,Chelsea,1.07482,0.853305,0,1,0,EPL,12.08695652173913,6.606060606060606
4478,,91,87,2015-04-28 19:45:00,,2014,1,0,Hull,Liverpool,0.730978,0.523697,1,0,0,EPL,5.05,12.923076923076923
4479,,75,80,2015-04-29 19:45:00,,2014,1,3,Leicester,Chelsea,0.600074,1.51717,0,0,1,EPL,11.692307692307692,10.0
4399,,75,86,2015-05-02 12:45:00,,2014,3,0,Leicester,Newcastle United,4.02694,0.485003,1,0,0,EPL,4.92,7.409090909090909
4400,,87,202,2015-05-02 15:00:00,,2014,2,1,Liverpool,Queens Park Rangers,2.28745,0.386314,1,0,0,EPL,10.26086956521739,5.380952380952381
4401,,71,72,2015-05-02 15:00:00,,2014,3,2,Aston Villa,Everton,1.56179,1.4049,1,0,0,EPL,18.818181818181817,8.142857142857142
4402,,77,74,2015-05-02 15:00:00,,2014,2,1,Sunderland,Southampton,1.97694,0.906357,1,0,0,EPL,10.1,11.041666666666666
4403,,84,85,2015-05-02 15:00:00,,2014,2,0,Swansea,Stoke,2.07645,0.324134,1,0,0,EPL,8.653846153846153,11.6
4404,,81,92,2015-05-02 15:00:00,,2014,1,0,West Ham,Burnley,3.23925,0.758485,1,0,0,EPL,10.857142857142858,9.823529411764707
4405,,89,76,2015-05-02 17:30:00,,2014,0,1,Manchester United,West Bromwich Albion,2.10841,0.317533,0,0,1,EPL,21.285714285714285,2.5555555555555554
4406,,80,78,2015-05-03 13:30:00,,2014,1,0,Chelsea,Crystal Palace,1.5619,0.41646,1,0,0,EPL,10.192307692307692,4.142857142857143
4407,,82,88,2015-05-03 16:00:00,,2014,0,1,Tottenham,Manchester City,2.07027,1.80612,0,0,1,EPL,8.733333333333333,7.777777777777778
4408,,91,83,2015-05-04 20:00:00,,2014,1,3,Hull,Arsenal,0.474706,2.94938,0,0,1,EPL,6.48,22.65
4409,,72,77,2015-05-09 12:45:00,,2014,0,2,Everton,Sunderland,1.14341,1.19799,0,0,1,EPL,15.571428571428571,4.705882352941177
4410,,91,92,2015-05-09 15:00:00,,2014,0,1,Hull,Burnley,1.12811,1.21303,0,0,1,EPL,11.88888888888889,8.25
4411,,71,81,2015-05-09 15:00:00,,2014,1,0,Aston Villa,West Ham,1.26585,0.149381,1,0,0,EPL,12.11111111111111,12.857142857142858
4412,,75,74,2015-05-09 15:00:00,,2014,2,0,Leicester,Southampton,1.64129,0.348109,1,0,0,EPL,3.6666666666666665,13.909090909090908
4413,,86,76,2015-05-09 15:00:00,,2014,1,1,Newcastle United,West Bromwich Albion,1.23706,1.21081,0,1,0,EPL,10.476190476190476,4.756756756756757
4414,,85,82,2015-05-09 15:00:00,,2014,3,0,Stoke,Tottenham,2.138,0.298008,1,0,0,EPL,9.9,12.529411764705882
4415,,78,89,2015-05-09 17:30:00,,2014,1,2,Crystal Palace,Manchester United,1.04344,2.29775,0,0,1,EPL,5.3,12.6
4416,,88,202,2015-05-10 13:30:00,,2014,6,0,Manchester City,Queens Park Rangers,5.35103,0.872314,1,0,0,EPL,12.761904761904763,6.76
4417,,80,87,2015-05-10 16:00:00,,2014,1,1,Chelsea,Liverpool,0.535272,1.33324,0,1,0,EPL,10.272727272727273,10.777777777777779
4418,,83,84,2015-05-11 20:00:00,,2014,0,1,Arsenal,Swansea,1.88364,0.347185,0,0,1,EPL,28.785714285714285,6.96875
4419,,74,71,2015-05-16 12:45:00,,2014,6,1,Southampton,Aston Villa,3.59558,1.18593,1,0,0,EPL,18.875,10.535714285714286
4420,,202,86,2015-05-16 15:00:00,,2014,2,1,Queens Park Rangers,Newcastle United,0.470106,2.11207,1,0,0,EPL,4.0,2.95
4421,,77,75,2015-05-16 15:00:00,,2014,0,0,Sunderland,Leicester,0.935248,0.682972,0,1,0,EPL,4.68,5.166666666666667
4422,,82,91,2015-05-16 15:00:00,,2014,2,0,Tottenham,Hull,1.70119,1.13285,1,0,0,EPL,17.555555555555557,9.32
4423,,81,72,2015-05-16 15:00:00,,2014,1,2,West Ham,Everton,0.813296,2.07078,0,0,1,EPL,7.7272727272727275,17.642857142857142
4424,,92,85,2015-05-16 15:00:00,,2014,0,0,Burnley,Stoke,0.909845,1.76276,0,1,0,EPL,7.3478260869565215,19.923076923076923
4425,,87,78,2015-05-16 17:30:00,,2014,1,3,Liverpool,Crystal Palace,1.11415,1.99504,0,0,1,EPL,11.533333333333333,7.888888888888889
4426,,84,88,2015-05-17 13:30:00,,2014,2,4,Swansea,Manchester City,1.06125,2.28119,0,0,1,EPL,13.208333333333334,10.923076923076923
4427,,89,83,2015-05-17 16:00:00,,2014,1,1,Manchester United,Arsenal,0.715214,1.06814,0,1,0,EPL,14.263157894736842,5.088888888888889
4428,,76,80,2015-05-18 20:00:00,,2014,3,0,West Bromwich Albion,Chelsea,1.22743,1.07679,1,0,0,EPL,12.31578947368421,23.333333333333332
4429,,83,77,2015-05-20 19:45:00,,2014,0,0,Arsenal,Sunderland,1.68909,1.50177,0,1,0,EPL,27.818181818181817,5.75
4430,,71,92,2015-05-24 15:00:00,,2014,0,1,Aston Villa,Burnley,0.654751,0.66113,0,0,1,EPL,19.642857142857142,10.8
4431,,80,77,2015-05-24 15:00:00,,2014,3,1,Chelsea,Sunderland,2.52912,1.39272,1,0,0,EPL,19.933333333333334,10.421052631578947
4432,,78,84,2015-05-24 15:00:00,,2014,1,0,Crystal Palace,Swansea,1.07504,0.118613,1,0,0,EPL,9.166666666666666,6.1891891891891895
4433,,83,76,2015-05-24 15:00:00,,2014,4,1,Arsenal,West Bromwich Albion,3.16614,0.569092,1,0,0,EPL,25.076923076923077,9.227272727272727
4434,,72,82,2015-05-24 15:00:00,,2014,0,1,Everton,Tottenham,0.646215,1.39049,0,0,1,EPL,9.625,10.8
4435,,91,89,2015-05-24 15:00:00,,2014,0,0,Hull,Manchester United,0.984196,0.399522,0,1,0,EPL,6.791666666666667,14.0
4436,,75,202,2015-05-24 15:00:00,,2014,5,1,Leicester,Queens Park Rangers,2.17428,1.26755,1,0,0,EPL,6.7407407407407405,10.619047619047619
4437,,88,74,2015-05-24 15:00:00,,2014,2,0,Manchester City,Southampton,2.44073,0.775853,1,0,0,EPL,10.25,7.444444444444445
4438,,86,81,2015-05-24 15:00:00,,2014,2,0,Newcastle United,West Ham,1.64216,0.416396,1,0,0,EPL,7.578947368421052,10.1
4439,,85,87,2015-05-24 15:00:00,,2014,6,1,Stoke,Liverpool,2.15707,1.02292,1,0,0,EPL,10.916666666666666,12.869565217391305
81,,89,82,2015-08-08 15:45:00,,2015,1,0,Manchester United,Tottenham,0.627539,0.6746,1,0,0,EPL,8.21875,13.826086956521738
82,,73,71,2015-08-08 18:00:00,,2015,0,1,Bournemouth,Aston Villa,0.876106,0.782253,0,0,1,EPL,11.846153846153847,6.9
83,,72,90,2015-08-08 18:00:00,,2015,2,2,Everton,Watford,0.604226,0.557892,0,1,0,EPL,17.157894736842106,6.65
84,,75,77,2015-08-08 18:00:00,,2015,4,2,Leicester,Sunderland,2.56803,1.45946,1,0,0,EPL,9.555555555555555,10.88
85,,79,78,2015-08-08 18:00:00,,2015,1,3,Norwich,Crystal Palace,1.13076,2.10975,0,0,1,EPL,10.625,5.7368421052631575
86,,80,84,2015-08-08 20:30:00,,2015,2,2,Chelsea,Swansea,0.64396,2.59203,0,1,0,EPL,8.833333333333334,10.363636363636363
87,,86,74,2015-08-09 16:30:00,,2015,2,2,Newcastle United,Southampton,1.54613,1.2529,0,1,0,EPL,7.0,12.722222222222221
88,,83,81,2015-08-09 16:30:00,,2015,0,2,Arsenal,West Ham,1.33166,0.535961,0,0,1,EPL,12.454545454545455,8.166666666666666
89,,85,87,2015-08-09 19:00:00,,2015,0,1,Stoke,Liverpool,0.381274,0.329873,0,0,1,EPL,9.346153846153847,11.91304347826087
90,,76,88,2015-08-10 23:00:00,,2015,0,3,West Bromwich Albion,Manchester City,0.435238,1.9242,0,0,1,EPL,8.08695652173913,23.294117647058822
91,,71,89,2015-08-14 22:45:00,,2015,0,1,Aston Villa,Manchester United,0.219118,0.660404,0,0,1,EPL,9.5,10.033333333333333
92,,74,72,2015-08-15 15:45:00,,2015,0,3,Southampton,Everton,1.06214,1.39628,0,0,1,EPL,15.8125,8.826086956521738
93,,77,79,2015-08-15 18:00:00,,2015,1,3,Sunderland,Norwich,0.329128,1.71686,0,0,1,EPL,10.666666666666666,10.181818181818182
94,,84,86,2015-08-15 18:00:00,,2015,2,0,Swansea,Newcastle United,1.97424,0.113109,1,0,0,EPL,34.333333333333336,6.235294117647059
95,,82,85,2015-08-15 18:00:00,,2015,2,2,Tottenham,Stoke,1.70614,2.80956,0,1,0,EPL,11.607142857142858,10.125
96,,90,76,2015-08-15 18:00:00,,2015,0,0,Watford,West Bromwich Albion,0.760848,0.684036,0,1,0,EPL,11.5,5.9523809523809526
97,,81,75,2015-08-15 18:00:00,,2015,1,2,West Ham,Leicester,0.513491,1.80939,0,0,1,EPL,15.045454545454545,6.375
98,,78,83,2015-08-16 16:30:00,,2015,1,2,Crystal Palace,Arsenal,0.964134,2.05542,0,0,1,EPL,6.9655172413793105,11.708333333333334
99,,88,80,2015-08-16 19:00:00,,2015,3,0,Manchester City,Chelsea,2.18579,0.482423,1,0,0,EPL,6.620689655172414,5.7272727272727275
100,,87,73,2015-08-17 23:00:00,,2015,1,0,Liverpool,Bournemouth,2.15062,0.460805,1,0,0,EPL,10.0,6.413793103448276
101,,89,86,2015-08-22 15:45:00,,2015,0,0,Manchester United,Newcastle United,1.2491,0.4384,0,1,0,EPL,18.4375,4.709677419354839
102,,79,85,2015-08-22 18:00:00,,2015,1,1,Norwich,Stoke,3.14888,0.698228,0,1,0,EPL,10.928571428571429,9.633333333333333
103,,77,84,2015-08-22 18:00:00,,2015,1,1,Sunderland,Swansea,0.569426,1.56064,0,1,0,EPL,8.578947368421053,10.10344827586207
104,,78,71,2015-08-22 18:00:00,,2015,2,1,Crystal Palace,Aston Villa,1.23807,0.765278,1,0,0,EPL,8.476190476190476,8.166666666666666
105,,75,82,2015-08-22 18:00:00,,2015,1,1,Leicester,Tottenham,0.829012,1.89437,0,1,0,EPL,4.947368421052632,15.578947368421053
106,,81,73,2015-08-22 18:00:00,,2015,3,4,West Ham,Bournemouth,1.50203,2.8554,0,0,1,EPL,10.722222222222221,9.909090909090908
107,,76,80,2015-08-23 16:30:00,,2015,2,3,West Bromwich Albion,Chelsea,1.42622,2.02778,0,0,1,EPL,17.5,14.823529411764707
108,,72,88,2015-08-23 19:00:00,,2015,0,2,Everton,Manchester City,0.579338,1.57983,0,0,1,EPL,9.36,19.25
109,,90,74,2015-08-23 19:00:00,,2015,0,0,Watford,Southampton,1.17588,0.68359,0,1,0,EPL,7.407407407407407,9.045454545454545
110,,83,87,2015-08-24 23:00:00,,2015,0,0,Arsenal,Liverpool,1.83755,1.29206,0,1,0,EPL,10.428571428571429,5.615384615384615
111,,86,83,2015-08-29 15:45:00,,2015,0,1,Newcastle United,Arsenal,0.0319694,2.33948,0,0,1,EPL,5.535714285714286,21.823529411764707
112,,85,76,2015-08-29 18:00:00,,2015,0,1,Stoke,West Bromwich Albion,1.21771,0.881194,0,0,1,EPL,8.96774193548387,23.88888888888889
113,,71,77,2015-08-29 18:00:00,,2015,2,2,Aston Villa,Sunderland,2.27406,0.368848,0,1,0,EPL,7.35,8.636363636363637
114,,73,75,2015-08-29 18:00:00,,2015,1,1,Bournemouth,Leicester,0.321432,0.919097,0,1,0,EPL,5.166666666666667,7.05
115,,80,78,2015-08-29 18:00:00,,2015,1,2,Chelsea,Crystal Palace,1.27906,2.19283,0,0,1,EPL,18.5,8.2
116,,87,81,2015-08-29 18:00:00,,2015,0,3,Liverpool,West Ham,0.561737,0.97217,0,0,1,EPL,12.090909090909092,5.9655172413793105
117,,88,90,2015-08-29 18:00:00,,2015,2,0,Manchester City,Watford,1.52895,0.363603,1,0,0,EPL,20.444444444444443,10.142857142857142
118,,82,72,2015-08-29 20:30:00,,2015,0,0,Tottenham,Everton,1.99917,0.694692,0,1,0,EPL,18.53846153846154,7.4375
119,,74,79,2015-08-30 16:30:00,,2015,3,0,Southampton,Norwich,2.85501,0.639434,1,0,0,EPL,25.583333333333332,10.333333333333334
120,,84,89,2015-08-30 19:00:00,,2015,2,1,Swansea,Manchester United,0.971183,1.28089,1,0,0,EPL,6.896551724137931,15.173913043478262
121,,72,80,2015-09-12 15:45:00,,2015,3,1,Everton,Chelsea,1.18026,0.656048,1,0,0,EPL,7.615384615384615,15.047619047619047
122,,83,85,2015-09-12 18:00:00,,2015,2,0,Arsenal,Stoke,4.42684,0.191277,1,0,0,EPL,15.904761904761905,6.76
123,,78,88,2015-09-12 18:00:00,,2015,0,1,Crystal Palace,Manchester City,0.743193,3.08883,0,0,1,EPL,8.583333333333334,8.625
124,,90,84,2015-09-12 18:00:00,,2015,1,0,Watford,Swansea,1.57333,0.503008,1,0,0,EPL,6.7,11.25925925925926
125,,76,74,2015-09-12 18:00:00,,2015,0,0,West Bromwich Albion,Southampton,0.409143,1.00731,0,1,0,EPL,8.555555555555555,20.41176470588235
126,,79,73,2015-09-12 18:00:00,,2015,3,1,Norwich,Bournemouth,1.33151,0.389495,1,0,0,EPL,11.631578947368421,9.961538461538462
127,,89,87,2015-09-12 20:30:00,,2015,3,1,Manchester United,Liverpool,1.46206,1.02572,1,0,0,EPL,14.476190476190476,9.777777777777779
128,,77,82,2015-09-13 16:30:00,,2015,0,1,Sunderland,Tottenham,1.0407,1.45615,0,0,1,EPL,5.172413793103448,12.055555555555555
129,,75,71,2015-09-13 19:00:00,,2015,3,2,Leicester,Aston Villa,1.34987,0.953181,1,0,0,EPL,8.409090909090908,7.151515151515151
130,,81,86,2015-09-14 23:00:00,,2015,2,0,West Ham,Newcastle United,1.71282,0.716599,1,0,0,EPL,8.222222222222221,11.72
131,,80,83,2015-09-19 15:45:00,,2015,2,0,Chelsea,Arsenal,2.0687,0.775312,1,0,0,EPL,13.181818181818182,6.09375
132,,86,90,2015-09-19 18:00:00,,2015,1,2,Newcastle United,Watford,1.15114,1.33961,0,0,1,EPL,7.594594594594595,9.444444444444445
133,,71,76,2015-09-19 18:00:00,,2015,0,1,Aston Villa,West Bromwich Albion,0.876719,0.632761,0,0,1,EPL,8.413793103448276,6.12
134,,73,77,2015-09-19 18:00:00,,2015,2,0,Bournemouth,Sunderland,0.644335,0.854867,1,0,0,EPL,9.26923076923077,8.518518518518519
135,,85,75,2015-09-19 18:00:00,,2015,2,2,Stoke,Leicester,1.14717,1.22582,0,1,0,EPL,6.0,6.956521739130435
136,,84,72,2015-09-19 18:00:00,,2015,0,0,Swansea,Everton,0.864868,1.77458,0,1,0,EPL,9.0,8.576923076923077
137,,88,81,2015-09-19 20:30:00,,2015,1,2,Manchester City,West Ham,2.98465,0.995273,0,0,1,EPL,23.76923076923077,3.6666666666666665
138,,82,78,2015-09-20 16:30:00,,2015,1,0,Tottenham,Crystal Palace,1.01573,0.538439,1,0,0,EPL,10.173913043478262,5.176470588235294
139,,74,89,2015-09-20 19:00:00,,2015,2,3,Southampton,Manchester United,1.83663,1.65119,0,0,1,EPL,12.235294117647058,17.45
140,,87,79,2015-09-20 19:00:00,,2015,1,1,Liverpool,Norwich,1.90447,0.556271,0,1,0,EPL,15.19047619047619,8.863636363636363
141,,82,88,2015-09-26 15:45:00,,2015,4,1,Tottenham,Manchester City,2.30799,1.57842,1,0,0,EPL,10.9,5.2894736842105265
142,,74,84,2015-09-26 18:00:00,,2015,3,1,Southampton,Swansea,1.55418,1.41962,1,0,0,EPL,11.11111111111111,11.703703703703704
143,,85,73,2015-09-26 18:00:00,,2015,2,1,Stoke,Bournemouth,1.94483,0.871678,1,0,0,EPL,9.95,10.428571428571429
144,,75,83,2015-09-26 18:00:00,,2015,2,5,Leicester,Arsenal,1.38516,3.89623,0,0,1,EPL,6.7727272727272725,10.333333333333334
145,,87,71,2015-09-26 18:00:00,,2015,3,2,Liverpool,Aston Villa,1.78331,0.892054,1,0,0,EPL,26.416666666666668,7.413793103448276
146,,89,77,2015-09-26 18:00:00,,2015,3,0,Manchester United,Sunderland,2.8971,0.832139,1,0,0,EPL,22.0,6.428571428571429
147,,81,79,2015-09-26 18:00:00,,2015,2,2,West Ham,Norwich,2.60407,1.38603,0,1,0,EPL,6.730769230769231,9.0
148,,86,80,2015-09-26 20:30:00,,2015,2,2,Newcastle United,Chelsea,0.702109,1.30593,0,1,0,EPL,4.2,11.125
149,,90,78,2015-09-27 19:00:00,,2015,0,1,Watford,Crystal Palace,0.685939,2.33566,0,0,1,EPL,8.772727272727273,9.625
150,,76,72,2015-09-28 23:00:00,,2015,2,3,West Bromwich Albion,Everton,1.27511,2.30159,0,0,1,EPL,9.6,11.0
151,,78,76,2015-10-03 15:45:00,,2015,2,0,Crystal Palace,West Bromwich Albion,1.99083,0.255528,1,0,0,EPL,10.523809523809524,4.2
152,,71,85,2015-10-03 18:00:00,,2015,0,1,Aston Villa,Stoke,0.839028,1.03499,0,0,1,EPL,8.32258064516129,7.633333333333334
153,,73,90,2015-10-03 18:00:00,,2015,1,1,Bournemouth,Watford,1.50268,0.913291,0,1,0,EPL,9.884615384615385,11.944444444444445
154,,88,86,2015-10-03 18:00:00,,2015,6,1,Manchester City,Newcastle United,3.3346,0.980279,1,0,0,EPL,22.545454545454547,5.484848484848484
155,,79,75,2015-10-03 18:00:00,,2015,1,2,Norwich,Leicester,1.18074,3.00282,0,0,1,EPL,10.217391304347826,11.555555555555555
156,,77,81,2015-10-03 18:00:00,,2015,2,2,Sunderland,West Ham,1.08401,1.93656,0,1,0,EPL,9.380952380952381,13.0
157,,80,74,2015-10-03 20:30:00,,2015,1,3,Chelsea,Southampton,0.520175,1.58246,0,0,1,EPL,14.2,8.727272727272727
158,,72,87,2015-10-04 16:30:00,,2015,1,1,Everton,Liverpool,1.20063,1.30844,0,1,0,EPL,6.275862068965517,12.823529411764707
159,,84,82,2015-10-04 19:00:00,,2015,2,2,Swansea,Tottenham,0.774806,1.18142,0,1,0,EPL,7.67741935483871,13.857142857142858
160,,83,89,2015-10-04 19:00:00,,2015,3,0,Arsenal,Manchester United,2.16952,1.03953,1,0,0,EPL,5.775,21.533333333333335
161,,82,87,2015-10-17 15:45:00,,2015,0,0,Tottenham,Liverpool,0.586228,0.715892,0,1,0,EPL,8.185185185185185,5.605263157894737
162,,74,75,2015-10-17 18:00:00,,2015,2,2,Southampton,Leicester,1.46668,2.78648,0,1,0,EPL,6.625,9.0625
163,,76,77,2015-10-17 18:00:00,,2015,1,0,West Bromwich Albion,Sunderland,2.07781,0.658473,1,0,0,EPL,9.173913043478262,9.421052631578947
164,,80,71,2015-10-17 18:00:00,,2015,2,0,Chelsea,Aston Villa,1.22875,0.795846,1,0,0,EPL,9.761904761904763,5.409090909090909
165,,78,81,2015-10-17 18:00:00,,2015,1,3,Crystal Palace,West Ham,1.08391,2.76356,0,0,1,EPL,7.173913043478261,12.55
166,,72,89,2015-10-17 18:00:00,,2015,0,3,Everton,Manchester United,0.653457,1.47853,0,0,1,EPL,11.826086956521738,10.74074074074074
167,,88,73,2015-10-17 18:00:00,,2015,5,1,Manchester City,Bournemouth,4.71274,0.173025,1,0,0,EPL,14.80952380952381,14.31578947368421
168,,90,83,2015-10-17 20:30:00,,2015,0,3,Watford,Arsenal,0.254791,2.69046,0,0,1,EPL,6.304347826086956,9.384615384615385
169,,86,79,2015-10-18 19:00:00,,2015,6,2,Newcastle United,Norwich,2.24896,1.34395,1,0,0,EPL,7.384615384615385,12.526315789473685
170,,84,85,2015-10-19 23:00:00,,2015,0,1,Swansea,Stoke,0.485489,1.64894,0,0,1,EPL,16.545454545454547,16.27777777777778
171,,71,84,2015-10-24 18:00:00,,2015,1,2,Aston Villa,Swansea,1.09516,1.74353,0,0,1,EPL,6.730769230769231,10.36
172,,75,78,2015-10-24 18:00:00,,2015,1,0,Leicester,Crystal Palace,1.33502,0.240008,1,0,0,EPL,11.636363636363637,13.526315789473685
173,,81,80,2015-10-24 18:00:00,,2015,2,1,West Ham,Chelsea,0.77284,1.1356,1,0,0,EPL,7.730769230769231,9.392857142857142
174,,79,76,2015-10-24 18:00:00,,2015,0,1,Norwich,West Bromwich Albion,1.03228,1.45436,0,0,1,EPL,13.588235294117647,7.611111111111111
175,,85,90,2015-10-24 18:00:00,,2015,0,2,Stoke,Watford,0.848432,1.0403,0,0,1,EPL,13.08695652173913,8.142857142857142
176,,83,72,2015-10-24 20:30:00,,2015,2,1,Arsenal,Everton,2.55754,0.373025,1,0,0,EPL,8.0,6.297297297297297
177,,77,86,2015-10-25 16:00:00,,2015,3,0,Sunderland,Newcastle United,2.37969,1.41744,1,0,0,EPL,8.9375,12.35
178,,73,82,2015-10-25 18:05:00,,2015,1,5,Bournemouth,Tottenham,0.490581,3.43313,0,0,1,EPL,5.513513513513513,12.347826086956522
179,,89,88,2015-10-25 18:05:00,,2015,0,0,Manchester United,Manchester City,0.391754,0.310718,0,1,0,EPL,10.833333333333334,7.0
180,,87,74,2015-10-25 20:15:00,,2015,1,1,Liverpool,Southampton,0.682823,1.56383,0,1,0,EPL,9.027027027027026,10.882352941176471
181,,80,87,2015-10-31 16:45:00,,2015,1,3,Chelsea,Liverpool,0.735762,0.839342,0,0,1,EPL,6.054054054054054,8.421052631578947
182,,78,89,2015-10-31 19:00:00,,2015,0,0,Crystal Palace,Manchester United,0.939118,0.394404,0,1,0,EPL,7.428571428571429,9.576923076923077
183,,88,79,2015-10-31 19:00:00,,2015,2,1,Manchester City,Norwich,2.83557,1.17497,1,0,0,EPL,28.0,10.0
184,,86,85,2015-10-31 19:00:00,,2015,0,0,Newcastle United,Stoke,1.26075,1.38017,0,1,0,EPL,9.727272727272727,15.25
185,,84,83,2015-10-31 19:00:00,,2015,0,3,Swansea,Arsenal,0.264441,2.17657,0,0,1,EPL,16.904761904761905,10.782608695652174
186,,90,81,2015-10-31 19:00:00,,2015,2,0,Watford,West Ham,1.61544,0.605625,1,0,0,EPL,9.95,10.16
187,,76,75,2015-10-31 19:00:00,,2015,2,3,West Bromwich Albion,Leicester,1.50447,2.22545,0,0,1,EPL,7.0,30.0
188,,72,77,2015-11-01 17:30:00,,2015,6,2,Everton,Sunderland,2.34852,1.21834,1,0,0,EPL,15.0,15.363636363636363
189,,74,73,2015-11-01 20:00:00,,2015,2,0,Southampton,Bournemouth,1.15966,0.712132,1,0,0,EPL,12.5,15.777777777777779
190,,82,71,2015-11-03 00:00:00,,2015,3,1,Tottenham,Aston Villa,1.14374,0.325711,1,0,0,EPL,14.333333333333334,5.961538461538462
191,,73,86,2015-11-07 16:45:00,,2015,0,1,Bournemouth,Newcastle United,1.00427,0.504409,0,0,1,EPL,14.863636363636363,4.65625
192,,75,90,2015-11-07 19:00:00,,2015,2,1,Leicester,Watford,1.56389,1.00531,1,0,0,EPL,9.764705882352942,10.551724137931034
193,,89,76,2015-11-07 19:00:00,,2015,2,0,Manchester United,West Bromwich Albion,1.2779,0.594031,1,0,0,EPL,12.521739130434783,7.523809523809524
194,,79,84,2015-11-07 19:00:00,,2015,1,0,Norwich,Swansea,1.19517,0.402284,1,0,0,EPL,10.9375,23.05263157894737
195,,81,72,2015-11-07 19:00:00,,2015,1,1,West Ham,Everton,0.589567,1.08814,0,1,0,EPL,18.125,13.5
196,,77,74,2015-11-07 19:00:00,,2015,0,1,Sunderland,Southampton,0.299104,1.79578,0,0,1,EPL,7.315789473684211,19.571428571428573
197,,85,80,2015-11-07 21:30:00,,2015,1,0,Stoke,Chelsea,0.825418,1.02642,1,0,0,EPL,5.8,14.375
198,,71,88,2015-11-08 17:30:00,,2015,0,0,Aston Villa,Manchester City,0.182741,1.53281,0,1,0,EPL,6.851851851851852,33.0
199,,83,82,2015-11-08 20:00:00,,2015,1,1,Arsenal,Tottenham,2.01767,0.90585,0,1,0,EPL,9.695652173913043,6.3
200,,87,78,2015-11-08 20:00:00,,2015,1,2,Liverpool,Crystal Palace,2.15673,0.849281,0,0,1,EPL,10.590909090909092,5.782608695652174
201,,90,89,2015-11-21 16:45:00,,2015,1,2,Watford,Manchester United,1.47077,1.30264,0,0,1,EPL,5.303030303030303,8.214285714285714
202,,84,73,2015-11-21 19:00:00,,2015,2,2,Swansea,Bournemouth,1.88526,1.58509,0,1,0,EPL,9.826086956521738,9.666666666666666
203,,74,85,2015-11-21 19:00:00,,2015,0,1,Southampton,Stoke,0.709485,1.19495,0,0,1,EPL,16.615384615384617,10.19047619047619
204,,76,83,2015-11-21 19:00:00,,2015,2,1,West Bromwich Albion,Arsenal,0.332888,2.08956,1,0,0,EPL,5.090909090909091,13.241379310344827
205,,86,75,2015-11-21 19:00:00,,2015,0,3,Newcastle United,Leicester,0.372387,3.27478,0,0,1,EPL,8.083333333333334,9.833333333333334
206,,72,71,2015-11-21 19:00:00,,2015,4,0,Everton,Aston Villa,2.83068,0.322061,1,0,0,EPL,17.208333333333332,11.285714285714286
207,,80,79,2015-11-21 19:00:00,,2015,1,0,Chelsea,Norwich,2.16487,0.202798,1,0,0,EPL,14.333333333333334,6.818181818181818
208,,88,87,2015-11-21 21:30:00,,2015,1,4,Manchester City,Liverpool,1.08612,2.61697,0,0,1,EPL,8.655172413793103,9.5
209,,82,81,2015-11-22 20:00:00,,2015,4,1,Tottenham,West Ham,3.22353,0.818937,1,0,0,EPL,9.37037037037037,5.54054054054054
210,,78,77,2015-11-24 00:00:00,,2015,0,1,Crystal Palace,Sunderland,0.696183,1.30739,0,0,1,EPL,27.666666666666668,3.0625
211,,77,85,2015-11-28 19:00:00,,2015,2,0,Sunderland,Stoke,0.863466,0.79464,1,0,0,EPL,15.6,9.807692307692308
212,,71,90,2015-11-28 19:00:00,,2015,2,3,Aston Villa,Watford,1.48969,1.45176,0,0,1,EPL,9.75,5.055555555555555
213,,73,72,2015-11-28 19:00:00,,2015,3,3,Bournemouth,Everton,1.69105,0.729005,0,1,0,EPL,12.869565217391305,6.315789473684211
214,,78,86,2015-11-28 19:00:00,,2015,5,1,Crystal Palace,Newcastle United,1.67836,0.791299,1,0,0,EPL,11.130434782608695,7.68
215,,88,74,2015-11-28 19:00:00,,2015,3,1,Manchester City,Southampton,2.12331,1.24478,1,0,0,EPL,9.944444444444445,7.472222222222222
216,,75,89,2015-11-28 21:30:00,,2015,1,1,Leicester,Manchester United,0.876256,1.05613,0,1,0,EPL,4.782608695652174,15.380952380952381
217,,82,80,2015-11-29 16:00:00,,2015,0,0,Tottenham,Chelsea,0.333494,0.283375,0,1,0,EPL,11.478260869565217,7.052631578947368
218,,81,76,2015-11-29 18:05:00,,2015,1,1,West Ham,West Bromwich Albion,1.41404,0.866305,0,1,0,EPL,10.91304347826087,5.954545454545454
219,,87,84,2015-11-29 20:15:00,,2015,1,0,Liverpool,Swansea,1.19358,0.367517,1,0,0,EPL,24.583333333333332,6.641025641025641
220,,79,83,2015-11-29 20:15:00,,2015,1,1,Norwich,Arsenal,1.01025,1.65699,0,1,0,EPL,9.052631578947368,22.5
221,,85,88,2015-12-05 16:45:00,,2015,2,0,Stoke,Manchester City,2.01436,0.483752,1,0,0,EPL,4.625,5.333333333333333
222,,84,75,2015-12-05 19:00:00,,2015,0,3,Swansea,Leicester,0.780602,2.20962,0,0,1,EPL,13.88,10.157894736842104
223,,90,79,2015-12-05 19:00:00,,2015,2,0,Watford,Norwich,2.07199,0.310524,1,0,0,EPL,13.0,10.5625
224,,76,82,2015-12-05 19:00:00,,2015,1,1,West Bromwich Albion,Tottenham,1.48695,1.12876,0,1,0,EPL,9.538461538461538,8.885714285714286
225,,83,77,2015-12-05 19:00:00,,2015,3,1,Arsenal,Sunderland,2.29559,1.5228,1,0,0,EPL,23.5625,5.782608695652174
226,,89,81,2015-12-05 19:00:00,,2015,0,0,Manchester United,West Ham,1.76061,1.10206,0,1,0,EPL,13.473684210526315,9.31578947368421
227,,74,71,2015-12-05 19:00:00,,2015,1,1,Southampton,Aston Villa,2.86051,1.058,0,1,0,EPL,24.166666666666668,7.363636363636363
228,,80,73,2015-12-05 21:30:00,,2015,0,1,Chelsea,Bournemouth,1.66952,1.25911,0,0,1,EPL,7.606060606060606,5.0
229,,86,87,2015-12-06 20:00:00,,2015,2,0,Newcastle United,Liverpool,0.646346,0.999043,1,0,0,EPL,6.206896551724138,12.08
230,,72,78,2015-12-08 00:00:00,,2015,1,1,Everton,Crystal Palace,1.69774,1.1905,0,1,0,EPL,8.833333333333334,7.695652173913044
231,,79,72,2015-12-12 16:45:00,,2015,1,1,Norwich,Everton,1.49283,2.43558,0,1,0,EPL,19.1,18.36842105263158
232,,88,84,2015-12-12 19:00:00,,2015,2,1,Manchester City,Swansea,1.34338,0.962789,1,0,0,EPL,15.947368421052632,11.931034482758621
233,,77,90,2015-12-12 19:00:00,,2015,0,1,Sunderland,Watford,0.879474,2.0562,0,0,1,EPL,10.047619047619047,16.692307692307693
234,,78,74,2015-12-12 19:00:00,,2015,1,0,Crystal Palace,Southampton,1.31177,0.890411,1,0,0,EPL,5.826086956521739,10.0
235,,81,85,2015-12-12 19:00:00,,2015,0,0,West Ham,Stoke,1.13181,1.87239,0,1,0,EPL,10.0,7.241379310344827
236,,73,89,2015-12-12 21:30:00,,2015,2,1,Bournemouth,Manchester United,1.05032,1.96768,1,0,0,EPL,9.545454545454545,8.827586206896552
237,,71,83,2015-12-13 17:30:00,,2015,0,2,Aston Villa,Arsenal,1.00876,1.68498,0,0,1,EPL,10.125,16.68421052631579
238,,87,76,2015-12-13 20:00:00,,2015,2,2,Liverpool,West Bromwich Albion,2.12583,0.835885,0,1,0,EPL,15.578947368421053,6.0
239,,82,86,2015-12-13 20:00:00,,2015,1,2,Tottenham,Newcastle United,1.03317,1.55252,0,0,1,EPL,8.592592592592593,5.62962962962963
240,,75,80,2015-12-15 00:00:00,,2015,2,1,Leicester,Chelsea,0.708846,2.26887,1,0,0,EPL,4.173913043478261,7.135135135135135
241,,76,73,2015-12-19 19:00:00,,2015,1,2,West Bromwich Albion,Bournemouth,0.698255,1.89177,0,0,1,EPL,8.0,16.5625
242,,74,82,2015-12-19 19:00:00,,2015,0,2,Southampton,Tottenham,0.83385,1.47453,0,0,1,EPL,6.730769230769231,4.2444444444444445
243,,85,78,2015-12-19 19:00:00,,2015,1,2,Stoke,Crystal Palace,2.41499,1.95347,0,0,1,EPL,12.142857142857142,8.08695652173913
244,,80,77,2015-12-19 19:00:00,,2015,3,1,Chelsea,Sunderland,3.02023,1.23573,1,0,0,EPL,10.931034482758621,5.884615384615385
245,,72,75,2015-12-19 19:00:00,,2015,2,3,Everton,Leicester,1.48982,2.02911,0,0,1,EPL,8.368421052631579,8.8
246,,89,79,2015-12-19 19:00:00,,2015,1,2,Manchester United,Norwich,1.01394,0.556897,0,0,1,EPL,20.357142857142858,6.086956521739131
247,,86,71,2015-12-19 21:30:00,,2015,1,1,Newcastle United,Aston Villa,1.28189,0.404373,0,1,0,EPL,5.758620689655173,10.857142857142858
248,,90,87,2015-12-20 17:30:00,,2015,3,0,Watford,Liverpool,1.99336,0.376313,1,0,0,EPL,4.315789473684211,8.838709677419354
249,,84,81,2015-12-20 20:00:00,,2015,0,0,Swansea,West Ham,0.973378,0.401988,0,1,0,EPL,12.151515151515152,5.470588235294118
250,,83,88,2015-12-22 00:00:00,,2015,2,1,Arsenal,Manchester City,1.50109,0.769378,1,0,0,EPL,5.794117647058823,21.58823529411765
251,,85,89,2015-12-26 16:45:00,,2015,2,0,Stoke,Manchester United,1.18211,1.28961,1,0,0,EPL,5.84375,10.090909090909092
252,,84,76,2015-12-26 19:00:00,,2015,1,0,Swansea,West Bromwich Albion,1.21243,0.554583,1,0,0,EPL,9.866666666666667,9.238095238095237
253,,82,79,2015-12-26 19:00:00,,2015,3,0,Tottenham,Norwich,2.40666,0.452019,1,0,0,EPL,10.5,8.857142857142858
254,,71,81,2015-12-26 19:00:00,,2015,1,1,Aston Villa,West Ham,1.61235,0.836027,0,1,0,EPL,8.884615384615385,7.2272727272727275
255,,73,78,2015-12-26 19:00:00,,2015,0,0,Bournemouth,Crystal Palace,0.871395,0.405181,0,1,0,EPL,9.777777777777779,5.264705882352941
256,,80,90,2015-12-26 19:00:00,,2015,2,2,Chelsea,Watford,2.09356,1.667,0,1,0,EPL,9.892857142857142,8.045454545454545
257,,87,75,2015-12-26 19:00:00,,2015,1,0,Liverpool,Leicester,1.37933,0.505167,1,0,0,EPL,16.41176470588235,3.730769230769231
258,,88,77,2015-12-26 19:00:00,,2015,4,1,Manchester City,Sunderland,3.51848,1.08103,1,0,0,EPL,17.25,5.9655172413793105
259,,86,72,2015-12-26 21:30:00,,2015,0,1,Newcastle United,Everton,1.35711,1.69923,0,0,1,EPL,6.166666666666667,13.136363636363637
260,,74,83,2015-12-26 23:45:00,,2015,4,0,Southampton,Arsenal,2.4303,0.83106,1,0,0,EPL,8.38888888888889,15.476190476190476
261,,76,86,2015-12-28 19:00:00,,2015,1,0,West Bromwich Albion,Newcastle United,2.1039,0.456189,1,0,0,EPL,10.384615384615385,6.133333333333334
262,,90,82,2015-12-28 19:00:00,,2015,1,2,Watford,Tottenham,1.13011,0.527248,0,0,1,EPL,4.620689655172414,9.666666666666666
263,,79,71,2015-12-28 19:00:00,,2015,2,0,Norwich,Aston Villa,1.10319,0.235874,1,0,0,EPL,5.666666666666667,9.041666666666666
264,,78,84,2015-12-28 19:00:00,,2015,0,0,Crystal Palace,Swansea,0.735185,0.169425,0,1,0,EPL,13.6,9.789473684210526
265,,72,85,2015-12-28 19:00:00,,2015,3,4,Everton,Stoke,2.2472,1.58159,0,0,1,EPL,9.366666666666667,10.8
266,,83,73,2015-12-28 21:30:00,,2015,2,0,Arsenal,Bournemouth,3.12958,0.343752,1,0,0,EPL,9.96774193548387,11.037037037037036
267,,89,80,2015-12-28 21:30:00,,2015,0,0,Manchester United,Chelsea,1.35213,0.900029,0,1,0,EPL,23.1875,5.0625
268,,81,74,2015-12-28 21:30:00,,2015,2,1,West Ham,Southampton,1.79562,1.3709,1,0,0,EPL,6.184210526315789,14.166666666666666
269,,75,88,2015-12-29 23:45:00,,2015,0,0,Leicester,Manchester City,0.810377,1.66777,0,1,0,EPL,4.642857142857143,11.5
270,,77,87,2015-12-30 23:45:00,,2015,0,1,Sunderland,Liverpool,0.481551,1.80743,0,0,1,EPL,7.631578947368421,11.052631578947368
271,,81,87,2016-01-02 16:45:00,,2015,2,0,West Ham,Liverpool,2.06737,1.86591,1,0,0,EPL,5.454545454545454,11.631578947368421
272,,76,85,2016-01-02 19:00:00,,2015,2,1,West Bromwich Albion,Stoke,1.72318,0.917526,1,0,0,EPL,8.823529411764707,10.5
273,,83,86,2016-01-02 19:00:00,,2015,1,0,Arsenal,Newcastle United,1.93025,1.15339,1,0,0,EPL,12.428571428571429,7.513513513513513
274,,75,73,2016-01-02 19:00:00,,2015,0,0,Leicester,Bournemouth,2.28506,1.2593,0,1,0,EPL,11.095238095238095,10.192307692307692
275,,89,84,2016-01-02 19:00:00,,2015,2,1,Manchester United,Swansea,1.74266,0.542907,1,0,0,EPL,13.88888888888889,10.0
276,,79,74,2016-01-02 19:00:00,,2015,1,0,Norwich,Southampton,1.50509,0.932294,1,0,0,EPL,8.88888888888889,22.181818181818183
277,,77,71,2016-01-02 19:00:00,,2015,3,1,Sunderland,Aston Villa,0.761225,0.27956,1,0,0,EPL,9.636363636363637,11.173913043478262
278,,90,88,2016-01-02 21:30:00,,2015,1,2,Watford,Manchester City,0.985368,0.692054,0,0,1,EPL,7.875,6.827586206896552
279,,78,80,2016-01-03 17:30:00,,2015,0,3,Crystal Palace,Chelsea,0.546499,2.3747,0,0,1,EPL,8.08,10.733333333333333
280,,72,82,2016-01-03 20:00:00,,2015,1,1,Everton,Tottenham,0.721603,0.75907,0,1,0,EPL,6.076923076923077,20.352941176470587
281,,86,89,2016-01-12 23:45:00,,2015,3,3,Newcastle United,Manchester United,1.81304,2.36216,0,1,0,EPL,12.958333333333334,7.884615384615385
282,,71,78,2016-01-12 23:45:00,,2015,1,0,Aston Villa,Crystal Palace,0.551973,0.547913,1,0,0,EPL,7.285714285714286,10.458333333333334
283,,73,81,2016-01-12 23:45:00,,2015,1,3,Bournemouth,West Ham,0.729546,1.18455,0,0,1,EPL,9.761904761904763,8.03448275862069
284,,74,90,2016-01-13 23:45:00,,2015,2,0,Southampton,Watford,1.7224,0.11543,1,0,0,EPL,14.733333333333333,9.161290322580646
285,,85,79,2016-01-13 23:45:00,,2015,3,1,Stoke,Norwich,1.24456,0.193728,1,0,0,EPL,32.07692307692308,5.151515151515151
286,,84,77,2016-01-13 23:45:00,,2015,2,4,Swansea,Sunderland,1.06526,2.49057,0,0,1,EPL,11.478260869565217,17.53846153846154
287,,80,76,2016-01-13 23:45:00,,2015,2,2,Chelsea,West Bromwich Albion,1.38532,0.704263,0,1,0,EPL,12.6,6.7368421052631575
288,,88,72,2016-01-13 23:45:00,,2015,0,0,Manchester City,Everton,1.44957,0.369548,0,1,0,EPL,23.555555555555557,14.095238095238095
289,,87,83,2016-01-14 00:00:00,,2015,3,3,Liverpool,Arsenal,1.16222,2.22912,0,1,0,EPL,12.045454545454545,8.636363636363637
290,,82,75,2016-01-14 00:00:00,,2015,0,1,Tottenham,Leicester,1.2301,0.588708,0,0,1,EPL,10.090909090909092,4.88
291,,82,77,2016-01-16 16:45:00,,2015,4,1,Tottenham,Sunderland,2.02579,0.617306,1,0,0,EPL,15.473684210526315,8.666666666666666
292,,88,78,2016-01-16 19:00:00,,2015,4,0,Manchester City,Crystal Palace,1.74025,0.613339,1,0,0,EPL,8.5,5.717948717948718
293,,86,81,2016-01-16 19:00:00,,2015,2,1,Newcastle United,West Ham,1.84261,1.08248,1,0,0,EPL,11.208333333333334,9.035714285714286
294,,74,76,2016-01-16 19:00:00,,2015,3,0,Southampton,West Bromwich Albion,1.42623,0.410757,1,0,0,EPL,13.0,9.882352941176471
295,,80,72,2016-01-16 19:00:00,,2015,3,3,Chelsea,Everton,2.44864,1.5891,0,1,0,EPL,17.105263157894736,7.7317073170731705
296,,73,79,2016-01-16 19:00:00,,2015,3,0,Bournemouth,Norwich,2.53086,0.595472,1,0,0,EPL,8.181818181818182,9.454545454545455
297,,71,75,2016-01-16 21:30:00,,2015,1,1,Aston Villa,Leicester,0.665386,2.21525,0,1,0,EPL,9.846153846153847,10.842105263157896
298,,87,89,2016-01-17 18:05:00,,2015,0,1,Liverpool,Manchester United,0.952974,0.715703,0,0,1,EPL,7.709677419354839,9.478260869565217
299,,85,83,2016-01-17 20:15:00,,2015,0,0,Stoke,Arsenal,0.546879,0.585841,0,1,0,EPL,9.333333333333334,8.9
300,,84,90,2016-01-19 00:00:00,,2015,1,0,Swansea,Watford,0.474035,0.525478,1,0,0,EPL,8.774193548387096,9.2
301,,79,87,2016-01-23 16:45:00,,2015,4,5,Norwich,Liverpool,1.03432,1.44943,0,0,1,EPL,7.782608695652174,8.178571428571429
302,,78,82,2016-01-23 19:00:00,,2015,1,3,Crystal Palace,Tottenham,0.930792,1.74368,0,0,1,EPL,5.5,8.566666666666666
303,,89,74,2016-01-23 19:00:00,,2015,0,1,Manchester United,Southampton,0.187217,0.83591,0,0,1,EPL,6.935483870967742,10.5
304,,75,85,2016-01-23 19:00:00,,2015,3,0,Leicester,Stoke,2.25906,0.340483,1,0,0,EPL,6.8076923076923075,10.91304347826087
305,,76,71,2016-01-23 19:00:00,,2015,0,0,West Bromwich Albion,Aston Villa,0.23184,0.562461,0,1,0,EPL,5.5,9.421052631578947
306,,77,73,2016-01-23 19:00:00,,2015,1,1,Sunderland,Bournemouth,0.612134,1.26851,0,1,0,EPL,6.555555555555555,18.8125
307,,90,86,2016-01-23 19:00:00,,2015,2,1,Watford,Newcastle United,2.58707,1.29267,1,0,0,EPL,11.666666666666666,5.595238095238095
308,,81,88,2016-01-23 21:30:00,,2015,2,2,West Ham,Manchester City,1.01267,1.73182,0,1,0,EPL,7.925925925925926,9.36
309,,72,84,2016-01-24 17:30:00,,2015,1,2,Everton,Swansea,1.94094,1.08055,0,0,1,EPL,11.962962962962964,12.2
310,,83,80,2016-01-24 20:00:00,,2015,0,1,Arsenal,Chelsea,1.10907,1.48778,0,0,1,EPL,8.0,13.73913043478261
311,,83,74,2016-02-02 23:45:00,,2015,0,0,Arsenal,Southampton,3.38487,0.93405,0,1,0,EPL,6.9,3.21875
312,,75,87,2016-02-02 23:45:00,,2015,2,0,Leicester,Liverpool,1.34566,0.580791,1,0,0,EPL,6.045454545454546,10.72
313,,79,82,2016-02-02 23:45:00,,2015,0,3,Norwich,Tottenham,0.929319,2.75469,0,0,1,EPL,11.666666666666666,11.090909090909092
314,,77,88,2016-02-02 23:45:00,,2015,0,1,Sunderland,Manchester City,0.888437,0.638461,0,0,1,EPL,6.0344827586206895,6.352941176470588
315,,81,71,2016-02-02 23:45:00,,2015,2,0,West Ham,Aston Villa,2.34619,0.107888,1,0,0,EPL,14.956521739130435,4.666666666666667
316,,78,73,2016-02-03 00:00:00,,2015,1,2,Crystal Palace,Bournemouth,1.62395,1.17427,0,0,1,EPL,11.375,7.12
317,,89,85,2016-02-03 00:00:00,,2015,3,0,Manchester United,Stoke,2.45272,0.350909,1,0,0,EPL,13.25,12.208333333333334
318,,76,84,2016-02-03 00:00:00,,2015,1,1,West Bromwich Albion,Swansea,2.30645,1.17928,0,1,0,EPL,5.923076923076923,9.592592592592593
319,,72,86,2016-02-03 23:45:00,,2015,3,0,Everton,Newcastle United,2.48447,0.626239,1,0,0,EPL,13.6,6.34375
320,,90,80,2016-02-03 23:45:00,,2015,0,0,Watford,Chelsea,0.531415,1.13694,0,1,0,EPL,8.724137931034482,8.675675675675675
321,,88,75,2016-02-06 16:45:00,,2015,1,3,Manchester City,Leicester,1.70719,2.50168,0,0,1,EPL,12.105263157894736,4.44
322,,86,76,2016-02-06 19:00:00,,2015,1,0,Newcastle United,West Bromwich Albion,2.41057,0.472556,1,0,0,EPL,10.75,4.681818181818182
323,,85,72,2016-02-06 19:00:00,,2015,0,3,Stoke,Everton,0.693548,3.05913,0,0,1,EPL,13.217391304347826,7.217391304347826
324,,82,90,2016-02-06 19:00:00,,2015,1,0,Tottenham,Watford,2.00475,0.149839,1,0,0,EPL,13.590909090909092,4.655172413793103
325,,84,78,2016-02-06 19:00:00,,2015,1,1,Swansea,Crystal Palace,1.32136,1.01465,0,1,0,EPL,10.0,4.45945945945946
326,,71,79,2016-02-06 19:00:00,,2015,2,0,Aston Villa,Norwich,0.918291,1.1413,1,0,0,EPL,6.25,8.863636363636363
327,,87,77,2016-02-06 19:00:00,,2015,2,2,Liverpool,Sunderland,1.57712,0.491843,0,1,0,EPL,15.565217391304348,7.625
328,,74,81,2016-02-06 21:30:00,,2015,1,0,Southampton,West Ham,1.06493,0.970583,1,0,0,EPL,7.894736842105263,12.478260869565217
329,,73,83,2016-02-07 17:30:00,,2015,0,2,Bournemouth,Arsenal,0.584316,1.13957,0,0,1,EPL,10.958333333333334,8.3
330,,80,89,2016-02-07 20:00:00,,2015,1,1,Chelsea,Manchester United,1.61554,0.780475,0,1,0,EPL,10.578947368421053,11.4375
331,,77,89,2016-02-13 16:45:00,,2015,2,1,Sunderland,Manchester United,1.48186,0.908296,1,0,0,EPL,3.5714285714285716,9.56
332,,84,74,2016-02-13 19:00:00,,2015,0,1,Swansea,Southampton,0.699012,1.19353,0,0,1,EPL,14.117647058823529,7.037037037037037
333,,79,81,2016-02-13 19:00:00,,2015,2,2,Norwich,West Ham,1.03362,0.741428,0,1,0,EPL,7.35,6.793103448275862
334,,72,76,2016-02-13 19:00:00,,2015,0,1,Everton,West Bromwich Albion,1.82912,1.1974,0,0,1,EPL,18.533333333333335,3.1153846153846154
335,,78,90,2016-02-13 19:00:00,,2015,1,2,Crystal Palace,Watford,0.983946,1.99728,0,0,1,EPL,5.416666666666667,5.826086956521739
336,,73,85,2016-02-13 19:00:00,,2015,1,3,Bournemouth,Stoke,1.19427,0.927348,0,0,1,EPL,14.285714285714286,8.722222222222221
337,,80,86,2016-02-13 21:30:00,,2015,5,1,Chelsea,Newcastle United,2.0858,0.430664,1,0,0,EPL,13.363636363636363,9.451612903225806
338,,83,75,2016-02-14 16:00:00,,2015,2,1,Arsenal,Leicester,2.36319,1.31246,1,0,0,EPL,9.085714285714285,4.857142857142857
339,,71,87,2016-02-14 18:05:00,,2015,0,6,Aston Villa,Liverpool,0.174868,2.00756,0,0,1,EPL,6.515151515151516,12.419354838709678
340,,88,82,2016-02-14 20:15:00,,2015,1,2,Manchester City,Tottenham,1.97876,1.23517,0,0,1,EPL,7.4,11.642857142857142
341,,81,77,2016-02-27 16:45:00,,2015,1,0,West Ham,Sunderland,0.52387,1.07887,1,0,0,EPL,8.291666666666666,7.076923076923077
342,,90,73,2016-02-27 19:00:00,,2015,0,0,Watford,Bournemouth,1.00481,0.955252,0,1,0,EPL,4.862068965517241,7.25
343,,75,79,2016-02-27 19:00:00,,2015,1,0,Leicester,Norwich,1.7645,0.814784,1,0,0,EPL,10.65,7.647058823529412
344,,74,80,2016-02-27 19:00:00,,2015,1,2,Southampton,Chelsea,1.01074,0.631036,0,0,1,EPL,12.857142857142858,12.074074074074074
345,,85,71,2016-02-27 19:00:00,,2015,2,1,Stoke,Aston Villa,2.04047,0.414343,1,0,0,EPL,11.826086956521738,10.529411764705882
346,,76,78,2016-02-27 21:30:00,,2015,3,2,West Bromwich Albion,Crystal Palace,2.07488,1.21638,1,0,0,EPL,8.1,10.857142857142858
347,,82,84,2016-02-28 18:05:00,,2015,2,1,Tottenham,Swansea,3.57325,1.24938,1,0,0,EPL,18.363636363636363,7.739130434782608
348,,89,83,2016-02-28 18:05:00,,2015,3,2,Manchester United,Arsenal,1.09522,1.5435,1,0,0,EPL,7.333333333333333,10.15625
349,,71,72,2016-03-01 23:45:00,,2015,1,3,Aston Villa,Everton,0.60177,2.63668,0,0,1,EPL,16.2,14.12
350,,73,74,2016-03-01 23:45:00,,2015,2,0,Bournemouth,Southampton,1.41228,0.954161,1,0,0,EPL,7.05,8.407407407407407
351,,75,76,2016-03-01 23:45:00,,2015,2,2,Leicester,West Bromwich Albion,3.04626,1.29485,0,1,0,EPL,15.866666666666667,4.28
352,,77,78,2016-03-01 23:45:00,,2015,2,2,Sunderland,Crystal Palace,0.93375,0.887448,0,1,0,EPL,9.869565217391305,5.24
353,,79,80,2016-03-01 23:45:00,,2015,1,2,Norwich,Chelsea,1.24159,0.980988,0,0,1,EPL,12.705882352941176,9.607142857142858
354,,81,82,2016-03-02 23:45:00,,2015,1,0,West Ham,Tottenham,0.784319,1.22673,1,0,0,EPL,2.4482758620689653,11.181818181818182
355,,83,84,2016-03-02 23:45:00,,2015,1,2,Arsenal,Swansea,1.4928,1.69788,0,0,1,EPL,15.045454545454545,7.0344827586206895
356,,85,86,2016-03-02 23:45:00,,2015,1,0,Stoke,Newcastle United,0.298318,0.270782,1,0,0,EPL,11.173913043478262,5.628571428571429
357,,87,88,2016-03-03 00:00:00,,2015,3,0,Liverpool,Manchester City,1.16781,0.180318,1,0,0,EPL,7.678571428571429,5.825
358,,89,90,2016-03-03 00:00:00,,2015,1,0,Manchester United,Watford,0.786278,2.16484,1,0,0,EPL,7.352941176470588,5.769230769230769
359,,82,83,2016-03-05 16:45:00,,2015,2,2,Tottenham,Arsenal,1.88378,0.543157,0,1,0,EPL,7.096774193548387,5.2
360,,74,77,2016-03-05 19:00:00,,2015,1,1,Southampton,Sunderland,1.54587,1.31562,0,1,0,EPL,12.85,4.3
361,,84,79,2016-03-05 19:00:00,,2015,1,0,Swansea,Norwich,0.545937,0.580126,1,0,0,EPL,9.714285714285714,4.4375
362,,80,85,2016-03-05 19:00:00,,2015,1,1,Chelsea,Stoke,1.0615,1.60285,0,1,0,EPL,9.625,9.285714285714286
363,,72,81,2016-03-05 19:00:00,,2015,2,3,Everton,West Ham,2.09025,2.72091,0,0,1,EPL,6.928571428571429,14.2
364,,88,71,2016-03-05 19:00:00,,2015,4,0,Manchester City,Aston Villa,2.83271,0.121136,1,0,0,EPL,38.45454545454545,5.382352941176471
365,,86,73,2016-03-05 19:00:00,,2015,1,3,Newcastle United,Bournemouth,0.833931,1.26853,0,0,1,EPL,6.314285714285714,7.59375
366,,90,75,2016-03-05 21:30:00,,2015,0,1,Watford,Leicester,0.829318,1.47042,0,0,1,EPL,7.655172413793103,8.695652173913043
367,,78,87,2016-03-06 17:30:00,,2015,1,2,Crystal Palace,Liverpool,1.43901,2.27087,0,0,1,EPL,5.1,13.304347826086957
368,,76,89,2016-03-06 20:00:00,,2015,1,0,West Bromwich Albion,Manchester United,0.565787,0.417622,1,0,0,EPL,14.733333333333333,8.178571428571429
369,,79,88,2016-03-12 16:45:00,,2015,0,0,Norwich,Manchester City,0.139743,0.557373,0,1,0,EPL,6.217391304347826,10.32
370,,85,74,2016-03-12 19:00:00,,2015,1,2,Stoke,Southampton,1.06676,0.874966,0,0,1,EPL,10.407407407407407,6.791666666666667
371,,73,84,2016-03-12 19:00:00,,2015,3,2,Bournemouth,Swansea,0.70756,1.09562,1,0,0,EPL,5.696969696969697,7.838709677419355
372,,71,82,2016-03-13 20:00:00,,2015,0,2,Aston Villa,Tottenham,1.84022,2.00141,0,0,1,EPL,6.521739130434782,13.52
373,,75,86,2016-03-14 00:00:00,,2015,1,0,Leicester,Newcastle United,0.846771,0.518715,1,0,0,EPL,12.2,9.807692307692308
374,,72,83,2016-03-19 16:45:00,,2015,0,2,Everton,Arsenal,0.58617,1.92384,0,0,1,EPL,8.17142857142857,5.594594594594595
375,,78,75,2016-03-19 19:00:00,,2015,0,1,Crystal Palace,Leicester,0.784339,1.20315,0,0,1,EPL,7.352941176470588,4.846153846153846
376,,80,81,2016-03-19 19:00:00,,2015,2,2,Chelsea,West Ham,2.1406,0.862828,0,1,0,EPL,11.592592592592593,7.64
377,,90,85,2016-03-19 19:00:00,,2015,1,2,Watford,Stoke,0.879462,1.58145,0,0,1,EPL,7.580645161290323,7.133333333333334
378,,76,79,2016-03-19 19:00:00,,2015,0,1,West Bromwich Albion,Norwich,0.332789,0.799255,0,0,1,EPL,7.157894736842105,5.695652173913044
379,,84,71,2016-03-19 21:30:00,,2015,1,0,Swansea,Aston Villa,0.490469,0.730828,1,0,0,EPL,6.725,5.482758620689655
380,,74,87,2016-03-20 17:30:00,,2015,3,2,Southampton,Liverpool,1.56873,1.29046,1,0,0,EPL,17.53846153846154,9.64
381,,86,77,2016-03-20 17:30:00,,2015,1,1,Newcastle United,Sunderland,0.940593,0.785017,0,1,0,EPL,13.263157894736842,4.423076923076923
382,,88,89,2016-03-20 20:00:00,,2015,0,1,Manchester City,Manchester United,1.86249,0.900312,0,0,1,EPL,7.066666666666666,8.652173913043478
383,,82,73,2016-03-20 20:00:00,,2015,3,0,Tottenham,Bournemouth,2.02694,0.120366,1,0,0,EPL,21.352941176470587,6.121212121212121
384,,71,80,2016-04-02 15:45:00,,2015,0,4,Aston Villa,Chelsea,0.72512,2.49358,0,0,1,EPL,7.851851851851852,15.192307692307692
385,,83,90,2016-04-02 18:00:00,,2015,4,0,Arsenal,Watford,3.00742,0.290619,1,0,0,EPL,18.714285714285715,7.545454545454546
386,,73,88,2016-04-02 18:00:00,,2015,0,4,Bournemouth,Manchester City,1.3239,0.868303,0,0,1,EPL,11.461538461538462,10.653846153846153
387,,79,86,2016-04-02 18:00:00,,2015,3,2,Norwich,Newcastle United,1.65216,1.46835,1,0,0,EPL,9.933333333333334,17.666666666666668
388,,85,84,2016-04-02 18:00:00,,2015,2,2,Stoke,Swansea,1.17598,0.4319,0,1,0,EPL,8.724137931034482,15.894736842105264
389,,77,76,2016-04-02 18:00:00,,2015,0,0,Sunderland,West Bromwich Albion,1.54544,0.0635563,0,1,0,EPL,7.541666666666667,6.142857142857143
390,,81,78,2016-04-02 18:00:00,,2015,2,2,West Ham,Crystal Palace,1.71369,1.65593,0,1,0,EPL,11.357142857142858,5.666666666666667
391,,87,82,2016-04-02 20:30:00,,2015,1,1,Liverpool,Tottenham,1.37954,1.23579,0,1,0,EPL,7.391304347826087,7.7105263157894735
392,,75,74,2016-04-03 16:30:00,,2015,1,0,Leicester,Southampton,1.38701,0.670068,1,0,0,EPL,15.6,10.529411764705882
393,,89,72,2016-04-03 19:00:00,,2015,1,0,Manchester United,Everton,0.998692,0.755625,1,0,0,EPL,10.4,7.242424242424242
394,,81,83,2016-04-09 15:45:00,,2015,3,3,West Ham,Arsenal,1.10973,1.46966,0,1,0,EPL,9.65,9.516129032258064
395,,90,72,2016-04-09 18:00:00,,2015,1,1,Watford,Everton,0.408379,1.59979,0,1,0,EPL,8.588235294117647,11.652173913043478
396,,74,86,2016-04-09 18:00:00,,2015,3,1,Southampton,Newcastle United,1.78477,0.165982,1,0,0,EPL,21.4,9.62962962962963
397,,84,80,2016-04-09 18:00:00,,2015,1,0,Swansea,Chelsea,1.9071,1.3003,1,0,0,EPL,8.068965517241379,8.707317073170731
398,,71,73,2016-04-09 18:00:00,,2015,1,2,Aston Villa,Bournemouth,0.220872,1.0038,0,0,1,EPL,5.527777777777778,18.058823529411764
399,,78,79,2016-04-09 18:00:00,,2015,1,0,Crystal Palace,Norwich,1.45029,0.675663,1,0,0,EPL,7.444444444444445,4.583333333333333
400,,88,76,2016-04-09 20:30:00,,2015,2,1,Manchester City,West Bromwich Albion,2.07325,1.09413,1,0,0,EPL,10.208333333333334,9.875
401,,77,75,2016-04-10 16:30:00,,2015,0,2,Sunderland,Leicester,0.872232,2.60072,0,0,1,EPL,6.583333333333333,6.28
402,,82,89,2016-04-10 19:00:00,,2015,3,0,Tottenham,Manchester United,1.79647,0.341238,1,0,0,EPL,6.961538461538462,5.970588235294118
403,,87,85,2016-04-10 19:00:00,,2015,4,1,Liverpool,Stoke,2.21484,0.85508,1,0,0,EPL,9.142857142857142,8.75
404,,78,72,2016-04-13 23:00:00,,2015,0,0,Crystal Palace,Everton,1.59025,0.759269,0,1,0,EPL,14.529411764705882,8.391304347826088
405,,79,77,2016-04-16 15:45:00,,2015,0,3,Norwich,Sunderland,1.09006,1.99748,0,0,1,EPL,13.066666666666666,6.923076923076923
406,,89,71,2016-04-16 18:00:00,,2015,1,0,Manchester United,Aston Villa,1.09127,0.262427,1,0,0,EPL,21.076923076923077,7.863636363636363
407,,72,74,2016-04-16 18:00:00,,2015,1,1,Everton,Southampton,0.318721,1.38323,0,1,0,EPL,5.942857142857143,16.0
408,,86,84,2016-04-16 18:00:00,,2015,3,0,Newcastle United,Swansea,1.5024,0.787081,1,0,0,EPL,5.0,16.047619047619047
409,,76,90,2016-04-16 18:00:00,,2015,0,1,West Bromwich Albion,Watford,2.2915,0.364852,0,0,1,EPL,9.142857142857142,6.37037037037037
410,,80,88,2016-04-16 20:30:00,,2015,0,3,Chelsea,Manchester City,0.487715,2.62768,0,0,1,EPL,13.5,9.0
411,,75,81,2016-04-17 16:30:00,,2015,2,2,Leicester,West Ham,1.95296,1.56819,0,1,0,EPL,5.793103448275862,12.705882352941176
412,,73,87,2016-04-17 16:30:00,,2015,1,2,Bournemouth,Liverpool,0.85914,1.81443,0,0,1,EPL,20.733333333333334,8.272727272727273
413,,83,78,2016-04-17 19:00:00,,2015,1,1,Arsenal,Crystal Palace,1.73461,0.275806,0,1,0,EPL,16.714285714285715,8.944444444444445
414,,85,82,2016-04-18 23:00:00,,2015,0,4,Stoke,Tottenham,0.458376,2.89775,0,0,1,EPL,8.214285714285714,8.75
415,,86,88,2016-04-19 22:45:00,,2015,1,1,Newcastle United,Manchester City,0.455246,0.522043,0,1,0,EPL,7.92,9.153846153846153
416,,81,90,2016-04-20 22:45:00,,2015,3,1,West Ham,Watford,3.96294,1.22333,1,0,0,EPL,6.323529411764706,7.111111111111111
417,,89,78,2016-04-20 23:00:00,,2015,2,0,Manchester United,Crystal Palace,1.46607,0.137416,1,0,0,EPL,11.72,4.878787878787879
418,,87,72,2016-04-20 23:00:00,,2015,4,0,Liverpool,Everton,3.24472,0.0886329,1,0,0,EPL,24.0,4.757575757575758
419,,83,76,2016-04-21 22:45:00,,2015,2,0,Arsenal,West Bromwich Albion,1.37348,0.839742,1,0,0,EPL,14.821428571428571,3.838709677419355
420,,88,85,2016-04-23 15:45:00,,2015,4,0,Manchester City,Stoke,2.22482,1.09174,1,0,0,EPL,15.68421052631579,8.935483870967742
421,,71,74,2016-04-23 18:00:00,,2015,2,4,Aston Villa,Southampton,1.47192,3.6648,0,0,1,EPL,5.972972972972973,21.4
422,,73,80,2016-04-23 18:00:00,,2015,1,4,Bournemouth,Chelsea,0.575087,2.07192,0,0,1,EPL,11.19047619047619,7.7631578947368425
423,,87,86,2016-04-23 18:00:00,,2015,2,2,Liverpool,Newcastle United,0.712881,0.253033,0,1,0,EPL,9.028571428571428,4.88
424,,77,83,2016-04-24 17:05:00,,2015,0,0,Sunderland,Arsenal,0.617149,0.97303,0,1,0,EPL,7.8,15.954545454545455
425,,75,84,2016-04-24 19:15:00,,2015,4,0,Leicester,Swansea,3.31579,0.576457,1,0,0,EPL,4.717948717948718,10.054054054054054
426,,82,76,2016-04-25 23:00:00,,2015,1,1,Tottenham,West Bromwich Albion,1.26346,0.894413,0,1,0,EPL,11.26923076923077,5.666666666666667
427,,85,77,2016-04-30 18:00:00,,2015,1,1,Stoke,Sunderland,0.68487,1.43105,0,1,0,EPL,10.19047619047619,5.083333333333333
428,,86,78,2016-04-30 18:00:00,,2015,1,0,Newcastle United,Crystal Palace,0.53407,1.05079,1,0,0,EPL,5.7,8.0
429,,72,73,2016-04-30 18:00:00,,2015,2,1,Everton,Bournemouth,0.95281,1.42599,1,0,0,EPL,17.944444444444443,9.875
430,,90,71,2016-04-30 18:00:00,,2015,3,2,Watford,Aston Villa,1.36255,0.491793,1,0,0,EPL,17.88888888888889,6.538461538461538
431,,76,81,2016-04-30 18:00:00,,2015,0,3,West Bromwich Albion,West Ham,1.5346,1.27183,0,0,1,EPL,6.071428571428571,7.864864864864865
432,,83,79,2016-04-30 20:30:00,,2015,1,0,Arsenal,Norwich,0.781508,0.578781,1,0,0,EPL,21.333333333333332,7.5625
433,,84,87,2016-05-01 15:00:00,,2015,3,1,Swansea,Liverpool,2.31862,0.776186,1,0,0,EPL,13.05,9.108108108108109
434,,89,75,2016-05-01 17:05:00,,2015,1,1,Manchester United,Leicester,1.18462,1.16622,0,1,0,EPL,11.375,3.869565217391304
435,,74,88,2016-05-01 19:30:00,,2015,4,2,Southampton,Manchester City,2.84362,1.12719,1,0,0,EPL,5.411764705882353,10.151515151515152
436,,80,82,2016-05-02 23:00:00,,2015,2,2,Chelsea,Tottenham,0.81661,1.90407,0,1,0,EPL,5.571428571428571,10.681818181818182
437,,79,89,2016-05-07 15:45:00,,2015,0,1,Norwich,Manchester United,1.36825,1.48344,0,0,1,EPL,4.217391304347826,12.2
438,,78,85,2016-05-07 18:00:00,,2015,2,1,Crystal Palace,Stoke,1.31448,1.27766,1,0,0,EPL,9.19047619047619,5.64
439,,81,84,2016-05-07 18:00:00,,2015,1,4,West Ham,Swansea,2.39454,2.47265,0,0,1,EPL,16.4,8.074074074074074
440,,71,86,2016-05-07 18:00:00,,2015,0,0,Aston Villa,Newcastle United,0.0312154,1.09626,0,1,0,EPL,7.703703703703703,13.578947368421053
441,,73,76,2016-05-07 18:00:00,,2015,1,1,Bournemouth,West Bromwich Albion,0.814964,1.34282,0,1,0,EPL,16.61111111111111,8.285714285714286
442,,77,80,2016-05-07 18:00:00,,2015,3,2,Sunderland,Chelsea,0.773876,1.77677,1,0,0,EPL,11.545454545454545,8.744186046511627
443,,75,72,2016-05-07 20:30:00,,2015,3,1,Leicester,Everton,4.50525,1.30184,1,0,0,EPL,6.384615384615385,16.736842105263158
444,,82,74,2016-05-08 16:30:00,,2015,1,2,Tottenham,Southampton,2.55547,1.30812,0,0,1,EPL,10.862068965517242,5.7
445,,87,90,2016-05-08 19:00:00,,2015,2,0,Liverpool,Watford,2.38919,0.930803,1,0,0,EPL,12.576923076923077,4.888888888888889
446,,88,83,2016-05-08 19:00:00,,2015,2,2,Manchester City,Arsenal,0.75375,1.08084,0,1,0,EPL,8.615384615384615,4.945945945945946
447,,81,89,2016-05-10 23:30:00,,2015,3,2,West Ham,Manchester United,2.13311,0.635987,1,0,0,EPL,5.964285714285714,8.448275862068966
448,,79,90,2016-05-11 22:45:00,,2015,4,2,Norwich,Watford,2.41871,1.7686,1,0,0,EPL,7.34375,7.869565217391305
449,,77,72,2016-05-11 22:45:00,,2015,3,0,Sunderland,Everton,2.44887,1.16563,1,0,0,EPL,9.625,14.952380952380953
450,,87,80,2016-05-11 23:00:00,,2015,1,1,Liverpool,Chelsea,1.83934,0.812268,0,1,0,EPL,11.846153846153847,8.222222222222221
451,,83,71,2016-05-15 18:00:00,,2015,4,0,Arsenal,Aston Villa,3.40207,0.222731,1,0,0,EPL,24.454545454545453,7.1875
452,,80,75,2016-05-15 18:00:00,,2015,1,1,Chelsea,Leicester,1.86065,1.23491,0,1,0,EPL,7.2631578947368425,14.8125
453,,72,79,2016-05-15 18:00:00,,2015,3,0,Everton,Norwich,2.40775,0.43016,1,0,0,EPL,9.095238095238095,6.758620689655173
454,,86,82,2016-05-15 18:00:00,,2015,5,1,Newcastle United,Tottenham,2.42808,0.869082,1,0,0,EPL,9.578947368421053,15.235294117647058
455,,74,78,2016-05-15 18:00:00,,2015,4,1,Southampton,Crystal Palace,2.32278,1.24857,1,0,0,EPL,9.68421052631579,10.789473684210526
456,,85,81,2016-05-15 18:00:00,,2015,2,1,Stoke,West Ham,0.288737,2.94489,1,0,0,EPL,12.055555555555555,17.53846153846154
457,,84,88,2016-05-15 18:00:00,,2015,1,1,Swansea,Manchester City,0.115604,2.04003,0,1,0,EPL,9.548387096774194,13.38888888888889
458,,90,77,2016-05-15 18:00:00,,2015,2,2,Watford,Sunderland,1.95277,0.908817,0,1,0,EPL,8.952380952380953,8.15
459,,76,87,2016-05-15 18:00:00,,2015,1,1,West Bromwich Albion,Liverpool,1.86869,0.419877,0,1,0,EPL,4.538461538461538,13.615384615384615
460,,89,73,2016-05-17 23:00:00,,2015,3,1,Manchester United,Bournemouth,1.72109,0.503471,1,0,0,EPL,16.38095238095238,11.368421052631579
461,,91,75,2016-08-13 15:30:00,,2016,2,1,Hull,Leicester,0.740018,2.45631,1,0,0,EPL,11.28,17.866666666666667
462,,78,76,2016-08-13 18:00:00,,2016,0,1,Crystal Palace,West Bromwich Albion,0.990062,0.684593,0,0,1,EPL,7.076923076923077,4.260869565217392
463,,72,82,2016-08-13 18:00:00,,2016,1,1,Everton,Tottenham,0.790063,1.12348,0,1,0,EPL,5.411764705882353,7.419354838709677
464,,92,84,2016-08-13 18:00:00,,2016,0,1,Burnley,Swansea,1.04903,1.72089,0,0,1,EPL,10.3125,10.952380952380953
465,,93,85,2016-08-13 18:00:00,,2016,1,1,Middlesbrough,Stoke,1.80523,0.485626,0,1,0,EPL,9.045454545454545,7.3125
466,,74,90,2016-08-13 18:00:00,,2016,1,1,Southampton,Watford,0.937328,0.180046,0,1,0,EPL,14.956521739130435,6.583333333333333
467,,88,77,2016-08-13 20:30:00,,2016,2,1,Manchester City,Sunderland,1.95479,1.09877,1,0,0,EPL,16.0,5.428571428571429
468,,73,89,2016-08-14 16:30:00,,2016,1,3,Bournemouth,Manchester United,0.522847,1.91105,0,0,1,EPL,10.52,14.625
469,,83,87,2016-08-14 19:00:00,,2016,3,4,Arsenal,Liverpool,1.18197,1.6591,0,0,1,EPL,9.586206896551724,8.666666666666666
470,,80,81,2016-08-15 23:00:00,,2016,2,1,Chelsea,West Ham,1.4603,0.445604,1,0,0,EPL,11.892857142857142,6.264705882352941
471,,89,74,2016-08-19 23:00:00,,2016,2,0,Manchester United,Southampton,1.36553,0.613233,1,0,0,EPL,6.870967741935484,17.2
472,,85,88,2016-08-20 15:30:00,,2016,1,4,Stoke,Manchester City,1.31066,2.17198,0,0,1,EPL,4.7272727272727275,13.31578947368421
473,,92,87,2016-08-20 18:00:00,,2016,2,0,Burnley,Liverpool,0.197536,0.939025,1,0,0,EPL,6.0,25.4375
474,,84,91,2016-08-20 18:00:00,,2016,0,2,Swansea,Hull,1.14134,2.18655,0,0,1,EPL,25.25,10.233333333333333
475,,82,78,2016-08-20 18:00:00,,2016,1,0,Tottenham,Crystal Palace,2.25623,0.357943,1,0,0,EPL,8.35483870967742,4.84375
476,,90,80,2016-08-20 18:00:00,,2016,1,2,Watford,Chelsea,0.804549,1.75595,0,0,1,EPL,8.375,9.866666666666667
477,,76,72,2016-08-20 18:00:00,,2016,1,2,West Bromwich Albion,Everton,2.01885,1.83897,0,0,1,EPL,4.857142857142857,11.88888888888889
478,,75,83,2016-08-20 20:30:00,,2016,0,0,Leicester,Arsenal,0.553693,0.521509,0,1,0,EPL,6.6521739130434785,7.444444444444445
479,,77,93,2016-08-21 16:30:00,,2016,1,2,Sunderland,Middlesbrough,1.4645,0.854908,0,0,1,EPL,5.875,9.96551724137931
480,,81,73,2016-08-21 19:00:00,,2016,1,0,West Ham,Bournemouth,1.69288,0.39341,1,0,0,EPL,7.478260869565218,7.4411764705882355
481,,82,87,2016-08-27 15:30:00,,2016,1,1,Tottenham,Liverpool,0.590511,1.92569,0,1,0,EPL,7.129032258064516,7.571428571428571
482,,90,83,2016-08-27 18:00:00,,2016,1,3,Watford,Arsenal,1.07775,2.03271,0,0,1,EPL,7.0344827586206895,9.862068965517242
483,,75,84,2016-08-27 18:00:00,,2016,2,1,Leicester,Swansea,2.47977,0.32818,1,0,0,EPL,11.333333333333334,5.857142857142857
484,,74,77,2016-08-27 18:00:00,,2016,1,1,Southampton,Sunderland,0.613743,1.39142,0,1,0,EPL,15.176470588235293,5.842105263157895
485,,80,92,2016-08-27 18:00:00,,2016,3,0,Chelsea,Burnley,2.65838,0.18449,1,0,0,EPL,14.291666666666666,16.642857142857142
486,,78,73,2016-08-27 18:00:00,,2016,1,1,Crystal Palace,Bournemouth,2.659,0.974014,0,1,0,EPL,12.947368421052632,4.882352941176471
487,,72,85,2016-08-27 18:00:00,,2016,1,0,Everton,Stoke,2.31835,0.187415,1,0,0,EPL,11.16,7.137931034482759
488,,91,89,2016-08-27 20:30:00,,2016,0,1,Hull,Manchester United,0.268815,2.47208,0,0,1,EPL,11.85,19.153846153846153
489,,76,93,2016-08-28 16:30:00,,2016,0,0,West Bromwich Albion,Middlesbrough,0.696845,0.396816,0,1,0,EPL,6.730769230769231,17.88888888888889
490,,88,81,2016-08-28 19:00:00,,2016,3,1,Manchester City,West Ham,3.21624,1.08385,1,0,0,EPL,13.615384615384615,5.615384615384615
491,,89,88,2016-09-10 15:30:00,,2016,1,2,Manchester United,Manchester City,1.01013,1.88688,0,0,1,EPL,5.057142857142857,11.074074074074074
492,,93,78,2016-09-10 18:00:00,,2016,1,2,Middlesbrough,Crystal Palace,0.611959,1.12437,0,0,1,EPL,16.842105263157894,9.304347826086957
493,,85,82,2016-09-10 18:00:00,,2016,0,4,Stoke,Tottenham,1.01771,2.77025,0,0,1,EPL,8.666666666666666,13.4
494,,83,74,2016-09-10 18:00:00,,2016,2,1,Arsenal,Southampton,1.89219,1.17522,1,0,0,EPL,12.375,10.782608695652174
495,,73,76,2016-09-10 18:00:00,,2016,1,0,Bournemouth,West Bromwich Albion,0.986511,1.48347,1,0,0,EPL,10.666666666666666,6.842105263157895
496,,92,91,2016-09-10 18:00:00,,2016,1,1,Burnley,Hull,0.453149,0.907116,0,1,0,EPL,12.777777777777779,13.931034482758621
497,,81,90,2016-09-10 18:00:00,,2016,2,4,West Ham,Watford,1.32216,1.85479,0,0,1,EPL,12.095238095238095,5.448275862068965
498,,87,75,2016-09-10 20:30:00,,2016,4,1,Liverpool,Leicester,2.76916,1.22508,1,0,0,EPL,14.772727272727273,15.3
499,,84,80,2016-09-11 19:00:00,,2016,2,2,Swansea,Chelsea,1.2304,2.19035,0,1,0,EPL,13.764705882352942,10.25
500,,77,72,2016-09-12 23:00:00,,2016,0,3,Sunderland,Everton,1.0404,2.84526,0,0,1,EPL,4.88,16.956521739130434
501,,80,87,2016-09-16 23:00:00,,2016,1,2,Chelsea,Liverpool,1.16415,1.41642,0,0,1,EPL,10.09375,14.705882352941176
502,,91,83,2016-09-17 18:00:00,,2016,1,4,Hull,Arsenal,0.969693,3.63453,0,0,1,EPL,10.818181818181818,37.1
503,,75,92,2016-09-17 18:00:00,,2016,3,0,Leicester,Burnley,1.98503,0.464523,1,0,0,EPL,15.0,9.736842105263158
504,,88,73,2016-09-17 18:00:00,,2016,4,0,Manchester City,Bournemouth,3.38733,0.389672,1,0,0,EPL,21.2,4.395348837209302
505,,76,81,2016-09-17 18:00:00,,2016,4,2,West Bromwich Albion,West Ham,1.94229,2.37422,1,0,0,EPL,4.517241379310345,19.263157894736842
506,,72,93,2016-09-17 20:30:00,,2016,3,1,Everton,Middlesbrough,1.17467,0.178081,1,0,0,EPL,9.472222222222221,24.23076923076923
507,,90,89,2016-09-18 15:00:00,,2016,3,1,Watford,Manchester United,1.74506,1.41359,1,0,0,EPL,6.055555555555555,11.476190476190476
508,,78,85,2016-09-18 17:15:00,,2016,4,1,Crystal Palace,Stoke,1.31366,1.20308,1,0,0,EPL,8.90625,6.0344827586206895
509,,74,84,2016-09-18 17:15:00,,2016,1,0,Southampton,Swansea,2.15218,0.490661,1,0,0,EPL,16.928571428571427,8.52
510,,82,77,2016-09-18 19:30:00,,2016,1,0,Tottenham,Sunderland,2.52591,0.960821,1,0,0,EPL,17.7,5.421052631578948
515,,84,88,2016-09-24 15:00:00,,2016,1,3,Swansea,Manchester City,1.11096,2.57704,0,0,1,EPL,9.956521739130435,11.428571428571429
511,,89,75,2016-09-24 15:30:00,,2016,4,1,Manchester United,Leicester,2.45604,0.286966,1,0,0,EPL,19.454545454545453,6.954545454545454
512,,93,82,2016-09-24 18:00:00,,2016,1,2,Middlesbrough,Tottenham,0.361508,1.4158,0,0,1,EPL,10.0,6.9
513,,85,76,2016-09-24 18:00:00,,2016,1,1,Stoke,West Bromwich Albion,0.979673,0.270862,0,1,0,EPL,7.8076923076923075,7.285714285714286
514,,77,78,2016-09-24 18:00:00,,2016,2,3,Sunderland,Crystal Palace,1.51457,1.7887,0,0,1,EPL,9.411764705882353,10.375
516,,87,91,2016-09-24 18:00:00,,2016,5,1,Liverpool,Hull,4.64913,0.157549,1,0,0,EPL,26.5,5.833333333333333
517,,73,72,2016-09-24 18:00:00,,2016,1,0,Bournemouth,Everton,0.693594,1.15724,1,0,0,EPL,8.25925925925926,8.571428571428571
518,,83,80,2016-09-24 20:30:00,,2016,3,0,Arsenal,Chelsea,1.66224,0.613553,1,0,0,EPL,11.8,11.416666666666666
519,,81,74,2016-09-25 19:00:00,,2016,0,3,West Ham,Southampton,0.693818,2.97877,0,0,1,EPL,9.227272727272727,11.826086956521738
520,,92,90,2016-09-26 23:00:00,,2016,2,0,Burnley,Watford,0.569734,0.776105,1,0,0,EPL,9.61111111111111,10.958333333333334
521,,72,78,2016-09-30 23:00:00,,2016,1,1,Everton,Crystal Palace,1.1542,0.47692,0,1,0,EPL,11.1875,5.08
522,,84,87,2016-10-01 15:30:00,,2016,1,2,Swansea,Liverpool,2.65842,2.02239,0,0,1,EPL,9.16,13.857142857142858
523,,77,76,2016-10-01 18:00:00,,2016,1,1,Sunderland,West Bromwich Albion,1.19268,0.88211,0,1,0,EPL,20.0,7.545454545454546
524,,91,80,2016-10-01 18:00:00,,2016,0,2,Hull,Chelsea,0.27266,1.99155,0,0,1,EPL,11.095238095238095,14.789473684210526
525,,90,73,2016-10-01 18:00:00,,2016,2,2,Watford,Bournemouth,1.23419,1.35487,0,1,0,EPL,9.0,6.464285714285714
526,,81,93,2016-10-01 18:00:00,,2016,1,1,West Ham,Middlesbrough,0.883385,0.852603,0,1,0,EPL,7.458333333333333,11.538461538461538
527,,89,85,2016-10-02 15:00:00,,2016,1,1,Manchester United,Stoke,2.80988,1.20043,0,1,0,EPL,21.076923076923077,4.206896551724138
528,,75,74,2016-10-02 17:15:00,,2016,0,0,Leicester,Southampton,0.446309,0.920963,0,1,0,EPL,10.952380952380953,19.4
529,,82,88,2016-10-02 17:15:00,,2016,2,0,Tottenham,Manchester City,1.69975,0.909513,1,0,0,EPL,7.136363636363637,5.909090909090909
530,,92,83,2016-10-02 19:30:00,,2016,0,1,Burnley,Arsenal,0.608783,1.85433,0,0,1,EPL,7.833333333333333,29.916666666666668
531,,80,75,2016-10-15 15:30:00,,2016,3,0,Chelsea,Leicester,3.11573,0.182549,1,0,0,EPL,12.8,11.217391304347826
532,,83,84,2016-10-15 18:00:00,,2016,3,2,Arsenal,Swansea,3.50519,1.74979,1,0,0,EPL,8.571428571428571,13.0
533,,73,91,2016-10-15 18:00:00,,2016,6,1,Bournemouth,Hull,2.92532,0.388589,1,0,0,EPL,16.647058823529413,7.472222222222222
534,,88,72,2016-10-15 18:00:00,,2016,1,1,Manchester City,Everton,2.69208,0.144498,0,1,0,EPL,24.416666666666668,5.9
535,,85,77,2016-10-15 18:00:00,,2016,2,0,Stoke,Sunderland,2.29543,0.587572,1,0,0,EPL,14.263157894736842,11.375
536,,76,82,2016-10-15 18:00:00,,2016,1,1,West Bromwich Albion,Tottenham,1.30365,1.32318,0,1,0,EPL,4.2105263157894735,15.476190476190476
537,,78,81,2016-10-15 20:30:00,,2016,0,1,Crystal Palace,West Ham,1.94599,0.874219,0,0,1,EPL,8.0,11.8
538,,93,90,2016-10-16 16:30:00,,2016,0,1,Middlesbrough,Watford,0.528576,0.0893749,0,0,1,EPL,15.052631578947368,5.464285714285714
539,,74,92,2016-10-16 19:00:00,,2016,3,1,Southampton,Burnley,4.21181,1.03126,1,0,0,EPL,16.529411764705884,18.11111111111111
540,,87,89,2016-10-17 23:00:00,,2016,0,0,Liverpool,Manchester United,0.270441,0.537762,0,1,0,EPL,9.236842105263158,4.515151515151516
541,,73,82,2016-10-22 15:30:00,,2016,0,0,Bournemouth,Tottenham,0.523371,0.74529,0,1,0,EPL,5.464285714285714,11.24
542,,81,77,2016-10-22 18:00:00,,2016,1,0,West Ham,Sunderland,1.19585,0.808339,1,0,0,EPL,12.571428571428571,5.64
543,,84,90,2016-10-22 18:00:00,,2016,0,0,Swansea,Watford,1.33215,0.478578,0,1,0,EPL,7.925925925925926,7.551724137931035
544,,75,78,2016-10-22 18:00:00,,2016,3,1,Leicester,Crystal Palace,1.7041,1.656,1,0,0,EPL,7.217391304347826,8.65625
545,,91,85,2016-10-22 18:00:00,,2016,0,2,Hull,Stoke,0.701606,1.04273,0,0,1,EPL,11.681818181818182,9.10344827586207
546,,92,72,2016-10-22 18:00:00,,2016,2,1,Burnley,Everton,0.905579,0.752795,1,0,0,EPL,8.9375,8.875
547,,83,93,2016-10-22 18:00:00,,2016,0,0,Arsenal,Middlesbrough,0.711811,1.55581,0,1,0,EPL,20.5,4.578947368421052
548,,87,76,2016-10-22 20:30:00,,2016,2,1,Liverpool,West Bromwich Albion,2.2952,0.685982,1,0,0,EPL,18.3,8.117647058823529
549,,88,74,2016-10-23 16:30:00,,2016,1,1,Manchester City,Southampton,1.15321,0.563752,0,1,0,EPL,11.0,6.304347826086956
550,,80,89,2016-10-23 19:00:00,,2016,4,0,Chelsea,Manchester United,2.25192,0.742805,1,0,0,EPL,6.472222222222222,9.08
2677,,77,83,2016-10-29 15:30:00,,2016,1,4,Sunderland,Arsenal,0.853434,2.48348,0,0,1,EPL,6.333333333333333,13.956521739130435
2678,,82,75,2016-10-29 18:00:00,,2016,1,1,Tottenham,Leicester,1.69833,0.740987,0,1,0,EPL,8.090909090909092,7.4
2679,,90,91,2016-10-29 18:00:00,,2016,1,0,Watford,Hull,1.14991,0.251367,1,0,0,EPL,19.333333333333332,8.272727272727273
2680,,76,88,2016-10-29 18:00:00,,2016,0,4,West Bromwich Albion,Manchester City,0.596605,2.48018,0,0,1,EPL,7.681818181818182,16.208333333333332
2681,,93,73,2016-10-29 18:00:00,,2016,2,0,Middlesbrough,Bournemouth,1.44317,1.54599,1,0,0,EPL,9.904761904761905,9.791666666666666
2682,,89,92,2016-10-29 18:00:00,,2016,0,0,Manchester United,Burnley,2.72391,0.327957,0,1,0,EPL,20.933333333333334,8.461538461538462
2683,,78,87,2016-10-29 20:30:00,,2016,2,4,Crystal Palace,Liverpool,0.496044,2.26056,0,0,1,EPL,9.26086956521739,10.91304347826087
2684,,72,81,2016-10-30 17:30:00,,2016,2,0,Everton,West Ham,2.0087,0.944816,1,0,0,EPL,10.9,11.761904761904763
2685,,74,80,2016-10-30 20:00:00,,2016,0,2,Southampton,Chelsea,0.422364,1.14759,0,0,1,EPL,12.473684210526315,7.172413793103448
2686,,85,84,2016-11-01 00:00:00,,2016,3,1,Stoke,Swansea,2.16407,1.10058,1,0,0,EPL,7.875,17.933333333333334
2687,,73,77,2016-11-05 19:00:00,,2016,1,2,Bournemouth,Sunderland,2.6457,1.13672,0,0,1,EPL,10.208333333333334,4.3
2688,,92,78,2016-11-05 19:00:00,,2016,3,2,Burnley,Crystal Palace,2.25738,2.05902,1,0,0,EPL,7.454545454545454,19.6
2689,,88,93,2016-11-05 19:00:00,,2016,1,1,Manchester City,Middlesbrough,2.49606,0.208762,0,1,0,EPL,11.666666666666666,5.28
2690,,81,85,2016-11-05 19:00:00,,2016,1,1,West Ham,Stoke,0.404528,0.81046,0,1,0,EPL,18.470588235294116,10.117647058823529
2691,,80,72,2016-11-05 21:30:00,,2016,5,0,Chelsea,Everton,1.94078,0.0131321,1,0,0,EPL,13.357142857142858,13.047619047619047
2692,,83,82,2016-11-06 16:00:00,,2016,1,1,Arsenal,Tottenham,0.675745,1.19585,0,1,0,EPL,6.8,6.951219512195122
2693,,87,90,2016-11-06 18:15:00,,2016,6,1,Liverpool,Watford,4.18366,0.771133,1,0,0,EPL,16.470588235294116,6.161290322580645
2694,,91,74,2016-11-06 18:15:00,,2016,2,1,Hull,Southampton,0.561215,2.03046,1,0,0,EPL,6.769230769230769,30.454545454545453
2695,,84,89,2016-11-06 19:00:00,,2016,1,3,Swansea,Manchester United,0.51266,1.00006,0,0,1,EPL,11.68,26.58823529411765
2696,,75,76,2016-11-06 20:30:00,,2016,1,2,Leicester,West Bromwich Albion,0.629678,0.78196,0,0,1,EPL,9.851851851851851,8.736842105263158
2697,,89,83,2016-11-19 16:30:00,,2016,1,1,Manchester United,Arsenal,0.511462,0.575813,0,1,0,EPL,10.666666666666666,6.390243902439025
2698,,74,87,2016-11-19 19:00:00,,2016,0,0,Southampton,Liverpool,0.0942055,1.68802,0,1,0,EPL,4.439024390243903,19.11764705882353
2699,,85,73,2016-11-19 19:00:00,,2016,0,1,Stoke,Bournemouth,1.60429,1.24012,0,0,1,EPL,6.035714285714286,6.541666666666667
2700,,77,91,2016-11-19 19:00:00,,2016,3,0,Sunderland,Hull,0.951511,1.25065,1,0,0,EPL,10.666666666666666,16.0
2701,,90,75,2016-11-19 19:00:00,,2016,2,1,Watford,Leicester,0.7197,1.19686,1,0,0,EPL,5.107142857142857,9.095238095238095
2702,,72,84,2016-11-19 19:00:00,,2016,1,1,Everton,Swansea,1.54877,1.07471,0,1,0,EPL,12.95,5.64
2703,,78,88,2016-11-19 19:00:00,,2016,1,2,Crystal Palace,Manchester City,0.431559,1.39421,0,0,1,EPL,5.409090909090909,6.705882352941177
2704,,82,81,2016-11-19 21:30:00,,2016,3,2,Tottenham,West Ham,2.53396,1.76706,1,0,0,EPL,14.576923076923077,4.741935483870968
2705,,93,80,2016-11-20 20:00:00,,2016,0,1,Middlesbrough,Chelsea,0.55976,1.68738,0,0,1,EPL,10.310344827586206,12.416666666666666
2706,,76,92,2016-11-22 00:00:00,,2016,4,0,West Bromwich Albion,Burnley,1.40512,0.571005,1,0,0,EPL,8.727272727272727,21.428571428571427
2707,,92,88,2016-11-26 16:30:00,,2016,1,2,Burnley,Manchester City,0.475642,2.25698,0,0,1,EPL,4.0,14.85
2708,,91,76,2016-11-26 19:00:00,,2016,1,1,Hull,West Bromwich Albion,0.424457,1.40213,0,1,0,EPL,18.933333333333334,10.15
2709,,84,78,2016-11-26 19:00:00,,2016,5,4,Swansea,Crystal Palace,3.3955,2.28156,1,0,0,EPL,8.590909090909092,5.153846153846154
2710,,87,77,2016-11-26 19:00:00,,2016,2,0,Liverpool,Sunderland,2.02461,0.291073,1,0,0,EPL,25.923076923076923,4.352941176470588
2711,,75,93,2016-11-26 19:00:00,,2016,2,2,Leicester,Middlesbrough,2.0478,0.425252,0,1,0,EPL,6.7272727272727275,11.814814814814815
2712,,80,82,2016-11-26 21:30:00,,2016,2,1,Chelsea,Tottenham,1.24948,0.422568,1,0,0,EPL,6.2727272727272725,9.153846153846153
2713,,90,85,2016-11-27 16:00:00,,2016,0,1,Watford,Stoke,0.541915,0.704736,0,0,1,EPL,7.681818181818182,5.026315789473684
2714,,83,73,2016-11-27 18:15:00,,2016,3,1,Arsenal,Bournemouth,2.8697,2.0491,1,0,0,EPL,12.38888888888889,8.074074074074074
2715,,74,72,2016-11-27 20:30:00,,2016,1,0,Southampton,Everton,2.80562,0.615174,1,0,0,EPL,8.576923076923077,6.428571428571429
2716,,89,81,2016-11-27 20:30:00,,2016,1,1,Manchester United,West Ham,1.44452,0.749388,0,1,0,EPL,13.08695652173913,3.6176470588235294
3108,,77,75,2016-12-03 15:00:00,,2016,2,1,Sunderland,Leicester,1.4282,1.13791,1,0,0,EPL,6.896551724137931,11.428571428571429
3105,,88,80,2016-12-03 16:30:00,,2016,1,3,Manchester City,Chelsea,2.24061,1.2848,0,0,1,EPL,13.476190476190476,5.705882352941177
3106,,78,74,2016-12-03 19:00:00,,2016,3,0,Crystal Palace,Southampton,2.20073,0.764357,1,0,0,EPL,5.285714285714286,8.384615384615385
3107,,85,92,2016-12-03 19:00:00,,2016,2,0,Stoke,Burnley,1.12929,0.773995,1,0,0,EPL,8.689655172413794,11.538461538461538
3109,,82,84,2016-12-03 19:00:00,,2016,5,0,Tottenham,Swansea,3.9767,0.0342109,1,0,0,EPL,12.555555555555555,8.444444444444445
3110,,76,90,2016-12-03 19:00:00,,2016,3,1,West Bromwich Albion,Watford,1.17737,1.476,1,0,0,EPL,7.444444444444445,17.285714285714285
3111,,81,83,2016-12-03 21:30:00,,2016,1,5,West Ham,Arsenal,0.882486,2.96923,0,0,1,EPL,13.61111111111111,7.67741935483871
3112,,73,87,2016-12-04 17:30:00,,2016,4,3,Bournemouth,Liverpool,2.54396,1.26532,1,0,0,EPL,6.967741935483871,16.263157894736842
3113,,72,89,2016-12-04 20:00:00,,2016,1,1,Everton,Manchester United,1.64985,0.541299,0,1,0,EPL,6.642857142857143,8.333333333333334
3114,,93,91,2016-12-06 00:00:00,,2016,1,0,Middlesbrough,Hull,1.94961,0.221339,1,0,0,EPL,28.416666666666668,11.272727272727273
3115,,90,72,2016-12-10 16:30:00,,2016,3,2,Watford,Everton,1.49271,1.09675,1,0,0,EPL,8.85,8.0
3116,,91,78,2016-12-10 19:00:00,,2016,3,3,Hull,Crystal Palace,2.16649,1.50059,0,1,0,EPL,17.416666666666668,7.0
3117,,84,77,2016-12-10 19:00:00,,2016,3,0,Swansea,Sunderland,2.18185,0.672058,1,0,0,EPL,13.68421052631579,5.76
3118,,83,85,2016-12-10 19:00:00,,2016,3,1,Arsenal,Stoke,1.58027,1.29401,1,0,0,EPL,14.9375,5.44
3119,,92,73,2016-12-10 19:00:00,,2016,3,2,Burnley,Bournemouth,2.15178,1.00194,1,0,0,EPL,3.6363636363636362,12.61111111111111
3120,,75,88,2016-12-10 21:30:00,,2016,4,2,Leicester,Manchester City,2.60583,0.970372,1,0,0,EPL,6.545454545454546,17.0
3121,,80,76,2016-12-11 16:00:00,,2016,1,0,Chelsea,West Bromwich Albion,0.551109,0.212574,1,0,0,EPL,10.692307692307692,5.857142857142857
3122,,89,82,2016-12-11 18:15:00,,2016,1,0,Manchester United,Tottenham,1.04894,0.720341,1,0,0,EPL,4.166666666666667,6.1
3123,,74,93,2016-12-11 18:15:00,,2016,1,0,Southampton,Middlesbrough,1.72919,0.493941,1,0,0,EPL,9.96551724137931,9.125
3124,,87,81,2016-12-11 20:30:00,,2016,2,2,Liverpool,West Ham,1.79134,0.64998,0,1,0,EPL,21.933333333333334,9.714285714285714
3125,,73,75,2016-12-13 23:45:00,,2016,1,0,Bournemouth,Leicester,0.64118,1.6751,1,0,0,EPL,10.851851851851851,7.444444444444445
3126,,72,83,2016-12-13 23:45:00,,2016,2,1,Everton,Arsenal,1.46034,1.3508,1,0,0,EPL,6.074074074074074,11.458333333333334
3127,,93,87,2016-12-14 23:45:00,,2016,0,3,Middlesbrough,Liverpool,0.161583,2.13526,0,0,1,EPL,7.0606060606060606,18.0
3128,,77,80,2016-12-14 23:45:00,,2016,0,1,Sunderland,Chelsea,0.473979,1.22459,0,0,1,EPL,8.705882352941176,16.72222222222222
3129,,81,92,2016-12-14 23:45:00,,2016,1,0,West Ham,Burnley,1.67016,0.923353,1,0,0,EPL,12.35,15.88888888888889
3130,,78,89,2016-12-15 00:00:00,,2016,1,2,Crystal Palace,Manchester United,0.710324,1.27306,0,0,1,EPL,7.689655172413793,16.210526315789473
3131,,76,84,2016-12-15 00:00:00,,2016,3,1,West Bromwich Albion,Swansea,1.78268,1.07221,1,0,0,EPL,10.058823529411764,15.0
3132,,88,90,2016-12-15 00:00:00,,2016,2,0,Manchester City,Watford,1.62359,0.497462,1,0,0,EPL,12.333333333333334,3.4
3133,,85,74,2016-12-15 00:00:00,,2016,0,0,Stoke,Southampton,0.333754,0.723114,0,1,0,EPL,3.1481481481481484,56.75
3134,,82,91,2016-12-15 00:00:00,,2016,3,0,Tottenham,Hull,2.83077,0.570636,1,0,0,EPL,15.296296296296296,16.727272727272727
3135,,78,80,2016-12-17 16:30:00,,2016,0,1,Crystal Palace,Chelsea,0.356331,0.81444,0,0,1,EPL,12.523809523809524,9.142857142857142
3136,,93,84,2016-12-17 19:00:00,,2016,3,0,Middlesbrough,Swansea,1.71549,0.602249,1,0,0,EPL,9.8,17.6875
3137,,81,91,2016-12-17 19:00:00,,2016,1,0,West Ham,Hull,1.92151,1.13479,1,0,0,EPL,16.214285714285715,8.0
3138,,85,75,2016-12-17 19:00:00,,2016,2,2,Stoke,Leicester,2.518,1.25572,0,1,0,EPL,16.77777777777778,9.411764705882353
3139,,77,90,2016-12-17 19:00:00,,2016,1,0,Sunderland,Watford,1.13526,1.07552,1,0,0,EPL,5.9,8.714285714285714
3140,,76,89,2016-12-17 21:30:00,,2016,0,2,West Bromwich Albion,Manchester United,0.600426,0.983306,0,0,1,EPL,8.08695652173913,15.952380952380953
3141,,73,74,2016-12-18 17:30:00,,2016,1,3,Bournemouth,Southampton,0.492912,1.69451,0,0,1,EPL,8.391304347826088,12.818181818181818
3142,,88,83,2016-12-18 20:00:00,,2016,2,1,Manchester City,Arsenal,1.5186,0.609893,1,0,0,EPL,17.41176470588235,6.25
3143,,82,92,2016-12-18 20:00:00,,2016,2,1,Tottenham,Burnley,1.50755,1.17031,1,0,0,EPL,8.692307692307692,8.9375
3144,,72,87,2016-12-20 00:00:00,,2016,0,1,Everton,Liverpool,0.456788,1.87823,0,0,1,EPL,5.761904761904762,14.571428571428571
3148,,75,72,2016-12-26 15:00:00,,2016,0,2,Leicester,Everton,0.377464,1.25512,0,0,1,EPL,9.764705882352942,10.73076923076923
3145,,90,78,2016-12-26 16:30:00,,2016,1,1,Watford,Crystal Palace,0.959496,1.53834,0,1,0,EPL,7.380952380952381,5.076923076923077
3146,,84,81,2016-12-26 19:00:00,,2016,1,4,Swansea,West Ham,0.954864,3.40585,0,0,1,EPL,18.22222222222222,9.08
3147,,89,77,2016-12-26 19:00:00,,2016,3,1,Manchester United,Sunderland,2.32117,0.488541,1,0,0,EPL,16.88888888888889,17.818181818181817
3149,,83,76,2016-12-26 19:00:00,,2016,1,0,Arsenal,West Bromwich Albion,1.97881,0.687502,1,0,0,EPL,24.153846153846153,4.448275862068965
3150,,92,93,2016-12-26 19:00:00,,2016,1,0,Burnley,Middlesbrough,0.275704,0.698814,1,0,0,EPL,5.583333333333333,9.363636363636363
3151,,80,73,2016-12-26 19:00:00,,2016,3,0,Chelsea,Bournemouth,1.71303,0.650942,1,0,0,EPL,9.565217391304348,13.37037037037037
3152,,91,88,2016-12-26 21:15:00,,2016,0,3,Hull,Manchester City,0.350069,2.22237,0,0,1,EPL,11.538461538461538,16.166666666666668
3153,,87,85,2016-12-27 21:15:00,,2016,4,1,Liverpool,Stoke,1.66669,0.389104,1,0,0,EPL,15.954545454545455,6.068965517241379
3154,,74,82,2016-12-28 23:45:00,,2016,1,4,Southampton,Tottenham,0.403743,1.61035,0,0,1,EPL,6.0,15.285714285714286
3155,,91,72,2016-12-31 00:00:00,,2016,2,2,Hull,Everton,0.852585,1.27757,0,1,0,EPL,7.642857142857143,12.0
3156,,75,81,2016-12-31 15:00:00,,2016,1,0,Leicester,West Ham,1.10842,1.58333,1,0,0,EPL,9.428571428571429,14.736842105263158
3159,,89,93,2016-12-31 15:00:00,,2016,2,1,Manchester United,Middlesbrough,2.53996,0.64492,1,0,0,EPL,15.11111111111111,8.565217391304348
3157,,92,77,2016-12-31 19:00:00,,2016,4,1,Burnley,Sunderland,2.72471,0.465701,1,0,0,EPL,10.235294117647058,10.217391304347826
3158,,80,85,2016-12-31 19:00:00,,2016,4,2,Chelsea,Stoke,1.94737,0.858417,1,0,0,EPL,19.923076923076923,8.0
3160,,74,76,2016-12-31 19:00:00,,2016,1,2,Southampton,West Bromwich Albion,0.371668,0.6675,0,0,1,EPL,9.393939393939394,3.8333333333333335
3161,,84,73,2016-12-31 19:00:00,,2016,0,3,Swansea,Bournemouth,0.515218,2.43608,0,0,1,EPL,12.25,12.555555555555555
3162,,87,88,2016-12-31 21:30:00,,2016,1,0,Liverpool,Manchester City,0.256825,0.352445,1,0,0,EPL,8.545454545454545,9.513513513513514
3328,,90,82,2017-01-01 13:30:00,,2016,1,4,Watford,Tottenham,1.26331,3.06509,0,0,1,EPL,7.9375,15.318181818181818
3329,,83,78,2017-01-01 20:00:00,,2016,2,0,Arsenal,Crystal Palace,1.67138,0.221469,1,0,0,EPL,22.857142857142858,6.230769230769231
3331,,72,74,2017-01-02 15:00:00,,2016,3,0,Everton,Southampton,2.34997,1.01083,1,0,0,EPL,5.394736842105263,11.0
3332,,88,92,2017-01-02 15:00:00,,2016,2,1,Manchester City,Burnley,0.617412,0.642111,1,0,0,EPL,13.157894736842104,11.529411764705882
3330,,93,75,2017-01-02 16:30:00,,2016,0,0,Middlesbrough,Leicester,0.697108,0.477078,0,1,0,EPL,9.366666666666667,7.0
3333,,76,91,2017-01-02 19:00:00,,2016,3,1,West Bromwich Albion,Hull,0.883566,0.992341,1,0,0,EPL,11.8125,19.4
3334,,77,87,2017-01-02 19:00:00,,2016,2,2,Sunderland,Liverpool,1.91057,2.332,0,1,0,EPL,8.705882352941176,19.57894736842105
3335,,81,89,2017-01-02 21:15:00,,2016,0,2,West Ham,Manchester United,0.799911,1.64905,0,0,1,EPL,7.0625,19.526315789473685
3336,,73,83,2017-01-03 23:45:00,,2016,3,3,Bournemouth,Arsenal,1.55859,1.12629,0,1,0,EPL,6.75,11.6
3337,,78,84,2017-01-04 00:00:00,,2016,1,2,Crystal Palace,Swansea,0.331276,1.18905,0,0,1,EPL,11.095238095238095,7.515151515151516
3338,,85,90,2017-01-04 00:00:00,,2016,2,0,Stoke,Watford,1.85359,0.510395,1,0,0,EPL,7.962962962962963,12.0
3339,,82,80,2017-01-05 00:00:00,,2016,2,0,Tottenham,Chelsea,1.00945,0.912754,1,0,0,EPL,13.421052631578947,11.071428571428571
3340,,82,76,2017-01-14 16:30:00,,2016,4,0,Tottenham,West Bromwich Albion,2.65474,0.165019,1,0,0,EPL,12.666666666666666,5.086956521739131
3341,,90,93,2017-01-14 19:00:00,,2016,0,0,Watford,Middlesbrough,0.835827,0.325347,0,1,0,EPL,9.722222222222221,11.136363636363637
3342,,77,85,2017-01-14 19:00:00,,2016,1,3,Sunderland,Stoke,1.1365,1.22897,0,0,1,EPL,11.4,7.793103448275862
3343,,84,83,2017-01-14 19:00:00,,2016,0,4,Swansea,Arsenal,0.488485,2.31811,0,0,1,EPL,7.617647058823529,14.083333333333334
3344,,91,73,2017-01-14 19:00:00,,2016,3,1,Hull,Bournemouth,1.18904,1.43455,1,0,0,EPL,12.466666666666667,12.958333333333334
3345,,92,74,2017-01-14 19:00:00,,2016,1,0,Burnley,Southampton,0.464555,0.962065,1,0,0,EPL,6.285714285714286,9.0
3346,,81,78,2017-01-14 19:00:00,,2016,3,0,West Ham,Crystal Palace,1.72338,1.06181,1,0,0,EPL,8.095238095238095,12.95
3347,,75,80,2017-01-14 21:30:00,,2016,0,3,Leicester,Chelsea,0.179144,0.738826,0,0,1,EPL,8.25,21.705882352941178
3349,,89,87,2017-01-15 16:00:00,,2016,1,1,Manchester United,Liverpool,1.03178,1.46058,0,1,0,EPL,9.851851851851851,6.5625
3348,,72,88,2017-01-15 17:30:00,,2016,4,0,Everton,Manchester City,0.572528,0.569286,1,0,0,EPL,5.6521739130434785,17.0
3350,,87,84,2017-01-21 15:30:00,,2016,2,3,Liverpool,Swansea,1.24037,1.60482,0,0,1,EPL,38.36363636363637,4.78125
3351,,93,81,2017-01-21 18:00:00,,2016,1,3,Middlesbrough,West Ham,0.958825,2.6558,0,0,1,EPL,15.105263157894736,9.333333333333334
3352,,73,90,2017-01-21 18:00:00,,2016,2,2,Bournemouth,Watford,1.14791,1.08731,0,1,0,EPL,7.962962962962963,11.846153846153847
3353,,78,72,2017-01-21 18:00:00,,2016,0,1,Crystal Palace,Everton,0.463733,0.949561,0,0,1,EPL,12.4,12.941176470588236
3354,,85,89,2017-01-21 18:00:00,,2016,1,1,Stoke,Manchester United,0.353777,1.74295,0,1,0,EPL,7.208333333333333,12.130434782608695
3355,,76,77,2017-01-21 18:00:00,,2016,2,0,West Bromwich Albion,Sunderland,1.3279,0.440887,1,0,0,EPL,9.333333333333334,10.428571428571429
3356,,88,82,2017-01-21 20:30:00,,2016,2,2,Manchester City,Tottenham,2.52702,1.12391,0,1,0,EPL,11.842105263157896,7.258064516129032
3357,,74,75,2017-01-22 15:00:00,,2016,3,0,Southampton,Leicester,2.49923,0.935866,1,0,0,EPL,11.68421052631579,5.636363636363637
3358,,83,92,2017-01-22 17:15:00,,2016,2,1,Arsenal,Burnley,1.86443,1.29948,1,0,0,EPL,17.764705882352942,8.214285714285714
3359,,80,91,2017-01-22 19:30:00,,2016,2,0,Chelsea,Hull,1.47165,0.314532,1,0,0,EPL,9.607142857142858,15.238095238095237
3360,,83,90,2017-01-31 22:45:00,,2016,1,2,Arsenal,Watford,1.07765,0.918309,0,0,1,EPL,10.151515151515152,4.1
3361,,73,78,2017-01-31 22:45:00,,2016,0,2,Bournemouth,Crystal Palace,0.32099,1.60667,0,0,1,EPL,6.935483870967742,3.090909090909091
3362,,92,75,2017-01-31 22:45:00,,2016,1,0,Burnley,Leicester,1.82995,0.775645,1,0,0,EPL,18.666666666666668,6.315789473684211
3363,,93,76,2017-01-31 22:45:00,,2016,1,1,Middlesbrough,West Bromwich Albion,1.18135,1.25288,0,1,0,EPL,11.818181818181818,6.176470588235294
3364,,77,82,2017-01-31 22:45:00,,2016,0,0,Sunderland,Tottenham,0.228009,0.682758,0,1,0,EPL,7.583333333333333,11.590909090909092
3365,,84,74,2017-01-31 22:45:00,,2016,2,1,Swansea,Southampton,0.760046,0.907103,1,0,0,EPL,9.153846153846153,15.772727272727273
3366,,87,80,2017-01-31 23:00:00,,2016,1,1,Liverpool,Chelsea,1.20485,1.0666,0,1,0,EPL,11.392857142857142,6.387096774193548
3367,,81,88,2017-02-01 22:45:00,,2016,0,4,West Ham,Manchester City,0.49472,2.66472,0,0,1,EPL,6.565217391304348,14.612903225806452
3368,,89,91,2017-02-01 23:00:00,,2016,0,0,Manchester United,Hull,1.48151,0.395896,0,1,0,EPL,19.58823529411765,5.709677419354839
3369,,85,72,2017-02-01 23:00:00,,2016,1,1,Stoke,Everton,1.7362,0.870158,0,1,0,EPL,13.933333333333334,8.53125
3370,,80,83,2017-02-04 12:30:00,,2016,3,1,Chelsea,Arsenal,1.95451,0.950035,1,0,0,EPL,9.0,7.944444444444445
3371,,78,77,2017-02-04 15:00:00,,2016,0,4,Crystal Palace,Sunderland,2.45994,0.837361,0,0,1,EPL,19.153846153846153,5.241379310344827
3372,,72,73,2017-02-04 15:00:00,,2016,6,3,Everton,Bournemouth,2.75981,2.1501,1,0,0,EPL,11.08,24.5
3373,,91,87,2017-02-04 15:00:00,,2016,2,0,Hull,Liverpool,1.88587,1.12538,1,0,0,EPL,4.818181818181818,33.333333333333336
3374,,90,92,2017-02-04 15:00:00,,2016,2,1,Watford,Burnley,1.66308,1.4777,1,0,0,EPL,11.380952380952381,9.61111111111111
3375,,76,85,2017-02-04 15:00:00,,2016,1,0,West Bromwich Albion,Stoke,1.84983,1.10818,1,0,0,EPL,5.68,29.875
3376,,74,81,2017-02-04 15:00:00,,2016,1,3,Southampton,West Ham,1.06276,0.91785,0,0,1,EPL,9.448275862068966,10.142857142857142
3377,,82,93,2017-02-04 17:30:00,,2016,1,0,Tottenham,Middlesbrough,2.10053,0.50484,1,0,0,EPL,18.5,7.142857142857143
3378,,88,84,2017-02-05 13:30:00,,2016,2,1,Manchester City,Swansea,2.87972,0.11445,1,0,0,EPL,20.38888888888889,9.176470588235293
3379,,75,89,2017-02-05 16:00:00,,2016,0,3,Leicester,Manchester United,0.492009,1.98688,0,0,1,EPL,6.2,19.823529411764707
3380,,83,91,2017-02-11 12:30:00,,2016,2,0,Arsenal,Hull,3.1235,0.466403,1,0,0,EPL,11.318181818181818,10.73913043478261
3381,,89,90,2017-02-11 15:00:00,,2016,2,0,Manchester United,Watford,2.627,0.641058,1,0,0,EPL,13.04,9.25925925925926
3382,,93,72,2017-02-11 15:00:00,,2016,0,0,Middlesbrough,Everton,0.651056,0.831644,0,1,0,EPL,7.243243243243243,13.851851851851851
3383,,85,78,2017-02-11 15:00:00,,2016,1,0,Stoke,Crystal Palace,0.720883,0.202159,1,0,0,EPL,6.515151515151516,7.076923076923077
3384,,77,74,2017-02-11 15:00:00,,2016,0,4,Sunderland,Southampton,0.197925,1.72717,0,0,1,EPL,8.34375,13.0
3385,,81,76,2017-02-11 15:00:00,,2016,2,2,West Ham,West Bromwich Albion,1.17553,0.769974,0,1,0,EPL,13.863636363636363,7.166666666666667
3386,,87,82,2017-02-11 17:30:00,,2016,2,0,Liverpool,Tottenham,2.38009,0.622104,1,0,0,EPL,7.714285714285714,6.8125
3387,,92,80,2017-02-12 13:30:00,,2016,1,1,Burnley,Chelsea,0.906366,0.800222,0,1,0,EPL,5.545454545454546,16.291666666666668
3388,,84,75,2017-02-12 16:00:00,,2016,2,0,Swansea,Leicester,0.693376,0.672883,1,0,0,EPL,11.73913043478261,13.842105263157896
3389,,73,88,2017-02-13 20:00:00,,2016,0,2,Bournemouth,Manchester City,0.152385,2.953,0,0,1,EPL,7.64,16.095238095238095
3391,,80,84,2017-02-25 15:00:00,,2016,3,1,Chelsea,Swansea,1.22573,0.280172,1,0,0,EPL,15.296296296296296,10.428571428571429
3392,,78,93,2017-02-25 15:00:00,,2016,1,0,Crystal Palace,Middlesbrough,0.808522,0.82885,1,0,0,EPL,6.2272727272727275,8.419354838709678
3393,,72,77,2017-02-25 15:00:00,,2016,2,0,Everton,Sunderland,1.70366,0.505952,1,0,0,EPL,17.88235294117647,5.9523809523809526
3394,,91,92,2017-02-25 15:00:00,,2016,1,1,Hull,Burnley,1.59037,0.473058,0,1,0,EPL,15.3125,14.428571428571429
3395,,76,73,2017-02-25 15:00:00,,2016,2,1,West Bromwich Albion,Bournemouth,1.6124,1.22747,1,0,0,EPL,13.6,16.38095238095238
3396,,90,81,2017-02-25 17:30:00,,2016,1,1,Watford,West Ham,1.21279,1.48144,0,1,0,EPL,4.285714285714286,11.521739130434783
3397,,82,85,2017-02-26 13:30:00,,2016,4,0,Tottenham,Stoke,1.89002,0.743596,1,0,0,EPL,15.954545454545455,8.714285714285714
3399,,75,87,2017-02-27 20:00:00,,2016,3,1,Leicester,Liverpool,1.54732,0.789939,1,0,0,EPL,3.7142857142857144,13.818181818181818
3402,,89,73,2017-03-04 12:30:00,,2016,1,1,Manchester United,Bournemouth,2.5377,0.816172,0,1,0,EPL,20.333333333333332,5.827586206896552
3400,,75,91,2017-03-04 15:00:00,,2016,3,1,Leicester,Hull,1.81255,1.1216,1,0,0,EPL,6.954545454545454,8.241379310344827
3403,,85,93,2017-03-04 15:00:00,,2016,2,0,Stoke,Middlesbrough,2.97584,0.274611,1,0,0,EPL,5.8,6.724137931034483
3405,,84,92,2017-03-04 15:00:00,,2016,3,2,Swansea,Burnley,1.44545,0.933851,1,0,0,EPL,12.5,13.0
3407,,90,74,2017-03-04 15:00:00,,2016,3,4,Watford,Southampton,1.40104,1.33681,0,0,1,EPL,7.333333333333333,8.03448275862069
3408,,76,78,2017-03-04 15:00:00,,2016,0,2,West Bromwich Albion,Crystal Palace,0.3746,1.39171,0,0,1,EPL,5.758620689655173,10.0
3401,,87,83,2017-03-04 17:30:00,,2016,3,1,Liverpool,Arsenal,2.70435,0.729203,1,0,0,EPL,9.095238095238095,10.3
3406,,82,72,2017-03-05 13:30:00,,2016,3,2,Tottenham,Everton,1.70225,0.808013,1,0,0,EPL,9.52,11.0
3404,,77,88,2017-03-05 16:00:00,,2016,0,2,Sunderland,Manchester City,0.737758,2.48022,0,0,1,EPL,6.636363636363637,13.96774193548387
3409,,81,80,2017-03-06 20:00:00,,2016,1,2,West Ham,Chelsea,0.450583,2.01134,0,0,1,EPL,15.863636363636363,13.08
3418,,88,85,2017-03-08 20:00:00,,2016,0,0,Manchester City,Stoke,1.3049,0.337194,0,1,0,EPL,17.3,5.62962962962963
3411,,73,81,2017-03-11 15:00:00,,2016,3,2,Bournemouth,West Ham,3.68186,1.25315,1,0,0,EPL,6.423076923076923,5.482758620689655
3416,,72,76,2017-03-11 15:00:00,,2016,3,0,Everton,West Bromwich Albion,2.17521,0.127321,1,0,0,EPL,17.263157894736842,9.722222222222221
3417,,91,84,2017-03-11 15:00:00,,2016,2,1,Hull,Swansea,1.98818,1.44148,1,0,0,EPL,13.1875,10.578947368421053
3419,,87,92,2017-03-12 16:00:00,,2016,2,1,Liverpool,Burnley,0.966335,0.83474,1,0,0,EPL,12.666666666666666,10.76923076923077
3420,,76,83,2017-03-18 12:30:00,,2016,3,1,West Bromwich Albion,Arsenal,2.11737,0.995221,1,0,0,EPL,4.947368421052632,20.38888888888889
3421,,81,75,2017-03-18 15:00:00,,2016,2,3,West Ham,Leicester,2.32174,2.17004,0,0,1,EPL,15.5,7.636363636363637
3423,,77,92,2017-03-18 15:00:00,,2016,0,0,Sunderland,Burnley,1.03287,1.18742,0,1,0,EPL,13.777777777777779,9.705882352941176
3424,,85,80,2017-03-18 15:00:00,,2016,1,2,Stoke,Chelsea,0.952053,1.95538,0,0,1,EPL,4.958333333333333,11.884615384615385
3427,,72,91,2017-03-18 15:00:00,,2016,4,0,Everton,Hull,2.63141,0.528692,1,0,0,EPL,12.3,10.0
3428,,78,90,2017-03-18 15:00:00,,2016,1,0,Crystal Palace,Watford,0.376326,0.190648,1,0,0,EPL,7.823529411764706,12.0625
3429,,73,84,2017-03-18 17:30:00,,2016,2,0,Bournemouth,Swansea,1.00816,0.37687,1,0,0,EPL,9.833333333333334,8.892857142857142
3425,,93,89,2017-03-19 12:00:00,,2016,1,3,Middlesbrough,Manchester United,1.09037,2.47484,0,0,1,EPL,14.772727272727273,6.909090909090909
3422,,82,74,2017-03-19 14:15:00,,2016,2,1,Tottenham,Southampton,1.64328,0.839989,1,0,0,EPL,9.130434782608695,10.695652173913043
3426,,88,87,2017-03-19 16:30:00,,2016,1,1,Manchester City,Liverpool,2.55464,1.94116,0,1,0,EPL,17.7,6.214285714285714
3435,,87,72,2017-04-01 12:30:00,,2016,3,1,Liverpool,Everton,0.625343,1.44152,1,0,0,EPL,10.857142857142858,6.75
3431,,92,82,2017-04-01 15:00:00,,2016,0,2,Burnley,Tottenham,0.44677,2.36346,0,0,1,EPL,9.0,16.61904761904762
3432,,80,78,2017-04-01 15:00:00,,2016,1,2,Chelsea,Crystal Palace,3.16805,1.57423,0,0,1,EPL,13.294117647058824,4.428571428571429
3433,,91,81,2017-04-01 15:00:00,,2016,2,1,Hull,West Ham,0.778704,1.24571,1,0,0,EPL,8.173913043478262,11.043478260869565
3434,,75,85,2017-04-01 15:00:00,,2016,2,0,Leicester,Stoke,1.97444,1.36671,1,0,0,EPL,9.05,13.352941176470589
3436,,89,76,2017-04-01 15:00:00,,2016,0,0,Manchester United,West Bromwich Albion,0.986683,0.200297,0,1,0,EPL,22.625,4.125
3439,,90,77,2017-04-01 15:00:00,,2016,1,0,Watford,Sunderland,1.95828,0.349699,1,0,0,EPL,11.823529411764707,6.894736842105263
3437,,74,73,2017-04-01 17:30:00,,2016,0,0,Southampton,Bournemouth,1.00252,2.06307,0,1,0,EPL,15.652173913043478,10.375
3438,,84,93,2017-04-02 13:30:00,,2016,0,0,Swansea,Middlesbrough,0.64382,0.748206,0,1,0,EPL,11.38888888888889,7.8
3430,,83,88,2017-04-02 16:00:00,,2016,2,2,Arsenal,Manchester City,0.738497,1.40021,0,1,0,EPL,6.7,7.647058823529412
3441,,92,85,2017-04-04 19:45:00,,2016,1,0,Burnley,Stoke,0.348885,1.17275,1,0,0,EPL,7.708333333333333,6.241379310344827
3443,,90,76,2017-04-04 19:45:00,,2016,2,0,Watford,West Bromwich Albion,0.691991,1.48109,1,0,0,EPL,10.76923076923077,17.333333333333332
3445,,75,77,2017-04-04 19:45:00,,2016,2,0,Leicester,Sunderland,0.929134,0.7012,1,0,0,EPL,6.785714285714286,12.5
3446,,89,72,2017-04-04 20:00:00,,2016,1,1,Manchester United,Everton,1.67424,0.589122,0,1,0,EPL,15.333333333333334,7.846153846153846
3440,,83,81,2017-04-05 19:45:00,,2016,3,0,Arsenal,West Ham,2.16023,0.303905,1,0,0,EPL,20.05,7.333333333333333
3442,,91,93,2017-04-05 19:45:00,,2016,4,2,Hull,Middlesbrough,2.23261,1.30673,1,0,0,EPL,8.153846153846153,10.91304347826087
3444,,84,82,2017-04-05 19:45:00,,2016,1,3,Swansea,Tottenham,0.872579,2.2242,0,0,1,EPL,5.9,20.1875
3447,,74,78,2017-04-05 19:45:00,,2016,3,1,Southampton,Crystal Palace,3.34327,1.73055,1,0,0,EPL,9.666666666666666,4.5
3448,,80,88,2017-04-05 20:00:00,,2016,2,1,Chelsea,Manchester City,1.36933,2.2614,1,0,0,EPL,9.958333333333334,16.95
3449,,87,73,2017-04-05 20:00:00,,2016,2,2,Liverpool,Bournemouth,2.17263,1.31233,0,1,0,EPL,23.333333333333332,4.694444444444445
3453,,82,90,2017-04-08 12:30:00,,2016,4,0,Tottenham,Watford,1.18779,0.369968,1,0,0,EPL,14.61111111111111,6.636363636363637
3451,,85,87,2017-04-08 15:00:00,,2016,1,2,Stoke,Liverpool,2.13972,1.02225,0,0,1,EPL,8.5,16.75
3454,,76,74,2017-04-08 15:00:00,,2016,0,1,West Bromwich Albion,Southampton,2.01721,0.910339,0,0,1,EPL,5.88,13.125
3455,,81,84,2017-04-08 15:00:00,,2016,1,0,West Ham,Swansea,1.20573,0.307666,1,0,0,EPL,13.0,7.0625
3456,,93,92,2017-04-08 15:00:00,,2016,0,0,Middlesbrough,Burnley,0.684683,0.809899,0,1,0,EPL,12.173913043478262,13.5
3457,,88,91,2017-04-08 15:00:00,,2016,3,1,Manchester City,Hull,2.33731,0.358364,1,0,0,EPL,21.736842105263158,7.625
3450,,73,80,2017-04-08 17:30:00,,2016,1,3,Bournemouth,Chelsea,0.384152,1.52126,0,0,1,EPL,18.125,14.2
3452,,77,89,2017-04-09 13:30:00,,2016,0,3,Sunderland,Manchester United,0.977316,1.6943,0,0,1,EPL,5.2272727272727275,10.884615384615385
3458,,72,75,2017-04-09 16:00:00,,2016,4,2,Everton,Leicester,2.64597,0.836095,1,0,0,EPL,13.652173913043478,9.0
3459,,78,83,2017-04-10 20:00:00,,2016,3,0,Crystal Palace,Arsenal,2.15968,0.44226,1,0,0,EPL,4.35,11.571428571428571
3465,,82,73,2017-04-15 12:30:00,,2016,4,0,Tottenham,Bournemouth,3.28588,0.211502,1,0,0,EPL,22.75,8.68421052631579
3463,,85,91,2017-04-15 15:00:00,,2016,3,1,Stoke,Hull,2.01829,1.17696,1,0,0,EPL,8.2,8.923076923076923
3464,,77,81,2017-04-15 15:00:00,,2016,2,2,Sunderland,West Ham,1.14121,1.42815,0,1,0,EPL,12.866666666666667,9.038461538461538
3466,,90,84,2017-04-15 15:00:00,,2016,1,0,Watford,Swansea,1.22039,0.641001,1,0,0,EPL,12.26086956521739,13.466666666666667
3467,,72,92,2017-04-15 15:00:00,,2016,3,1,Everton,Burnley,1.67352,1.1469,1,0,0,EPL,10.375,5.04
3468,,78,75,2017-04-15 15:00:00,,2016,2,2,Crystal Palace,Leicester,1.67894,0.467725,0,1,0,EPL,6.483870967741935,5.130434782608695
3462,,74,88,2017-04-15 17:30:00,,2016,0,3,Southampton,Manchester City,0.616753,2.74188,0,0,1,EPL,12.894736842105264,15.869565217391305
3469,,76,87,2017-04-16 13:30:00,,2016,0,1,West Bromwich Albion,Liverpool,0.590375,1.30017,0,0,1,EPL,5.730769230769231,16.05
3460,,89,80,2017-04-16 16:00:00,,2016,2,0,Manchester United,Chelsea,0.807128,0.132913,1,0,0,EPL,4.918918918918919,6.487179487179487
3461,,93,83,2017-04-17 20:00:00,,2016,1,2,Middlesbrough,Arsenal,1.72075,1.0689,0,0,1,EPL,4.194444444444445,14.0
3471,,73,93,2017-04-22 15:00:00,,2016,4,0,Bournemouth,Middlesbrough,3.27712,0.2072,1,0,0,EPL,20.071428571428573,7.12
3474,,91,90,2017-04-22 15:00:00,,2016,2,0,Hull,Watford,1.42309,1.15869,1,0,0,EPL,5.518518518518518,27.642857142857142
3478,,84,85,2017-04-22 15:00:00,,2016,2,0,Swansea,Stoke,0.475636,1.69454,1,0,0,EPL,16.2,13.65
3479,,81,72,2017-04-22 15:00:00,,2016,0,0,West Ham,Everton,0.668323,0.104476,0,1,0,EPL,7.416666666666667,14.041666666666666
3472,,92,89,2017-04-23 14:15:00,,2016,0,2,Burnley,Manchester United,0.342829,2.24747,0,0,1,EPL,7.956521739130435,6.5
3476,,87,78,2017-04-23 16:30:00,,2016,1,2,Liverpool,Crystal Palace,0.89449,1.21741,0,0,1,EPL,10.733333333333333,3.8636363636363638
3473,,80,74,2017-04-25 19:45:00,,2016,4,2,Chelsea,Southampton,1.4438,1.32952,1,0,0,EPL,14.9375,20.428571428571427
3410,,83,75,2017-04-26 19:45:00,,2016,1,0,Arsenal,Leicester,0.410203,0.595173,1,0,0,EPL,23.76923076923077,9.875
3413,,93,77,2017-04-26 19:45:00,,2016,1,0,Middlesbrough,Sunderland,0.825839,0.445766,1,0,0,EPL,8.857142857142858,7.88
3415,,78,82,2017-04-26 20:00:00,,2016,0,1,Crystal Palace,Tottenham,0.321722,1.00589,0,0,1,EPL,3.3636363636363638,8.484848484848484
3398,,88,89,2017-04-27 20:00:00,,2016,0,0,Manchester City,Manchester United,1.41537,0.421251,0,1,0,EPL,22.571428571428573,4.566666666666666
3484,,74,91,2017-04-29 15:00:00,,2016,0,0,Southampton,Hull,1.24844,0.472435,0,1,0,EPL,9.071428571428571,6.142857142857143
3485,,85,81,2017-04-29 15:00:00,,2016,0,0,Stoke,West Ham,1.35509,0.65149,0,1,0,EPL,11.73913043478261,8.038461538461538
3486,,77,73,2017-04-29 15:00:00,,2016,0,1,Sunderland,Bournemouth,1.6667,1.53094,0,0,1,EPL,6.541666666666667,7.62962962962963
3489,,76,75,2017-04-29 15:00:00,,2016,0,1,West Bromwich Albion,Leicester,0.809101,0.570664,0,0,1,EPL,8.043478260869565,7.052631578947368
3480,,78,92,2017-04-29 17:30:00,,2016,0,2,Crystal Palace,Burnley,0.633469,1.38569,0,0,1,EPL,9.75,7.0
3482,,89,84,2017-04-30 12:00:00,,2016,1,1,Manchester United,Swansea,1.99224,0.775713,0,1,0,EPL,14.85,12.444444444444445
3481,,72,80,2017-04-30 14:05:00,,2016,0,3,Everton,Chelsea,0.684516,1.81945,0,0,1,EPL,16.1875,9.52
3483,,93,88,2017-04-30 14:05:00,,2016,2,2,Middlesbrough,Manchester City,1.17715,3.10725,0,1,0,EPL,6.647058823529412,16.0
3487,,82,83,2017-04-30 16:30:00,,2016,2,0,Tottenham,Arsenal,3.46042,0.589537,1,0,0,EPL,8.083333333333334,14.4
3488,,90,87,2017-05-01 20:00:00,,2016,0,1,Watford,Liverpool,0.436648,0.55669,0,0,1,EPL,9.173913043478262,16.647058823529413
3499,,81,82,2017-05-05 20:00:00,,2016,1,0,West Ham,Tottenham,2.21043,0.451017,1,0,0,EPL,7.3125,16.833333333333332
3497,,88,78,2017-05-06 12:30:00,,2016,5,0,Manchester City,Crystal Palace,2.69837,0.241571,1,0,0,EPL,13.904761904761905,5.208333333333333
3491,,73,85,2017-05-06 15:00:00,,2016,2,2,Bournemouth,Stoke,1.30668,2.3019,0,1,0,EPL,9.689655172413794,10.88888888888889
3492,,92,76,2017-05-06 15:00:00,,2016,2,2,Burnley,West Bromwich Albion,1.08649,0.82853,0,1,0,EPL,11.176470588235293,7.1875
3494,,91,77,2017-05-06 15:00:00,,2016,0,2,Hull,Sunderland,1.21734,1.95502,0,0,1,EPL,18.846153846153847,6.684210526315789
3495,,75,90,2017-05-06 15:00:00,,2016,3,0,Leicester,Watford,1.00566,0.512433,1,0,0,EPL,8.25,9.714285714285714
3498,,84,72,2017-05-06 17:30:00,,2016,1,0,Swansea,Everton,2.09244,0.270186,1,0,0,EPL,10.526315789473685,23.6
3496,,87,74,2017-05-07 13:30:00,,2016,0,0,Liverpool,Southampton,1.35967,0.182082,0,1,0,EPL,12.304347826086957,6.52
3490,,83,89,2017-05-07 16:00:00,,2016,2,0,Arsenal,Manchester United,1.03986,0.576173,1,0,0,EPL,15.277777777777779,16.05263157894737
3493,,80,93,2017-05-08 20:00:00,,2016,3,0,Chelsea,Middlesbrough,2.28046,0.0718773,1,0,0,EPL,10.424242424242424,22.46153846153846
3390,,74,83,2017-05-10 19:45:00,,2016,0,2,Southampton,Arsenal,1.25259,1.35954,0,0,1,EPL,11.7,16.357142857142858
3502,,72,90,2017-05-12 19:45:00,,2016,1,0,Everton,Watford,1.12984,1.54861,1,0,0,EPL,14.65,7.285714285714286
3508,,76,80,2017-05-12 20:00:00,,2016,0,1,West Bromwich Albion,Chelsea,0.529155,1.76954,0,0,1,EPL,13.88888888888889,21.416666666666668
3503,,88,75,2017-05-13 12:30:00,,2016,2,1,Manchester City,Leicester,1.98776,1.62503,1,0,0,EPL,11.807692307692308,6.260869565217392
3500,,73,92,2017-05-13 15:00:00,,2016,2,1,Bournemouth,Burnley,1.5499,1.1511,1,0,0,EPL,9.035714285714286,9.9
3504,,93,74,2017-05-13 15:00:00,,2016,1,2,Middlesbrough,Southampton,1.32885,1.52569,0,0,1,EPL,8.181818181818182,14.476190476190476
3506,,77,84,2017-05-13 15:00:00,,2016,0,2,Sunderland,Swansea,1.03765,0.344096,0,0,1,EPL,17.285714285714285,9.48
3505,,85,83,2017-05-13 17:30:00,,2016,1,4,Stoke,Arsenal,1.30239,2.63639,0,0,1,EPL,7.823529411764706,12.481481481481481
3501,,78,91,2017-05-14 12:00:00,,2016,4,0,Crystal Palace,Hull,2.73274,0.518148,1,0,0,EPL,4.176470588235294,10.041666666666666
3509,,81,87,2017-05-14 14:15:00,,2016,0,4,West Ham,Liverpool,1.03963,3.28962,0,0,1,EPL,10.0,24.266666666666666
3507,,82,89,2017-05-14 16:30:00,,2016,2,1,Tottenham,Manchester United,2.10698,1.03696,1,0,0,EPL,21.428571428571427,8.521739130434783
3414,,80,90,2017-05-15 20:00:00,,2016,4,3,Chelsea,Watford,2.65315,0.883368,1,0,0,EPL,11.043478260869565,16.545454545454547
3470,,83,77,2017-05-16 19:45:00,,2016,2,0,Arsenal,Sunderland,3.83905,0.271744,1,0,0,EPL,22.166666666666668,8.0
3477,,88,76,2017-05-16 20:00:00,,2016,3,1,Manchester City,West Bromwich Albion,2.58035,0.387741,1,0,0,EPL,26.785714285714285,5.0
3412,,74,89,2017-05-17 19:45:00,,2016,0,0,Southampton,Manchester United,1.66533,0.45805,0,1,0,EPL,16.823529411764707,13.222222222222221
3475,,75,82,2017-05-18 19:45:00,,2016,1,6,Leicester,Tottenham,0.725721,2.64912,0,0,1,EPL,7.666666666666667,11.655172413793103
3510,,83,72,2017-05-21 15:00:00,,2016,3,1,Arsenal,Everton,3.35075,1.8831,1,0,0,EPL,15.125,12.411764705882353
3511,,92,81,2017-05-21 15:00:00,,2016,1,2,Burnley,West Ham,1.70802,1.67299,0,0,1,EPL,9.0,12.0
3512,,80,77,2017-05-21 15:00:00,,2016,5,1,Chelsea,Sunderland,2.73947,0.693994,1,0,0,EPL,12.8,10.352941176470589
3513,,91,82,2017-05-21 15:00:00,,2016,1,7,Hull,Tottenham,0.812723,3.89027,0,0,1,EPL,9.318181818181818,13.695652173913043
3514,,75,73,2017-05-21 15:00:00,,2016,1,1,Leicester,Bournemouth,2.45308,0.87072,0,1,0,EPL,8.818181818181818,8.56
3515,,87,93,2017-05-21 15:00:00,,2016,3,0,Liverpool,Middlesbrough,2.16957,0.899691,1,0,0,EPL,23.055555555555557,4.76
3516,,89,78,2017-05-21 15:00:00,,2016,2,0,Manchester United,Crystal Palace,1.0386,0.3016,1,0,0,EPL,10.137931034482758,9.88888888888889
3517,,74,85,2017-05-21 15:00:00,,2016,0,1,Southampton,Stoke,1.3554,0.983464,0,0,1,EPL,12.772727272727273,5.444444444444445
3518,,84,76,2017-05-21 15:00:00,,2016,2,1,Swansea,West Bromwich Albion,1.74555,1.60674,1,0,0,EPL,25.071428571428573,9.0
3519,,90,88,2017-05-21 15:00:00,,2016,0,5,Watford,Manchester City,0.826124,3.26614,0,0,1,EPL,7.16,26.928571428571427
7119,,83,75,2017-08-11 19:45:00,,2017,4,3,Arsenal,Leicester,2.54329,1.46495,1,0,0,EPL,13.545454545454545,5.444444444444445
7120,,90,87,2017-08-12 12:30:00,,2017,3,3,Watford,Liverpool,2.17647,2.61549,0,1,0,EPL,14.714285714285714,11.26086956521739
7121,,76,73,2017-08-12 15:00:00,,2017,1,0,West Bromwich Albion,Bournemouth,1.18399,0.378659,1,0,0,EPL,12.0,17.38888888888889
7122,,74,84,2017-08-12 15:00:00,,2017,0,0,Southampton,Swansea,2.21748,0.406196,0,1,0,EPL,12.882352941176471,8.52
7123,,80,92,2017-08-12 15:00:00,,2017,2,3,Chelsea,Burnley,1.35651,0.564237,0,0,1,EPL,23.75,9.944444444444445
7124,,78,219,2017-08-12 15:00:00,,2017,0,3,Crystal Palace,Huddersfield,0.988934,1.73657,0,0,1,EPL,6.90625,6.5
7125,,72,85,2017-08-12 15:00:00,,2017,1,0,Everton,Stoke,0.720574,0.27644,1,0,0,EPL,14.45,6.190476190476191
7126,,220,88,2017-08-12 17:30:00,,2017,0,2,Brighton,Manchester City,0.276343,1.86751,0,0,1,EPL,5.444444444444445,67.33333333333333
7127,,86,82,2017-08-13 13:30:00,,2017,0,2,Newcastle United,Tottenham,0.634633,2.34418,0,0,1,EPL,7.125,29.5
7128,,89,81,2017-08-13 16:00:00,,2017,4,0,Manchester United,West Ham,2.63853,0.62654,1,0,0,EPL,13.35,9.36
7129,,84,89,2017-08-19 12:30:00,,2017,0,4,Swansea,Manchester United,0.304164,3.41021,0,0,1,EPL,8.346153846153847,17.94736842105263
7130,,74,81,2017-08-19 15:00:00,,2017,3,2,Southampton,West Ham,2.1424,1.53269,1,0,0,EPL,23.46153846153846,4.851851851851852
7131,,73,90,2017-08-19 15:00:00,,2017,0,2,Bournemouth,Watford,0.766694,2.17717,0,0,1,EPL,9.2,10.3125
7132,,92,76,2017-08-19 15:00:00,,2017,0,1,Burnley,West Bromwich Albion,1.37242,0.653058,0,0,1,EPL,14.0,5.5
7133,,75,220,2017-08-19 15:00:00,,2017,2,0,Leicester,Brighton,1.88355,0.123075,1,0,0,EPL,19.214285714285715,20.823529411764707
7134,,87,78,2017-08-19 15:00:00,,2017,1,0,Liverpool,Crystal Palace,2.84978,0.727364,1,0,0,EPL,21.105263157894736,4.096774193548387
7135,,85,83,2017-08-19 17:30:00,,2017,1,0,Stoke,Arsenal,0.692644,1.40658,1,0,0,EPL,5.105263157894737,24.066666666666666
7136,,219,86,2017-08-20 13:30:00,,2017,1,0,Huddersfield,Newcastle United,0.267008,0.973322,1,0,0,EPL,13.842105263157896,7.785714285714286
7137,,82,80,2017-08-20 16:00:00,,2017,1,2,Tottenham,Chelsea,0.72428,0.834423,0,0,1,EPL,14.130434782608695,8.38888888888889
7138,,88,72,2017-08-21 20:00:00,,2017,1,1,Manchester City,Everton,1.14216,0.59971,0,1,0,EPL,21.46153846153846,11.461538461538462
7139,,73,88,2017-08-26 12:30:00,,2017,1,2,Bournemouth,Manchester City,0.415402,1.76626,0,0,1,EPL,4.137931034482759,15.047619047619047
7141,,78,84,2017-08-26 15:00:00,,2017,0,2,Crystal Palace,Swansea,0.818951,0.966783,0,0,1,EPL,24.0,15.31578947368421
7142,,86,81,2017-08-26 15:00:00,,2017,3,0,Newcastle United,West Ham,2.76107,0.558484,1,0,0,EPL,5.705882352941177,11.346153846153847
7143,,90,220,2017-08-26 15:00:00,,2017,0,0,Watford,Brighton,0.281459,0.952357,0,1,0,EPL,7.090909090909091,32.25
7144,,219,74,2017-08-26 15:00:00,,2017,0,0,Huddersfield,Southampton,1.51605,0.795911,0,1,0,EPL,11.461538461538462,12.615384615384615
7145,,89,75,2017-08-26 17:30:00,,2017,2,0,Manchester United,Leicester,2.73725,0.670573,1,0,0,EPL,17.105263157894736,8.166666666666666
7140,,80,72,2017-08-27 13:30:00,,2017,2,0,Chelsea,Everton,1.16991,0.326655,1,0,0,EPL,17.5,14.842105263157896
7146,,76,85,2017-08-27 13:30:00,,2017,1,1,West Bromwich Albion,Stoke,0.875132,0.980905,0,1,0,EPL,8.894736842105264,12.0
7147,,82,92,2017-08-27 16:00:00,,2017,1,1,Tottenham,Burnley,2.3497,0.670943,0,1,0,EPL,17.72222222222222,6.904761904761905
7148,,87,83,2017-08-27 16:00:00,,2017,4,0,Liverpool,Arsenal,3.45998,0.484816,1,0,0,EPL,10.185185185185185,17.31578947368421
7149,,88,87,2017-09-09 12:30:00,,2017,5,0,Manchester City,Liverpool,3.14589,0.665186,1,0,0,EPL,48.54545454545455,9.26086956521739
7150,,74,90,2017-09-09 15:00:00,,2017,0,2,Southampton,Watford,0.331259,0.57794,0,0,1,EPL,9.571428571428571,10.105263157894736
7151,,75,80,2017-09-09 15:00:00,,2017,1,2,Leicester,Chelsea,1.34903,1.03943,0,0,1,EPL,10.933333333333334,11.833333333333334
7152,,83,73,2017-09-09 15:00:00,,2017,3,0,Arsenal,Bournemouth,2.48732,0.577291,1,0,0,EPL,16.105263157894736,7.733333333333333
7153,,220,76,2017-09-09 15:00:00,,2017,3,1,Brighton,West Bromwich Albion,0.396771,0.866679,1,0,0,EPL,30.555555555555557,13.25
7154,,72,82,2017-09-09 15:00:00,,2017,0,3,Everton,Tottenham,1.15144,2.17535,0,0,1,EPL,10.576923076923077,10.521739130434783
7155,,85,89,2017-09-09 17:30:00,,2017,2,2,Stoke,Manchester United,1.49928,1.96635,0,1,0,EPL,11.117647058823529,15.5
7156,,92,78,2017-09-10 13:30:00,,2017,1,0,Burnley,Crystal Palace,0.429329,1.72996,1,0,0,EPL,4.695652173913044,8.038461538461538
7157,,84,86,2017-09-10 16:00:00,,2017,0,1,Swansea,Newcastle United,1.48574,1.03177,0,0,1,EPL,9.46875,8.0
7158,,81,219,2017-09-11 20:00:00,,2017,2,0,West Ham,Huddersfield,1.94969,0.339338,1,0,0,EPL,7.631578947368421,9.11111111111111
7159,,73,220,2017-09-15 20:00:00,,2017,2,1,Bournemouth,Brighton,1.39529,0.874276,1,0,0,EPL,21.666666666666668,12.055555555555555
7160,,78,74,2017-09-16 12:30:00,,2017,0,1,Crystal Palace,Southampton,2.03243,1.11428,0,0,1,EPL,9.4,12.681818181818182
7161,,219,75,2017-09-16 15:00:00,,2017,1,1,Huddersfield,Leicester,0.700349,1.24181,0,1,0,EPL,15.6,14.076923076923077
7162,,87,92,2017-09-16 15:00:00,,2017,1,1,Liverpool,Burnley,2.18727,0.334402,0,1,0,EPL,20.38888888888889,13.181818181818182
7163,,86,85,2017-09-16 15:00:00,,2017,2,1,Newcastle United,Stoke,2.6598,0.675783,1,0,0,EPL,7.2105263157894735,10.4
7164,,90,88,2017-09-16 15:00:00,,2017,0,6,Watford,Manchester City,0.803933,3.99349,0,0,1,EPL,8.173913043478262,29.53846153846154
7165,,76,81,2017-09-16 15:00:00,,2017,0,0,West Bromwich Albion,West Ham,0.781891,0.266344,0,1,0,EPL,8.444444444444445,26.916666666666668
7166,,82,84,2017-09-16 17:30:00,,2017,0,0,Tottenham,Swansea,1.17894,0.154074,0,1,0,EPL,24.357142857142858,4.8076923076923075
7167,,80,83,2017-09-17 13:30:00,,2017,0,0,Chelsea,Arsenal,0.762129,1.42208,0,1,0,EPL,10.03225806451613,16.705882352941178
7168,,89,72,2017-09-17 16:00:00,,2017,4,0,Manchester United,Everton,3.28722,1.06298,1,0,0,EPL,9.478260869565217,10.516129032258064
7169,,81,82,2017-09-23 12:30:00,,2017,2,3,West Ham,Tottenham,0.67667,1.45327,0,0,1,EPL,6.846153846153846,6.257142857142857
7170,,85,80,2017-09-23 15:00:00,,2017,0,4,Stoke,Chelsea,0.600959,1.59815,0,0,1,EPL,10.5,21.058823529411764
7171,,84,90,2017-09-23 15:00:00,,2017,1,2,Swansea,Watford,1.50811,1.25817,0,0,1,EPL,9.576923076923077,11.772727272727273
7172,,74,89,2017-09-23 15:00:00,,2017,0,1,Southampton,Manchester United,0.802062,1.07247,0,0,1,EPL,15.263157894736842,8.95
7173,,88,78,2017-09-23 15:00:00,,2017,5,0,Manchester City,Crystal Palace,5.72543,0.611018,1,0,0,EPL,29.0,7.086956521739131
7174,,92,219,2017-09-23 15:00:00,,2017,0,0,Burnley,Huddersfield,0.369454,0.312561,0,1,0,EPL,12.3,13.529411764705882
7175,,72,73,2017-09-23 15:00:00,,2017,2,1,Everton,Bournemouth,2.21092,0.384728,1,0,0,EPL,13.125,9.043478260869565
7176,,75,87,2017-09-23 17:30:00,,2017,2,3,Leicester,Liverpool,2.88766,1.92902,0,0,1,EPL,8.421052631578947,11.947368421052632
7177,,220,86,2017-09-24 16:00:00,,2017,1,0,Brighton,Newcastle United,0.507341,1.37001,1,0,0,EPL,14.625,15.785714285714286
7178,,83,76,2017-09-25 20:00:00,,2017,2,0,Arsenal,West Bromwich Albion,2.39316,0.766652,1,0,0,EPL,11.25,5.48
7179,,219,82,2017-09-30 12:30:00,,2017,0,4,Huddersfield,Tottenham,0.196648,1.56089,0,0,1,EPL,13.333333333333334,12.464285714285714
7180,,89,78,2017-09-30 15:00:00,,2017,4,0,Manchester United,Crystal Palace,3.47508,0.244321,1,0,0,EPL,14.461538461538462,10.526315789473685
7181,,85,74,2017-09-30 15:00:00,,2017,2,1,Stoke,Southampton,2.68136,1.42781,1,0,0,EPL,5.894736842105263,15.583333333333334
7182,,76,90,2017-09-30 15:00:00,,2017,2,2,West Bromwich Albion,Watford,1.93896,1.62462,0,1,0,EPL,8.25,16.1
7183,,81,84,2017-09-30 15:00:00,,2017,1,0,West Ham,Swansea,0.692185,0.178568,1,0,0,EPL,8.333333333333334,11.444444444444445
7184,,73,75,2017-09-30 15:00:00,,2017,0,0,Bournemouth,Leicester,1.39901,0.594808,0,1,0,EPL,11.0,11.0
7185,,80,88,2017-09-30 17:30:00,,2017,0,1,Chelsea,Manchester City,0.911532,1.23068,0,0,1,EPL,7.9,36.72727272727273
7186,,83,220,2017-10-01 12:00:00,,2017,2,0,Arsenal,Brighton,2.47818,0.386343,1,0,0,EPL,28.166666666666668,8.409090909090908
7187,,72,92,2017-10-01 14:15:00,,2017,0,1,Everton,Burnley,0.93376,0.383977,0,0,1,EPL,16.133333333333333,8.714285714285714
7188,,86,87,2017-10-01 16:30:00,,2017,1,1,Newcastle United,Liverpool,0.280437,1.64475,0,1,0,EPL,7.0476190476190474,21.375
7193,,87,89,2017-10-14 12:30:00,,2017,0,0,Liverpool,Manchester United,1.92702,0.230358,0,1,0,EPL,13.44,8.727272727272727
7190,,92,81,2017-10-14 15:00:00,,2017,1,1,Burnley,West Ham,0.70219,0.835192,0,1,0,EPL,13.176470588235293,6.666666666666667
7191,,78,80,2017-10-14 15:00:00,,2017,2,1,Crystal Palace,Chelsea,1.51873,0.651919,1,0,0,EPL,8.2,9.352941176470589
7194,,88,85,2017-10-14 15:00:00,,2017,7,2,Manchester City,Stoke,4.45388,0.681236,1,0,0,EPL,73.25,5.208333333333333
7196,,84,219,2017-10-14 15:00:00,,2017,2,0,Swansea,Huddersfield,1.65446,0.596086,1,0,0,EPL,11.0,10.323529411764707
7197,,82,73,2017-10-14 15:00:00,,2017,1,0,Tottenham,Bournemouth,1.95684,0.17504,1,0,0,EPL,43.44444444444444,4.333333333333333
7198,,90,83,2017-10-14 17:30:00,,2017,2,1,Watford,Arsenal,1.63418,0.988468,1,0,0,EPL,11.478260869565217,16.263157894736842
7189,,220,72,2017-10-15 13:30:00,,2017,1,1,Brighton,Everton,1.05884,1.45518,0,1,0,EPL,8.826086956521738,14.941176470588236
7195,,74,86,2017-10-15 16:00:00,,2017,2,2,Southampton,Newcastle United,1.71445,0.950997,0,1,0,EPL,17.95,7.115384615384615
7192,,75,76,2017-10-16 20:00:00,,2017,1,1,Leicester,West Bromwich Albion,0.964277,0.155254,0,1,0,EPL,10.833333333333334,7.28
7208,,81,220,2017-10-20 20:00:00,,2017,0,3,West Ham,Brighton,0.569111,1.98345,0,0,1,EPL,19.352941176470587,12.3125
7201,,219,89,2017-10-21 15:00:00,,2017,2,1,Huddersfield,Manchester United,1.26744,0.807135,1,0,0,EPL,3.761904761904762,20.94736842105263
7202,,88,92,2017-10-21 15:00:00,,2017,3,0,Manchester City,Burnley,3.71812,0.14859,1,0,0,EPL,20.92,5.666666666666667
7203,,86,78,2017-10-21 15:00:00,,2017,1,0,Newcastle United,Crystal Palace,0.270313,0.566845,1,0,0,EPL,10.384615384615385,7.2
7205,,85,73,2017-10-21 15:00:00,,2017,1,2,Stoke,Bournemouth,1.60117,1.11834,0,0,1,EPL,7.583333333333333,7.793103448275862
7206,,84,75,2017-10-21 15:00:00,,2017,1,2,Swansea,Leicester,0.559618,1.80814,0,0,1,EPL,13.444444444444445,13.25
7204,,74,76,2017-10-21 17:30:00,,2017,1,0,Southampton,West Bromwich Albion,2.02288,0.504128,1,0,0,EPL,16.666666666666668,4.884615384615385
7199,,80,90,2017-10-21 19:30:00,,2017,4,2,Chelsea,Watford,1.78315,1.79693,1,0,0,EPL,8.64516129032258,9.409090909090908
7200,,72,83,2017-10-22 13:30:00,,2017,2,5,Everton,Arsenal,0.810989,3.86029,0,0,1,EPL,8.625,18.210526315789473
7207,,82,87,2017-10-22 16:00:00,,2017,4,1,Tottenham,Liverpool,2.62043,0.667771,1,0,0,EPL,9.333333333333334,32.333333333333336
7218,,89,82,2017-10-28 12:30:00,,2017,1,0,Manchester United,Tottenham,0.943496,1.08708,1,0,0,EPL,7.291666666666667,10.434782608695652
7209,,83,84,2017-10-28 15:00:00,,2017,2,1,Arsenal,Swansea,2.37777,0.8355,1,0,0,EPL,22.41176470588235,7.454545454545454
7213,,78,81,2017-10-28 15:00:00,,2017,2,2,Crystal Palace,West Ham,2.91672,0.742845,0,1,0,EPL,10.666666666666666,5.633333333333334
7215,,76,88,2017-10-28 15:00:00,,2017,2,3,West Bromwich Albion,Manchester City,1.11852,2.77085,0,0,1,EPL,4.275862068965517,21.695652173913043
7216,,90,85,2017-10-28 15:00:00,,2017,0,1,Watford,Stoke,1.13448,0.778883,0,0,1,EPL,32.77777777777778,6.333333333333333
7217,,87,219,2017-10-28 15:00:00,,2017,3,0,Liverpool,Huddersfield,2.14257,0.0554802,1,0,0,EPL,31.6,6.428571428571429
7210,,73,80,2017-10-28 17:30:00,,2017,0,1,Bournemouth,Chelsea,0.455055,1.78362,0,0,1,EPL,22.0,22.5
7211,,220,74,2017-10-29 13:30:00,,2017,1,1,Brighton,Southampton,1.50533,0.54364,0,1,0,EPL,11.16,16.58823529411765
7214,,75,72,2017-10-29 16:00:00,,2017,2,0,Leicester,Everton,1.36768,0.575236,1,0,0,EPL,4.878787878787879,19.454545454545453
7212,,92,86,2017-10-30 20:00:00,,2017,1,0,Burnley,Newcastle United,1.0271,0.516369,1,0,0,EPL,11.85,14.85
7224,,85,75,2017-11-04 12:30:00,,2017,2,2,Stoke,Leicester,1.22988,1.39563,0,1,0,EPL,12.357142857142858,11.952380952380953
7221,,219,76,2017-11-04 15:00:00,,2017,1,0,Huddersfield,West Bromwich Albion,0.260436,0.382005,1,0,0,EPL,13.333333333333334,12.3
7222,,86,73,2017-11-04 15:00:00,,2017,0,1,Newcastle United,Bournemouth,0.676091,1.28703,0,0,1,EPL,9.947368421052632,8.904761904761905
7223,,74,92,2017-11-04 15:00:00,,2017,0,1,Southampton,Burnley,0.789259,0.137743,0,0,1,EPL,37.625,7.85
7225,,84,220,2017-11-04 15:00:00,,2017,0,1,Swansea,Brighton,1.24557,0.874927,0,0,1,EPL,18.928571428571427,9.95
7227,,81,87,2017-11-04 17:30:00,,2017,1,4,West Ham,Liverpool,1.13045,2.8773,0,0,1,EPL,8.586206896551724,16.27777777777778
7226,,82,78,2017-11-05 12:00:00,,2017,1,0,Tottenham,Crystal Palace,0.991813,1.10222,1,0,0,EPL,19.176470588235293,5.478260869565218
7228,,88,83,2017-11-05 14:15:00,,2017,3,1,Manchester City,Arsenal,2.15028,0.340407,1,0,0,EPL,11.71875,8.233333333333333
7219,,80,89,2017-11-05 16:30:00,,2017,1,0,Chelsea,Manchester United,1.8417,0.773586,1,0,0,EPL,6.424242424242424,5.827586206896552
7220,,72,90,2017-11-05 16:30:00,,2017,3,2,Everton,Watford,2.5796,2.05534,1,0,0,EPL,9.23076923076923,7.275862068965517
7236,,83,82,2017-11-18 12:30:00,,2017,2,0,Arsenal,Tottenham,2.24246,0.591192,1,0,0,EPL,8.863636363636363,9.586206896551724
7229,,76,80,2017-11-18 15:00:00,,2017,0,4,West Bromwich Albion,Chelsea,0.590655,1.71709,0,0,1,EPL,9.125,15.958333333333334
7231,,87,74,2017-11-18 15:00:00,,2017,3,0,Liverpool,Southampton,2.06277,0.563886,1,0,0,EPL,11.25,8.65
7233,,92,84,2017-11-18 15:00:00,,2017,2,0,Burnley,Swansea,1.5427,0.431402,1,0,0,EPL,8.8125,11.91304347826087
7234,,78,72,2017-11-18 15:00:00,,2017,2,2,Crystal Palace,Everton,2.02983,1.68728,0,1,0,EPL,8.117647058823529,5.722222222222222
7235,,75,88,2017-11-18 15:00:00,,2017,0,2,Leicester,Manchester City,0.0970457,2.40056,0,0,1,EPL,5.88,27.055555555555557
7237,,73,219,2017-11-18 15:00:00,,2017,4,0,Bournemouth,Huddersfield,1.38782,1.1633,1,0,0,EPL,6.176470588235294,19.357142857142858
7232,,89,86,2017-11-18 17:30:00,,2017,4,1,Manchester United,Newcastle United,2.57424,1.08708,1,0,0,EPL,21.625,9.6
7230,,90,81,2017-11-19 16:00:00,,2017,2,0,Watford,West Ham,1.24547,1.43369,1,0,0,EPL,15.210526315789474,9.52
7238,,220,85,2017-11-20 20:00:00,,2017,2,2,Brighton,Stoke,0.490058,1.20507,0,1,0,EPL,24.363636363636363,7.928571428571429
7247,,81,75,2017-11-24 20:00:00,,2017,1,1,West Ham,Leicester,0.775297,0.453851,0,1,0,EPL,7.3478260869565215,11.545454545454545
7239,,82,76,2017-11-25 15:00:00,,2017,1,1,Tottenham,West Bromwich Albion,1.91526,0.71711,0,1,0,EPL,17.166666666666668,6.391304347826087
7240,,84,73,2017-11-25 15:00:00,,2017,0,0,Swansea,Bournemouth,0.879594,0.449075,0,1,0,EPL,15.857142857142858,6.261904761904762
7242,,86,90,2017-11-25 15:00:00,,2017,0,3,Newcastle United,Watford,0.86002,2.05844,0,0,1,EPL,9.071428571428571,9.48
7243,,89,220,2017-11-25 15:00:00,,2017,1,0,Manchester United,Brighton,1.50148,0.565072,1,0,0,EPL,14.894736842105264,11.666666666666666
7246,,78,85,2017-11-25 15:00:00,,2017,2,1,Crystal Palace,Stoke,1.48339,0.628292,1,0,0,EPL,12.15,8.782608695652174
7244,,87,80,2017-11-25 17:30:00,,2017,1,1,Liverpool,Chelsea,1.50368,0.739983,0,1,0,EPL,22.5,11.692307692307692
7241,,74,72,2017-11-26 13:30:00,,2017,4,1,Southampton,Everton,1.97034,0.147724,1,0,0,EPL,18.238095238095237,11.857142857142858
7248,,92,83,2017-11-26 14:00:00,,2017,0,1,Burnley,Arsenal,0.402745,1.75184,0,0,1,EPL,12.066666666666666,15.952380952380953
7245,,219,88,2017-11-26 16:00:00,,2017,1,2,Huddersfield,Manchester City,0.537698,2.66178,0,0,1,EPL,2.5416666666666665,24.0
7249,,75,82,2017-11-28 19:45:00,,2017,2,1,Leicester,Tottenham,0.924575,2.50552,1,0,0,EPL,7.56,20.846153846153847
7250,,220,78,2017-11-28 19:45:00,,2017,0,0,Brighton,Crystal Palace,0.475162,0.584296,0,1,0,EPL,19.76923076923077,11.789473684210526
7251,,90,89,2017-11-28 20:00:00,,2017,2,4,Watford,Manchester United,1.29277,1.63491,0,0,1,EPL,16.375,8.909090909090908
7252,,76,86,2017-11-28 20:00:00,,2017,2,2,West Bromwich Albion,Newcastle United,0.845327,1.1342,0,1,0,EPL,10.285714285714286,9.608695652173912
7253,,73,92,2017-11-29 19:45:00,,2017,1,2,Bournemouth,Burnley,0.915088,1.08519,0,0,1,EPL,13.347826086956522,10.25
7254,,83,219,2017-11-29 19:45:00,,2017,5,0,Arsenal,Huddersfield,4.47889,0.475716,1,0,0,EPL,27.473684210526315,8.28
7255,,80,84,2017-11-29 19:45:00,,2017,1,0,Chelsea,Swansea,2.30012,0.0411427,1,0,0,EPL,21.0625,9.875
7256,,72,81,2017-11-29 20:00:00,,2017,4,0,Everton,West Ham,1.76497,1.03658,1,0,0,EPL,16.533333333333335,9.161290322580646
7257,,88,74,2017-11-29 20:00:00,,2017,2,1,Manchester City,Southampton,1.64952,1.7066,1,0,0,EPL,17.842105263157894,3.903225806451613
7258,,85,87,2017-11-29 20:00:00,,2017,0,3,Stoke,Liverpool,0.846748,2.58757,0,0,1,EPL,8.0,22.266666666666666
7259,,80,86,2017-12-02 12:30:00,,2017,3,1,Chelsea,Newcastle United,3.07794,0.519549,1,0,0,EPL,14.064516129032258,9.16
7260,,72,219,2017-12-02 15:00:00,,2017,2,0,Everton,Huddersfield,0.820024,0.223429,1,0,0,EPL,10.5625,8.045454545454545
7261,,75,92,2017-12-02 15:00:00,,2017,1,0,Leicester,Burnley,1.61269,0.789388,1,0,0,EPL,9.55,19.0
7263,,85,84,2017-12-02 15:00:00,,2017,2,1,Stoke,Swansea,1.24743,0.320601,1,0,0,EPL,7.076923076923077,15.944444444444445
7264,,90,82,2017-12-02 15:00:00,,2017,1,1,Watford,Tottenham,0.352672,0.788817,0,1,0,EPL,9.904761904761905,10.217391304347826
7265,,76,78,2017-12-02 15:00:00,,2017,0,0,West Bromwich Albion,Crystal Palace,1.65178,0.80924,0,1,0,EPL,13.461538461538462,6.48
7268,,220,87,2017-12-02 15:00:00,,2017,1,5,Brighton,Liverpool,1.65878,1.77566,0,0,1,EPL,14.227272727272727,40.9
7266,,83,89,2017-12-02 17:30:00,,2017,1,3,Arsenal,Manchester United,4.24057,2.06831,0,0,1,EPL,19.6,4.6
7267,,73,74,2017-12-03 13:30:00,,2017,1,1,Bournemouth,Southampton,1.11195,1.00264,0,1,0,EPL,5.935483870967742,11.904761904761905
7262,,88,81,2017-12-03 16:00:00,,2017,2,1,Manchester City,West Ham,2.45603,0.474483,1,0,0,EPL,29.3,4.68
7269,,81,80,2017-12-09 12:30:00,,2017,1,0,West Ham,Chelsea,0.418127,1.18891,1,0,0,EPL,3.789473684210526,14.347826086956522
7270,,82,85,2017-12-09 15:00:00,,2017,5,1,Tottenham,Stoke,4.01925,0.749296,1,0,0,EPL,40.1,3.8275862068965516
7271,,84,76,2017-12-09 15:00:00,,2017,1,0,Swansea,West Bromwich Albion,1.01101,0.25228,1,0,0,EPL,10.130434782608695,9.238095238095237
7272,,92,90,2017-12-09 15:00:00,,2017,1,0,Burnley,Watford,0.485632,0.819233,1,0,0,EPL,11.5,11.0625
7273,,78,73,2017-12-09 15:00:00,,2017,2,2,Crystal Palace,Bournemouth,4.61208,0.962374,0,1,0,EPL,8.666666666666666,8.071428571428571
7274,,219,220,2017-12-09 15:00:00,,2017,2,0,Huddersfield,Brighton,2.68125,0.273809,1,0,0,EPL,13.944444444444445,9.954545454545455
7277,,86,75,2017-12-09 17:30:00,,2017,2,3,Newcastle United,Leicester,0.964657,0.444099,0,0,1,EPL,10.117647058823529,9.484848484848484
7278,,74,83,2017-12-10 12:00:00,,2017,1,1,Southampton,Arsenal,1.21942,0.608352,0,1,0,EPL,9.818181818181818,19.27777777777778
7275,,87,72,2017-12-10 14:15:00,,2017,1,1,Liverpool,Everton,1.89569,0.823217,0,1,0,EPL,17.1,3.8823529411764706
7276,,89,88,2017-12-10 16:30:00,,2017,1,2,Manchester United,Manchester City,1.43756,2.03041,0,0,1,EPL,6.357142857142857,12.96
7279,,92,85,2017-12-12 19:45:00,,2017,1,0,Burnley,Stoke,0.360081,0.916344,1,0,0,EPL,10.941176470588236,8.5
7280,,219,80,2017-12-12 20:00:00,,2017,1,3,Huddersfield,Chelsea,0.476748,1.8707,0,0,1,EPL,18.125,33.333333333333336
7282,,78,90,2017-12-12 20:00:00,,2017,2,1,Crystal Palace,Watford,1.10545,1.40441,1,0,0,EPL,10.714285714285714,8.789473684210526
7281,,84,88,2017-12-13 19:45:00,,2017,0,4,Swansea,Manchester City,0.589496,3.56828,0,0,1,EPL,5.476190476190476,28.8125
7284,,86,72,2017-12-13 19:45:00,,2017,0,1,Newcastle United,Everton,0.570658,1.38719,0,0,1,EPL,10.5,11.857142857142858
7285,,74,75,2017-12-13 19:45:00,,2017,1,4,Southampton,Leicester,1.11749,2.24579,0,0,1,EPL,8.333333333333334,7.846153846153846
7283,,89,73,2017-12-13 20:00:00,,2017,1,0,Manchester United,Bournemouth,1.24043,0.815792,1,0,0,EPL,25.714285714285715,8.961538461538462
7286,,81,83,2017-12-13 20:00:00,,2017,0,0,West Ham,Arsenal,0.405172,1.02186,0,1,0,EPL,5.296296296296297,13.523809523809524
7287,,87,76,2017-12-13 20:00:00,,2017,0,0,Liverpool,West Bromwich Albion,2.13915,0.520382,0,1,0,EPL,29.285714285714285,4.0
7288,,82,220,2017-12-13 20:00:00,,2017,2,0,Tottenham,Brighton,1.87344,0.315616,1,0,0,EPL,59.0,6.0476190476190474
7294,,75,78,2017-12-16 12:30:00,,2017,0,3,Leicester,Crystal Palace,0.758241,2.25889,0,0,1,EPL,10.541666666666666,4.551724137931035
7289,,83,86,2017-12-16 15:00:00,,2017,1,0,Arsenal,Newcastle United,2.02472,0.286547,1,0,0,EPL,19.95,4.147058823529412
7291,,220,92,2017-12-16 15:00:00,,2017,0,0,Brighton,Burnley,1.49029,1.32536,0,1,0,EPL,12.857142857142858,10.5
7292,,80,74,2017-12-16 15:00:00,,2017,1,0,Chelsea,Southampton,1.29018,0.587081,1,0,0,EPL,9.666666666666666,17.27777777777778
7296,,90,219,2017-12-16 15:00:00,,2017,1,4,Watford,Huddersfield,0.589103,3.49193,0,0,1,EPL,7.909090909090909,8.444444444444445
7297,,85,81,2017-12-16 16:00:00,,2017,0,3,Stoke,West Ham,0.983293,3.08244,0,0,1,EPL,13.0,5.3
7298,,88,82,2017-12-16 17:30:00,,2017,4,1,Manchester City,Tottenham,4.14588,0.182456,1,0,0,EPL,7.1875,7.967741935483871
7295,,76,89,2017-12-17 14:15:00,,2017,1,2,West Bromwich Albion,Manchester United,1.076,0.898984,0,0,1,EPL,13.333333333333334,12.583333333333334
7290,,73,87,2017-12-17 16:30:00,,2017,0,4,Bournemouth,Liverpool,0.539178,3.25041,0,0,1,EPL,10.0,83.2
7293,,72,84,2017-12-18 20:00:00,,2017,3,1,Everton,Swansea,2.01756,0.766224,1,0,0,EPL,14.555555555555555,10.043478260869565
7301,,83,87,2017-12-22 19:45:00,,2017,3,3,Arsenal,Liverpool,1.13104,2.05947,0,1,0,EPL,9.233333333333333,9.16
7303,,72,80,2017-12-23 12:30:00,,2017,0,0,Everton,Chelsea,0.342403,1.84971,0,1,0,EPL,9.823529411764707,12.8
7299,,84,78,2017-12-23 15:00:00,,2017,1,1,Swansea,Crystal Palace,0.546613,1.25546,0,1,0,EPL,20.88235294117647,5.448275862068965
7300,,81,86,2017-12-23 15:00:00,,2017,2,3,West Ham,Newcastle United,2.31898,1.90622,0,0,1,EPL,12.166666666666666,6.5625
7305,,220,90,2017-12-23 15:00:00,,2017,1,0,Brighton,Watford,1.40139,1.30044,1,0,0,EPL,10.761904761904763,11.4375
7306,,85,76,2017-12-23 15:00:00,,2017,3,1,Stoke,West Bromwich Albion,1.7986,2.0544,1,0,0,EPL,9.0,8.185185185185185
7307,,74,219,2017-12-23 15:00:00,,2017,1,1,Southampton,Huddersfield,1.73805,1.09381,0,1,0,EPL,7.958333333333333,5.071428571428571
7308,,88,73,2017-12-23 15:00:00,,2017,4,0,Manchester City,Bournemouth,1.55724,0.334896,1,0,0,EPL,39.23076923076923,4.923076923076923
7304,,92,82,2017-12-23 17:30:00,,2017,0,3,Burnley,Tottenham,0.159735,3.30947,0,0,1,EPL,12.0,14.45
7302,,75,89,2017-12-23 19:45:00,,2017,2,2,Leicester,Manchester United,1.56465,2.15281,0,1,0,EPL,13.61111111111111,8.178571428571429
7316,,82,74,2017-12-26 12:30:00,,2017,5,2,Tottenham,Southampton,3.08413,0.591118,1,0,0,EPL,6.7,8.761904761904763
7309,,73,81,2017-12-26 15:00:00,,2017,3,3,Bournemouth,West Ham,2.84928,1.87596,0,1,0,EPL,7.433333333333334,6.64
7310,,80,220,2017-12-26 15:00:00,,2017,2,0,Chelsea,Brighton,2.16934,0.452601,1,0,0,EPL,39.44444444444444,9.8
7312,,219,85,2017-12-26 15:00:00,,2017,1,1,Huddersfield,Stoke,1.8756,1.19984,0,1,0,EPL,14.4,8.318181818181818
7314,,89,92,2017-12-26 15:00:00,,2017,2,2,Manchester United,Burnley,1.80763,0.786214,0,1,0,EPL,21.214285714285715,8.642857142857142
7317,,90,75,2017-12-26 15:00:00,,2017,2,1,Watford,Leicester,1.43009,1.54771,1,0,0,EPL,7.368421052631579,5.90625
7318,,76,72,2017-12-26 15:00:00,,2017,0,0,West Bromwich Albion,Everton,1.18168,0.405775,0,1,0,EPL,8.61111111111111,7.684210526315789
7313,,87,84,2017-12-26 17:30:00,,2017,5,0,Liverpool,Swansea,3.06422,0.2719,1,0,0,EPL,20.842105263157894,14.375
7315,,86,88,2017-12-27 19:45:00,,2017,0,1,Newcastle United,Manchester City,0.174705,1.93187,0,0,1,EPL,5.277777777777778,28.0
7311,,78,83,2017-12-28 20:00:00,,2017,2,3,Crystal Palace,Arsenal,1.14522,1.84104,0,0,1,EPL,9.6875,10.257142857142858
7319,,73,72,2017-12-30 15:00:00,,2017,2,1,Bournemouth,Everton,1.39955,0.599608,1,0,0,EPL,5.392857142857143,15.055555555555555
7320,,80,85,2017-12-30 15:00:00,,2017,5,0,Chelsea,Stoke,3.09527,0.28218,1,0,0,EPL,21.31578947368421,18.5
7322,,219,92,2017-12-30 15:00:00,,2017,0,0,Huddersfield,Burnley,0.049118,1.20923,0,1,0,EPL,7.961538461538462,5.545454545454546
7323,,87,75,2017-12-30 15:00:00,,2017,2,1,Liverpool,Leicester,2.56607,0.789667,1,0,0,EPL,34.875,9.80952380952381
7325,,86,220,2017-12-30 15:00:00,,2017,0,0,Newcastle United,Brighton,0.504379,0.630058,0,1,0,EPL,13.4,13.666666666666666
7327,,90,84,2017-12-30 15:00:00,,2017,1,2,Watford,Swansea,1.17794,1.31479,0,0,1,EPL,10.428571428571429,12.37037037037037
7324,,89,74,2017-12-30 17:30:00,,2017,0,0,Manchester United,Southampton,1.87247,0.85013,0,1,0,EPL,14.88888888888889,10.045454545454545
7321,,78,88,2017-12-31 12:00:00,,2017,0,0,Crystal Palace,Manchester City,1.72153,1.09586,0,1,0,EPL,2.875,21.375
7328,,76,83,2017-12-31 16:30:00,,2017,1,1,West Bromwich Albion,Arsenal,1.39429,0.917801,0,1,0,EPL,19.5,15.047619047619047
7331,,220,73,2018-01-01 12:30:00,,2017,2,2,Brighton,Bournemouth,2.37332,1.28248,0,1,0,EPL,10.947368421052632,9.869565217391305
7332,,92,87,2018-01-01 15:00:00,,2017,1,2,Burnley,Liverpool,0.900466,1.62514,0,0,1,EPL,10.666666666666666,21.857142857142858
7334,,75,219,2018-01-01 15:00:00,,2017,3,0,Leicester,Huddersfield,1.45074,0.226625,1,0,0,EPL,9.066666666666666,13.571428571428571
7337,,85,86,2018-01-01 15:00:00,,2017,0,1,Stoke,Newcastle United,1.50029,2.02028,0,0,1,EPL,12.454545454545455,8.333333333333334
7333,,72,89,2018-01-01 17:30:00,,2017,0,2,Everton,Manchester United,1.23952,1.26247,0,0,1,EPL,8.15,15.88888888888889
7329,,81,76,2018-01-02 19:45:00,,2017,2,1,West Ham,West Bromwich Albion,1.0594,0.63538,1,0,0,EPL,11.727272727272727,12.0
7336,,74,78,2018-01-02 19:45:00,,2017,1,2,Southampton,Crystal Palace,0.445301,1.34294,0,0,1,EPL,16.157894736842106,5.846153846153846
7338,,84,82,2018-01-02 19:45:00,,2017,0,2,Swansea,Tottenham,0.397789,1.61843,0,0,1,EPL,6.129032258064516,20.894736842105264
7335,,88,90,2018-01-02 20:00:00,,2017,3,1,Manchester City,Watford,2.77398,0.965283,1,0,0,EPL,25.523809523809526,5.461538461538462
7330,,83,80,2018-01-03 19:45:00,,2017,2,2,Arsenal,Chelsea,1.23205,3.0768,0,1,0,EPL,12.538461538461538,11.0
7326,,82,81,2018-01-04 20:00:00,,2017,1,1,Tottenham,West Ham,1.64908,0.612933,0,1,0,EPL,22.285714285714285,5.185185185185185
7340,,80,75,2018-01-13 15:00:00,,2017,0,0,Chelsea,Leicester,0.622946,1.36341,0,1,0,EPL,10.652173913043478,6.3428571428571425
7341,,78,92,2018-01-13 15:00:00,,2017,1,0,Crystal Palace,Burnley,1.80971,0.907849,1,0,0,EPL,7.0,10.428571428571429
7342,,219,81,2018-01-13 15:00:00,,2017,1,4,Huddersfield,West Ham,0.681,0.986853,0,0,1,EPL,14.863636363636363,5.791666666666667
7345,,86,84,2018-01-13 15:00:00,,2017,1,1,Newcastle United,Swansea,1.8273,0.895774,0,1,0,EPL,15.916666666666666,10.482758620689655
7347,,90,74,2018-01-13 15:00:00,,2017,2,2,Watford,Southampton,1.67369,0.857637,0,1,0,EPL,11.052631578947368,7.416666666666667
7348,,76,220,2018-01-13 15:00:00,,2017,2,0,West Bromwich Albion,Brighton,1.38478,0.530765,1,0,0,EPL,7.45,17.153846153846153
7346,,82,72,2018-01-13 17:30:00,,2017,4,0,Tottenham,Everton,4.21366,0.290345,1,0,0,EPL,10.633333333333333,6.827586206896552
7339,,73,83,2018-01-14 13:30:00,,2017,2,1,Bournemouth,Arsenal,0.822285,1.00956,1,0,0,EPL,7.190476190476191,10.206896551724139
7343,,87,88,2018-01-14 16:00:00,,2017,4,3,Liverpool,Manchester City,1.01595,0.722959,1,0,0,EPL,6.433333333333334,13.5
7344,,89,85,2018-01-15 20:00:00,,2017,3,0,Manchester United,Stoke,1.9485,1.47603,1,0,0,EPL,28.153846153846153,9.576923076923077
7350,,220,80,2018-01-20 12:30:00,,2017,0,4,Brighton,Chelsea,0.881174,1.52008,0,0,1,EPL,16.0,11.433333333333334
7349,,83,78,2018-01-20 15:00:00,,2017,4,1,Arsenal,Crystal Palace,3.56519,0.501202,1,0,0,EPL,21.157894736842106,12.473684210526315
7351,,92,89,2018-01-20 15:00:00,,2017,0,1,Burnley,Manchester United,0.568215,0.860828,0,0,1,EPL,11.894736842105264,12.882352941176471
7352,,72,76,2018-01-20 15:00:00,,2017,1,1,Everton,West Bromwich Albion,0.92355,1.34998,0,1,0,EPL,10.761904761904763,4.45945945945946
7353,,75,90,2018-01-20 15:00:00,,2017,2,0,Leicester,Watford,1.51932,0.740795,1,0,0,EPL,11.19047619047619,8.727272727272727
7356,,85,219,2018-01-20 15:00:00,,2017,2,0,Stoke,Huddersfield,0.987799,0.238458,1,0,0,EPL,9.875,4.851851851851852
7358,,81,73,2018-01-20 15:00:00,,2017,1,1,West Ham,Bournemouth,0.980241,0.501886,0,1,0,EPL,9.166666666666666,12.764705882352942
7354,,88,86,2018-01-20 17:30:00,,2017,3,1,Manchester City,Newcastle United,2.5505,0.992018,1,0,0,EPL,16.523809523809526,3.8947368421052633
7355,,74,82,2018-01-21 16:00:00,,2017,1,1,Southampton,Tottenham,1.15209,1.30653,0,1,0,EPL,7.125,15.588235294117647
7357,,84,87,2018-01-22 20:00:00,,2017,1,0,Swansea,Liverpool,0.498742,2.19675,1,0,0,EPL,7.842105263157895,52.285714285714285
7360,,81,78,2018-01-30 19:45:00,,2017,1,1,West Ham,Crystal Palace,1.11632,1.15809,0,1,0,EPL,4.791666666666667,9.833333333333334
7361,,84,83,2018-01-30 19:45:00,,2017,3,1,Swansea,Arsenal,2.37911,1.15616,1,0,0,EPL,12.307692307692308,52.0
7359,,219,87,2018-01-30 20:00:00,,2017,0,3,Huddersfield,Liverpool,0.288048,2.05148,0,0,1,EPL,8.65,43.53846153846154
7362,,80,73,2018-01-31 19:45:00,,2017,0,3,Chelsea,Bournemouth,1.14795,1.42447,0,0,1,EPL,9.289473684210526,8.0
7363,,74,220,2018-01-31 19:45:00,,2017,1,1,Southampton,Brighton,1.27393,1.07907,0,1,0,EPL,12.0,5.857142857142857
7364,,86,92,2018-01-31 19:45:00,,2017,1,1,Newcastle United,Burnley,2.52275,1.22828,0,1,0,EPL,6.678571428571429,7.545454545454546
7365,,72,75,2018-01-31 19:45:00,,2017,2,1,Everton,Leicester,1.53072,2.65018,1,0,0,EPL,9.823529411764707,8.2
7366,,88,76,2018-01-31 20:00:00,,2017,3,0,Manchester City,West Bromwich Albion,2.68955,0.118043,1,0,0,EPL,28.0,4.821428571428571
7367,,82,89,2018-01-31 20:00:00,,2017,2,0,Tottenham,Manchester United,2.0117,0.817997,1,0,0,EPL,9.88888888888889,7.628571428571429
7368,,85,90,2018-01-31 20:00:00,,2017,0,0,Stoke,Watford,0.722172,0.740773,0,1,0,EPL,6.722222222222222,6.9375
7372,,92,88,2018-02-03 12:30:00,,2017,1,1,Burnley,Manchester City,0.795971,2.24914,0,1,0,EPL,9.0,20.210526315789473
7370,,73,85,2018-02-03 15:00:00,,2017,2,1,Bournemouth,Stoke,1.91091,0.721222,1,0,0,EPL,6.6,7.7894736842105265
7371,,220,81,2018-02-03 15:00:00,,2017,3,1,Brighton,West Ham,1.64227,0.443751,1,0,0,EPL,9.272727272727273,8.083333333333334
7374,,75,84,2018-02-03 15:00:00,,2017,1,1,Leicester,Swansea,1.48466,0.569943,0,1,0,EPL,14.19047619047619,6.916666666666667
7376,,89,219,2018-02-03 15:00:00,,2017,2,0,Manchester United,Huddersfield,1.63389,0.13049,1,0,0,EPL,19.217391304347824,7.944444444444445
7378,,76,74,2018-02-03 15:00:00,,2017,2,3,West Bromwich Albion,Southampton,0.876603,0.99695,0,0,1,EPL,8.0,11.166666666666666
7369,,83,72,2018-02-03 17:30:00,,2017,5,1,Arsenal,Everton,3.19622,1.49065,1,0,0,EPL,14.478260869565217,14.714285714285714
7373,,78,86,2018-02-04 14:15:00,,2017,1,1,Crystal Palace,Newcastle United,3.00238,1.14408,0,1,0,EPL,14.4,9.85
7375,,87,82,2018-02-04 16:30:00,,2017,2,2,Liverpool,Tottenham,1.28962,2.54392,0,1,0,EPL,10.0,13.48
7377,,90,80,2018-02-05 20:00:00,,2017,4,1,Watford,Chelsea,2.12696,0.573557,1,0,0,EPL,11.473684210526315,9.75
7387,,82,83,2018-02-10 12:30:00,,2017,1,0,Tottenham,Arsenal,2.63564,0.487297,1,0,0,EPL,15.647058823529411,10.566666666666666
7380,,72,78,2018-02-10 15:00:00,,2017,3,1,Everton,Crystal Palace,1.48792,1.65713,1,0,0,EPL,6.928571428571429,4.394736842105263
7385,,85,220,2018-02-10 15:00:00,,2017,1,1,Stoke,Brighton,1.39547,0.897856,0,1,0,EPL,10.047619047619047,11.0
7386,,84,92,2018-02-10 15:00:00,,2017,1,0,Swansea,Burnley,0.843332,0.430729,1,0,0,EPL,14.5,15.727272727272727
7388,,81,90,2018-02-10 15:00:00,,2017,2,0,West Ham,Watford,1.83359,0.799928,1,0,0,EPL,5.368421052631579,9.043478260869565
7382,,88,75,2018-02-10 17:30:00,,2017,5,1,Manchester City,Leicester,2.59121,0.109716,1,0,0,EPL,28.615384615384617,6.115384615384615
7381,,219,73,2018-02-11 12:00:00,,2017,4,1,Huddersfield,Bournemouth,2.56699,0.433555,1,0,0,EPL,11.31578947368421,6.606060606060606
7383,,86,89,2018-02-11 14:15:00,,2017,1,0,Newcastle United,Manchester United,0.676656,1.71995,1,0,0,EPL,7.7272727272727275,13.416666666666666
7384,,74,87,2018-02-11 16:30:00,,2017,0,2,Southampton,Liverpool,0.854343,2.35575,0,0,1,EPL,10.96551724137931,13.142857142857142
7379,,80,76,2018-02-12 20:00:00,,2017,3,0,Chelsea,West Bromwich Albion,2.37995,0.628806,1,0,0,EPL,8.470588235294118,10.166666666666666
7396,,75,85,2018-02-24 12:30:00,,2017,1,1,Leicester,Stoke,1.12487,0.166078,0,1,0,EPL,7.333333333333333,3.730769230769231
7390,,73,86,2018-02-24 15:00:00,,2017,2,2,Bournemouth,Newcastle United,1.20646,4.23567,0,1,0,EPL,13.904761904761905,6.92
7391,,220,84,2018-02-24 15:00:00,,2017,4,1,Brighton,Swansea,3.2913,0.443169,1,0,0,EPL,9.173913043478262,10.590909090909092
7394,,76,219,2018-02-24 15:00:00,,2017,1,2,West Bromwich Albion,Huddersfield,1.50162,1.18101,0,0,1,EPL,8.91304347826087,5.782608695652174
7395,,87,81,2018-02-24 15:00:00,,2017,4,1,Liverpool,West Ham,3.9205,0.33527,1,0,0,EPL,21.470588235294116,5.333333333333333
7398,,92,74,2018-02-24 15:00:00,,2017,1,1,Burnley,Southampton,1.28178,0.65898,0,1,0,EPL,8.842105263157896,12.461538461538462
7392,,90,72,2018-02-24 17:30:00,,2017,1,0,Watford,Everton,0.606929,0.665127,1,0,0,EPL,7.107142857142857,5.483870967741935
7397,,78,82,2018-02-25 00:00:00,,2017,0,1,Crystal Palace,Tottenham,0.184958,1.65074,0,0,1,EPL,4.15,15.0
7393,,89,80,2018-02-25 14:05:00,,2017,2,1,Manchester United,Chelsea,1.30036,1.68958,1,0,0,EPL,9.666666666666666,10.225806451612904
7389,,83,88,2018-03-01 19:45:00,,2017,0,3,Arsenal,Manchester City,1.30172,1.92605,0,0,1,EPL,21.071428571428573,10.692307692307692
7400,,92,72,2018-03-03 12:30:00,,2017,2,1,Burnley,Everton,2.33524,1.79993,1,0,0,EPL,10.166666666666666,9.352941176470589
7402,,75,73,2018-03-03 15:00:00,,2017,1,1,Leicester,Bournemouth,2.97799,1.4035,0,1,0,EPL,19.88888888888889,6.25
7405,,74,85,2018-03-03 15:00:00,,2017,0,0,Southampton,Stoke,0.982895,0.385303,0,1,0,EPL,11.222222222222221,4.086956521739131
7406,,84,81,2018-03-03 15:00:00,,2017,4,1,Swansea,West Ham,2.30838,0.497211,1,0,0,EPL,10.0,14.173913043478262
7407,,82,219,2018-03-03 15:00:00,,2017,2,0,Tottenham,Huddersfield,1.63794,0.138106,1,0,0,EPL,24.952380952380953,5.5
7408,,90,76,2018-03-03 15:00:00,,2017,1,0,Watford,West Bromwich Albion,1.23526,1.09115,1,0,0,EPL,5.676470588235294,8.3
7403,,87,86,2018-03-03 17:30:00,,2017,2,0,Liverpool,Newcastle United,1.56935,0.255322,1,0,0,EPL,29.125,4.666666666666667
7399,,220,83,2018-03-04 13:30:00,,2017,2,1,Brighton,Arsenal,1.48498,0.801513,1,0,0,EPL,5.36,12.652173913043478
7404,,88,80,2018-03-04 16:00:00,,2017,1,0,Manchester City,Chelsea,0.953312,0.118301,1,0,0,EPL,82.85714285714286,8.724137931034482
7401,,78,89,2018-03-05 20:00:00,,2017,2,3,Crystal Palace,Manchester United,0.74138,1.25439,0,0,1,EPL,6.411764705882353,15.227272727272727
7414,,89,87,2018-03-10 12:30:00,,2017,2,1,Manchester United,Liverpool,0.845051,0.777089,1,0,0,EPL,5.826086956521739,16.058823529411764
7412,,72,220,2018-03-10 15:00:00,,2017,2,0,Everton,Brighton,1.68868,0.321797,1,0,0,EPL,12.352941176470589,7.611111111111111
7413,,219,84,2018-03-10 15:00:00,,2017,0,0,Huddersfield,Swansea,1.39381,0,0,1,0,EPL,36.5,4.3125
7415,,86,74,2018-03-10 15:00:00,,2017,3,0,Newcastle United,Southampton,1.35847,0.496723,1,0,0,EPL,5.6,10.708333333333334
7417,,76,75,2018-03-10 15:00:00,,2017,1,4,West Bromwich Albion,Leicester,0.360925,1.86524,0,0,1,EPL,11.875,10.4
7418,,81,92,2018-03-10 15:00:00,,2017,0,3,West Ham,Burnley,0.72673,1.41929,0,0,1,EPL,15.2,10.5
7411,,80,78,2018-03-10 17:30:00,,2017,2,1,Chelsea,Crystal Palace,3.87829,1.13893,1,0,0,EPL,12.652173913043478,7.625
7409,,83,90,2018-03-11 13:30:00,,2017,3,0,Arsenal,Watford,2.38263,1.54676,1,0,0,EPL,16.705882352941178,7.55
7410,,73,82,2018-03-11 16:00:00,,2017,1,4,Bournemouth,Tottenham,1.17387,2.53124,0,0,1,EPL,8.45,11.592592592592593
7416,,85,88,2018-03-12 20:00:00,,2017,0,2,Stoke,Manchester City,0.157023,1.64562,0,0,1,EPL,5.173913043478261,45.083333333333336
7419,,73,76,2018-03-17 15:00:00,,2017,2,1,Bournemouth,West Bromwich Albion,0.685329,1.74488,1,0,0,EPL,16.294117647058822,8.6
7421,,219,78,2018-03-17 15:00:00,,2017,0,2,Huddersfield,Crystal Palace,0.220381,2.74705,0,0,1,EPL,10.380952380952381,4.743589743589744
7425,,85,72,2018-03-17 15:00:00,,2017,1,2,Stoke,Everton,0.894266,2.97881,0,0,1,EPL,7.608695652173913,11.571428571428571
7423,,87,90,2018-03-17 17:30:00,,2017,5,0,Liverpool,Watford,1.81208,0.35476,1,0,0,EPL,19.526315789473685,11.789473684210526
7432,,78,87,2018-03-31 12:30:00,,2017,1,2,Crystal Palace,Liverpool,1.90868,1.72037,0,0,1,EPL,6.333333333333333,17.272727272727273
7430,,220,75,2018-03-31 15:00:00,,2017,0,2,Brighton,Leicester,1.60322,1.26582,0,0,1,EPL,9.318181818181818,9.217391304347826
7434,,81,74,2018-03-31 15:00:00,,2017,3,0,West Ham,Southampton,1.44971,0.446641,1,0,0,EPL,6.884615384615385,8.25
7435,,89,84,2018-03-31 15:00:00,,2017,2,0,Manchester United,Swansea,2.14368,0.138813,1,0,0,EPL,25.0,8.68
7436,,86,219,2018-03-31 15:00:00,,2017,1,0,Newcastle United,Huddersfield,2.53617,0.280847,1,0,0,EPL,13.807692307692308,5.869565217391305
7437,,90,73,2018-03-31 15:00:00,,2017,2,2,Watford,Bournemouth,0.76133,2.1146,0,1,0,EPL,17.6,7.147058823529412
7438,,76,92,2018-03-31 15:00:00,,2017,1,2,West Bromwich Albion,Burnley,0.394723,1.41534,0,0,1,EPL,13.25,14.705882352941176
7433,,72,88,2018-03-31 17:30:00,,2017,1,3,Everton,Manchester City,0.859628,1.91312,0,0,1,EPL,6.615384615384615,28.0
7429,,83,85,2018-04-01 13:30:00,,2017,3,0,Arsenal,Stoke,3.56649,0.342516,1,0,0,EPL,19.047619047619047,5.473684210526316
7431,,80,82,2018-04-01 16:00:00,,2017,1,3,Chelsea,Tottenham,1.209,1.3895,0,0,1,EPL,8.419354838709678,11.48
7443,,72,87,2018-04-07 11:30:00,,2017,0,0,Everton,Liverpool,0.723427,0.947321,0,1,0,EPL,13.727272727272727,14.26086956521739
7440,,73,78,2018-04-07 14:00:00,,2017,2,2,Bournemouth,Crystal Palace,2.09227,1.14558,0,1,0,EPL,17.375,14.133333333333333
7441,,220,219,2018-04-07 14:00:00,,2017,1,1,Brighton,Huddersfield,1.53244,1.48964,0,1,0,EPL,7.761904761904762,18.466666666666665
7444,,75,86,2018-04-07 14:00:00,,2017,1,2,Leicester,Newcastle United,1.09224,0.285116,0,0,1,EPL,17.625,7.733333333333333
7446,,85,82,2018-04-07 14:00:00,,2017,1,2,Stoke,Tottenham,1.40115,1.79894,0,0,1,EPL,6.0,9.806451612903226
7447,,90,92,2018-04-07 14:00:00,,2017,1,2,Watford,Burnley,1.36685,1.38319,0,0,1,EPL,7.142857142857143,5.695652173913044
7448,,76,84,2018-04-07 14:00:00,,2017,1,1,West Bromwich Albion,Swansea,1.22912,0.655729,0,1,0,EPL,17.4375,9.392857142857142
7445,,88,89,2018-04-07 16:30:00,,2017,2,3,Manchester City,Manchester United,3.42967,1.21683,0,0,1,EPL,12.551724137931034,7.083333333333333
7439,,83,74,2018-04-08 13:15:00,,2017,3,2,Arsenal,Southampton,1.58895,2.16699,1,0,0,EPL,23.2,11.333333333333334
7442,,80,81,2018-04-08 15:30:00,,2017,1,1,Chelsea,West Ham,2.12073,0.302554,0,1,0,EPL,15.421052631578947,10.125
7455,,74,80,2018-04-14 11:30:00,,2017,2,3,Southampton,Chelsea,1.2922,0.663817,0,0,1,EPL,8.434782608695652,11.136363636363637
7449,,92,75,2018-04-14 14:00:00,,2017,2,1,Burnley,Leicester,1.05951,1.99812,1,0,0,EPL,9.76923076923077,13.0
7450,,78,220,2018-04-14 14:00:00,,2017,3,2,Crystal Palace,Brighton,2.49925,1.54485,1,0,0,EPL,6.916666666666667,7.434782608695652
7451,,219,90,2018-04-14 14:00:00,,2017,1,0,Huddersfield,Watford,0.929512,0.306273,1,0,0,EPL,9.0625,8.16
7456,,84,72,2018-04-14 14:00:00,,2017,1,1,Swansea,Everton,1.19751,1.61456,0,1,0,EPL,14.733333333333333,7.838709677419355
7452,,87,73,2018-04-14 16:30:00,,2017,3,0,Liverpool,Bournemouth,2.6402,0.540593,1,0,0,EPL,35.6,7.84
7457,,82,88,2018-04-14 18:45:00,,2017,1,3,Tottenham,Manchester City,0.445014,3.61987,0,0,1,EPL,10.772727272727273,12.448275862068966
7454,,86,83,2018-04-15 12:30:00,,2017,2,1,Newcastle United,Arsenal,0.888452,1.41538,1,0,0,EPL,4.888888888888889,15.62962962962963
7453,,89,76,2018-04-15 15:00:00,,2017,0,1,Manchester United,West Bromwich Albion,0.639748,0.824508,0,0,1,EPL,19.789473684210527,5.777777777777778
7458,,81,85,2018-04-16 19:00:00,,2017,1,1,West Ham,Stoke,0.807456,1.41085,0,1,0,EPL,8.96,5.478260869565218
7462,,220,82,2018-04-17 18:45:00,,2017,1,1,Brighton,Tottenham,0.988099,1.36248,0,1,0,EPL,8.695652173913043,14.73913043478261
7463,,73,89,2018-04-18 18:45:00,,2017,0,2,Bournemouth,Manchester United,1.18301,1.61597,0,0,1,EPL,8.777777777777779,20.933333333333334
7420,,92,80,2018-04-19 18:45:00,,2017,1,2,Burnley,Chelsea,0.221642,1.7717,0,0,1,EPL,13.117647058823529,19.7
7464,,75,74,2018-04-19 18:45:00,,2017,0,0,Leicester,Southampton,0.515248,0.651171,0,1,0,EPL,9.434782608695652,6.714285714285714
7468,,76,87,2018-04-21 00:00:00,,2017,2,2,West Bromwich Albion,Liverpool,1.39669,1.6393,0,1,0,EPL,12.266666666666667,17.571428571428573
7467,,90,78,2018-04-21 14:00:00,,2017,0,0,Watford,Crystal Palace,0.59455,0.182325,0,1,0,EPL,8.666666666666666,3.9545454545454546
7459,,83,81,2018-04-22 12:30:00,,2017,4,1,Arsenal,West Ham,2.07299,0.623161,1,0,0,EPL,32.8,8.368421052631579
7466,,85,92,2018-04-22 12:30:00,,2017,1,1,Stoke,Burnley,0.356095,1.61309,0,1,0,EPL,13.222222222222221,11.375
7465,,88,84,2018-04-22 15:30:00,,2017,5,0,Manchester City,Swansea,3.41675,0.297493,1,0,0,EPL,39.6,4.137931034482759
7461,,72,86,2018-04-23 19:00:00,,2017,1,0,Everton,Newcastle United,0.948534,0.480957,1,0,0,EPL,10.703703703703704,6.142857142857143
7472,,87,85,2018-04-28 11:30:00,,2017,0,0,Liverpool,Stoke,2.11658,0.777827,0,1,0,EPL,15.75,8.545454545454545
7469,,92,220,2018-04-28 14:00:00,,2017,0,0,Burnley,Brighton,1.54596,0.378409,0,1,0,EPL,9.9375,29.0
7470,,78,75,2018-04-28 14:00:00,,2017,5,0,Crystal Palace,Leicester,2.7876,0.941395,1,0,0,EPL,21.11111111111111,9.541666666666666
7471,,219,72,2018-04-28 14:00:00,,2017,0,2,Huddersfield,Everton,0.56538,0.943754,0,0,1,EPL,10.5,7.964285714285714
7474,,86,76,2018-04-28 14:00:00,,2017,0,1,Newcastle United,West Bromwich Albion,1.58397,0.703096,0,0,1,EPL,14.095238095238095,8.333333333333334
7475,,74,73,2018-04-28 14:00:00,,2017,2,1,Southampton,Bournemouth,1.72584,1.01741,1,0,0,EPL,7.04,13.380952380952381
7476,,84,80,2018-04-28 16:30:00,,2017,0,1,Swansea,Chelsea,0.502964,1.45426,0,0,1,EPL,32.4,12.533333333333333
7478,,81,88,2018-04-29 13:15:00,,2017,1,4,West Ham,Manchester City,0.228917,2.29076,0,0,1,EPL,5.814814814814815,31.375
7473,,89,83,2018-04-29 15:30:00,,2017,2,1,Manchester United,Arsenal,1.54667,0.651541,1,0,0,EPL,17.476190476190474,8.71875
7477,,82,90,2018-04-30 19:00:00,,2017,2,0,Tottenham,Watford,1.76757,1.36928,1,0,0,EPL,14.954545454545455,5.67741935483871
7484,,220,89,2018-05-04 20:00:00,,2017,1,0,Brighton,Manchester United,0.922771,0.652444,1,0,0,EPL,8.421052631578947,22.235294117647058
7481,,85,78,2018-05-05 12:30:00,,2017,1,2,Stoke,Crystal Palace,0.750175,1.31471,0,0,1,EPL,9.214285714285714,6.566666666666666
7479,,75,81,2018-05-05 15:00:00,,2017,0,2,Leicester,West Ham,0.391738,1.43027,0,0,1,EPL,9.208333333333334,7.478260869565218
7482,,90,86,2018-05-05 15:00:00,,2017,2,1,Watford,Newcastle United,2.81246,0.613901,1,0,0,EPL,15.357142857142858,17.666666666666668
7483,,76,82,2018-05-05 15:00:00,,2017,1,0,West Bromwich Albion,Tottenham,1.21792,0.969481,1,0,0,EPL,4.590909090909091,19.833333333333332
7488,,73,84,2018-05-05 15:00:00,,2017,1,0,Bournemouth,Swansea,1.69618,1.0138,1,0,0,EPL,11.375,24.0
7486,,72,74,2018-05-05 17:30:00,,2017,1,1,Everton,Southampton,0.420891,0.634996,0,1,0,EPL,12.166666666666666,7.791666666666667
7480,,88,219,2018-05-06 13:30:00,,2017,0,0,Manchester City,Huddersfield,0.78641,0.54565,0,1,0,EPL,23.23076923076923,3.411764705882353
7485,,80,87,2018-05-06 16:30:00,,2017,1,0,Chelsea,Liverpool,0.806168,0.427002,1,0,0,EPL,6.037037037037037,21.9
7487,,83,92,2018-05-06 16:30:00,,2017,5,0,Arsenal,Burnley,2.92408,0.21671,1,0,0,EPL,26.466666666666665,11.047619047619047
7426,,84,74,2018-05-08 19:45:00,,2017,0,1,Swansea,Southampton,0.389621,1.48865,0,0,1,EPL,12.6875,15.818181818181818
7422,,75,83,2018-05-09 19:45:00,,2017,3,1,Leicester,Arsenal,2.19801,1.54443,1,0,0,EPL,8.470588235294118,11.782608695652174
7460,,80,219,2018-05-09 19:45:00,,2017,1,1,Chelsea,Huddersfield,2.25256,0.631021,0,1,0,EPL,18.857142857142858,7.785714285714286
7424,,88,220,2018-05-09 20:00:00,,2017,3,1,Manchester City,Brighton,1.64765,1.00939,1,0,0,EPL,51.125,9.333333333333334
7427,,82,86,2018-05-09 20:00:00,,2017,1,0,Tottenham,Newcastle United,0.835241,0.829699,1,0,0,EPL,19.133333333333333,4.827586206896552
7428,,81,89,2018-05-10 19:45:00,,2017,0,0,West Ham,Manchester United,0.783043,0.596075,0,1,0,EPL,9.821428571428571,9.612903225806452
7489,,81,72,2018-05-13 15:00:00,,2017,3,1,West Ham,Everton,1.18299,1.67867,1,0,0,EPL,14.125,12.533333333333333
7490,,82,75,2018-05-13 15:00:00,,2017,5,4,Tottenham,Leicester,1.83248,1.27359,1,0,0,EPL,9.310344827586206,5.571428571428571
7491,,84,85,2018-05-13 15:00:00,,2017,1,2,Swansea,Stoke,1.70936,1.75436,0,0,1,EPL,21.23076923076923,9.607142857142858
7492,,92,73,2018-05-13 15:00:00,,2017,1,2,Burnley,Bournemouth,1.16179,1.38551,0,0,1,EPL,14.23076923076923,8.44
7493,,78,76,2018-05-13 15:00:00,,2017,2,0,Crystal Palace,West Bromwich Albion,2.36491,0.216004,1,0,0,EPL,9.5,6.138888888888889
7494,,219,83,2018-05-13 15:00:00,,2017,0,1,Huddersfield,Arsenal,1.31031,2.3322,0,0,1,EPL,16.416666666666668,9.65625
7495,,87,220,2018-05-13 15:00:00,,2017,4,0,Liverpool,Brighton,3.50981,0.0408165,1,0,0,EPL,49.0,7.857142857142857
7496,,89,90,2018-05-13 15:00:00,,2017,1,0,Manchester United,Watford,0.45805,0.654288,1,0,0,EPL,9.25925925925926,18.714285714285715
7497,,86,80,2018-05-13 15:00:00,,2017,3,0,Newcastle United,Chelsea,2.24197,0.843284,1,0,0,EPL,8.565217391304348,10.35483870967742
7498,,74,88,2018-05-13 15:00:00,,2017,0,1,Southampton,Manchester City,0.506624,0.765614,0,0,1,EPL,10.3,17.75
9197,,89,75,2018-08-10 22:00:00,,2018,2,1,Manchester United,Leicester,1.5137,1.73813,1,0,0,EPL,11.461538461538462,15.833333333333334
9198,,86,82,2018-08-11 14:30:00,,2018,1,2,Newcastle United,Tottenham,0.974497,2.58097,0,0,1,EPL,5.6571428571428575,17.45
9199,,90,220,2018-08-11 17:00:00,,2018,2,0,Watford,Brighton,1.42372,0.45504,1,0,0,EPL,14.25,8.703703703703704
9200,,219,80,2018-08-11 17:00:00,,2018,0,3,Huddersfield,Chelsea,0.396115,2.31427,0,0,1,EPL,12.666666666666666,11.545454545454545
9201,,228,78,2018-08-11 17:00:00,,2018,0,2,Fulham,Crystal Palace,0.638076,1.07816,0,0,1,EPL,22.789473684210527,4.534883720930233
9202,,73,227,2018-08-11 17:00:00,,2018,2,0,Bournemouth,Cardiff,2.60022,1.50693,1,0,0,EPL,15.823529411764707,5.631578947368421
9203,,229,72,2018-08-11 19:30:00,,2018,2,2,Wolverhampton Wanderers,Everton,0.891038,0.715382,0,1,0,EPL,15.6,25.333333333333332
9204,,74,92,2018-08-12 15:30:00,,2018,0,0,Southampton,Burnley,1.01994,1.40827,0,1,0,EPL,7.809523809523809,16.583333333333332
9205,,87,81,2018-08-12 15:30:00,,2018,4,0,Liverpool,West Ham,4.34421,0.404253,1,0,0,EPL,25.1875,8.03225806451613
9206,,83,88,2018-08-12 18:00:00,,2018,0,2,Arsenal,Manchester City,0.445187,2.0178,0,0,1,EPL,10.954545454545455,13.56
9207,,227,86,2018-08-18 14:30:00,,2018,0,0,Cardiff,Newcastle United,1.15521,1.55405,0,1,0,EPL,6.294117647058823,5.033333333333333
9208,,81,73,2018-08-18 17:00:00,,2018,1,2,West Ham,Bournemouth,1.10275,1.69077,0,0,1,EPL,15.411764705882353,6.769230769230769
9209,,82,228,2018-08-18 17:00:00,,2018,3,1,Tottenham,Fulham,3.26713,1.44253,1,0,0,EPL,89.5,8.382352941176471
9210,,75,229,2018-08-18 17:00:00,,2018,2,0,Leicester,Wolverhampton Wanderers,0.222843,1.09349,1,0,0,EPL,7.129032258064516,15.38888888888889
9211,,72,74,2018-08-18 17:00:00,,2018,2,1,Everton,Southampton,2.02004,1.77471,1,0,0,EPL,9.818181818181818,5.074074074074074
9212,,80,83,2018-08-18 19:30:00,,2018,3,2,Chelsea,Arsenal,1.71799,2.45798,1,0,0,EPL,18.136363636363637,10.76
9213,,88,219,2018-08-19 15:30:00,,2018,6,1,Manchester City,Huddersfield,4.60356,0.663731,1,0,0,EPL,35.22222222222222,9.181818181818182
9214,,92,90,2018-08-19 15:30:00,,2018,1,3,Burnley,Watford,0.392642,1.9171,0,0,1,EPL,8.73076923076923,7.842105263157895
9215,,220,89,2018-08-19 18:00:00,,2018,3,2,Brighton,Manchester United,1.63672,1.56579,1,0,0,EPL,9.357142857142858,11.027777777777779
9216,,78,87,2018-08-20 22:00:00,,2018,0,2,Crystal Palace,Liverpool,0.368608,2.82183,0,0,1,EPL,7.428571428571429,30.083333333333332
9217,,229,88,2018-08-25 14:30:00,,2018,1,1,Wolverhampton Wanderers,Manchester City,1.26376,1.84293,0,1,0,EPL,6.833333333333333,22.875
9218,,74,75,2018-08-25 17:00:00,,2018,1,2,Southampton,Leicester,0.542494,0.517935,0,0,1,EPL,13.294117647058824,7.774193548387097
9219,,219,227,2018-08-25 17:00:00,,2018,0,0,Huddersfield,Cardiff,0.203453,1.06351,0,1,0,EPL,8.478260869565217,8.833333333333334
9221,,73,72,2018-08-25 17:00:00,,2018,2,2,Bournemouth,Everton,2.5887,0.543665,0,1,0,EPL,9.454545454545455,9.35
9222,,83,81,2018-08-25 17:00:00,,2018,3,1,Arsenal,West Ham,1.7852,1.17924,1,0,0,EPL,17.72222222222222,5.03030303030303
9223,,87,220,2018-08-25 19:30:00,,2018,1,0,Liverpool,Brighton,1.81412,0.535616,1,0,0,EPL,19.636363636363637,6.6923076923076925
9224,,90,78,2018-08-26 15:30:00,,2018,2,1,Watford,Crystal Palace,1.14596,1.21905,1,0,0,EPL,6.6,9.590909090909092
9220,,228,92,2018-08-26 17:00:00,,2018,4,2,Fulham,Burnley,1.92459,1.56882,1,0,0,EPL,18.57894736842105,11.714285714285714
9225,,86,80,2018-08-26 18:00:00,,2018,1,2,Newcastle United,Chelsea,0.209337,1.49669,0,0,1,EPL,4.444444444444445,24.142857142857142
9226,,89,82,2018-08-27 22:00:00,,2018,0,3,Manchester United,Tottenham,1.40321,1.80811,0,0,1,EPL,8.40625,9.428571428571429
9227,,75,87,2018-09-01 11:30:00,,2018,1,2,Leicester,Liverpool,0.981217,1.22722,0,0,1,EPL,9.88888888888889,13.0
9228,,81,229,2018-09-01 14:00:00,,2018,0,1,West Ham,Wolverhampton Wanderers,0.888887,1.22301,0,0,1,EPL,10.346153846153847,14.333333333333334
9229,,72,219,2018-09-01 14:00:00,,2018,1,1,Everton,Huddersfield,0.616013,0.660035,0,1,0,EPL,9.344827586206897,8.523809523809524
9230,,78,74,2018-09-01 14:00:00,,2018,0,2,Crystal Palace,Southampton,2.35193,3.13612,0,0,1,EPL,10.08695652173913,11.944444444444445
9231,,80,73,2018-09-01 14:00:00,,2018,2,0,Chelsea,Bournemouth,1.16408,0.950959,1,0,0,EPL,21.235294117647058,8.214285714285714
9233,,220,228,2018-09-01 14:00:00,,2018,2,2,Brighton,Fulham,2.68216,1.51555,0,1,0,EPL,13.642857142857142,11.482758620689655
9234,,88,86,2018-09-01 16:30:00,,2018,2,1,Manchester City,Newcastle United,2.46904,0.554763,1,0,0,EPL,30.46153846153846,8.818181818181818
9235,,227,83,2018-09-02 12:30:00,,2018,2,3,Cardiff,Arsenal,0.77426,1.41005,0,0,1,EPL,4.5,16.363636363636363
9232,,92,89,2018-09-02 15:00:00,,2018,0,2,Burnley,Manchester United,1.09923,2.90359,0,0,1,EPL,10.75,21.0
9236,,90,82,2018-09-02 15:00:00,,2018,2,1,Watford,Tottenham,0.454309,0.582521,1,0,0,EPL,5.083333333333333,11.24
9237,,82,87,2018-09-15 11:30:00,,2018,1,2,Tottenham,Liverpool,0.788168,3.01015,0,0,1,EPL,19.789473684210527,10.333333333333334
9238,,86,83,2018-09-15 14:00:00,,2018,1,2,Newcastle United,Arsenal,0.412121,0.90461,0,0,1,EPL,7.095238095238095,14.75
9239,,88,228,2018-09-15 14:00:00,,2018,3,0,Manchester City,Fulham,4.91621,0.342698,1,0,0,EPL,38.18181818181818,10.857142857142858
9240,,219,78,2018-09-15 14:00:00,,2018,0,1,Huddersfield,Crystal Palace,0.87744,0.746631,0,0,1,EPL,15.941176470588236,11.842105263157896
9241,,80,227,2018-09-15 14:00:00,,2018,4,1,Chelsea,Cardiff,2.67145,0.8276,1,0,0,EPL,18.363636363636363,4.0
9242,,73,75,2018-09-15 14:00:00,,2018,4,2,Bournemouth,Leicester,2.22726,1.82502,1,0,0,EPL,7.0,16.916666666666668
9243,,90,89,2018-09-15 16:30:00,,2018,1,2,Watford,Manchester United,1.17523,1.64902,0,0,1,EPL,10.055555555555555,12.772727272727273
9244,,229,92,2018-09-16 12:30:00,,2018,1,0,Wolverhampton Wanderers,Burnley,3.3916,0.208994,1,0,0,EPL,17.9375,17.384615384615383
9245,,72,81,2018-09-16 15:00:00,,2018,1,3,Everton,West Ham,1.26774,1.52437,0,0,1,EPL,11.090909090909092,6.62962962962963
9246,,74,220,2018-09-17 19:00:00,,2018,2,2,Southampton,Brighton,2.19521,1.97094,0,1,0,EPL,16.0,9.346153846153847
9247,,228,90,2018-09-22 11:30:00,,2018,1,1,Fulham,Watford,1.77245,1.76133,0,1,0,EPL,12.08,8.294117647058824
9248,,89,229,2018-09-22 14:00:00,,2018,1,1,Manchester United,Wolverhampton Wanderers,0.62283,1.1185,0,1,0,EPL,17.863636363636363,16.583333333333332
9249,,87,74,2018-09-22 14:00:00,,2018,3,0,Liverpool,Southampton,1.77893,0.310467,1,0,0,EPL,24.36842105263158,17.4
9250,,75,219,2018-09-22 14:00:00,,2018,3,1,Leicester,Huddersfield,1.80404,0.688176,1,0,0,EPL,17.68421052631579,6.961538461538462
9251,,78,86,2018-09-22 14:00:00,,2018,0,0,Crystal Palace,Newcastle United,0.930793,0.229309,0,1,0,EPL,9.344827586206897,7.35
9252,,227,88,2018-09-22 14:00:00,,2018,0,5,Cardiff,Manchester City,0.0980726,3.08415,0,0,1,EPL,7.642857142857143,67.5
9253,,92,73,2018-09-22 14:00:00,,2018,4,0,Burnley,Bournemouth,2.29417,0.976413,1,0,0,EPL,17.333333333333332,10.3125
9254,,220,82,2018-09-22 16:30:00,,2018,1,2,Brighton,Tottenham,0.817174,2.11655,0,0,1,EPL,4.575757575757576,16.666666666666668
9255,,81,80,2018-09-23 12:30:00,,2018,0,0,West Ham,Chelsea,1.0177,1.88344,0,1,0,EPL,5.6923076923076925,27.0
9256,,83,72,2018-09-23 15:00:00,,2018,2,0,Arsenal,Everton,0.930544,1.06523,1,0,0,EPL,17.166666666666668,4.870967741935484
9257,,81,89,2018-09-29 11:30:00,,2018,3,1,West Ham,Manchester United,1.3029,0.865739,1,0,0,EPL,11.333333333333334,13.052631578947368
9258,,229,74,2018-09-29 14:00:00,,2018,2,0,Wolverhampton Wanderers,Southampton,1.42507,0.679627,1,0,0,EPL,12.238095238095237,10.52
9259,,86,75,2018-09-29 14:00:00,,2018,0,2,Newcastle United,Leicester,0.397301,1.34341,0,0,1,EPL,9.095238095238095,11.666666666666666
9260,,88,220,2018-09-29 14:00:00,,2018,2,0,Manchester City,Brighton,2.90697,0.23023,1,0,0,EPL,33.0,6.052631578947368
9261,,219,82,2018-09-29 14:00:00,,2018,0,2,Huddersfield,Tottenham,0.339245,2.33733,0,0,1,EPL,14.266666666666667,6.142857142857143
9262,,72,228,2018-09-29 14:00:00,,2018,3,0,Everton,Fulham,2.31538,0.536317,1,0,0,EPL,10.0,8.307692307692308
9263,,83,90,2018-09-29 14:00:00,,2018,2,0,Arsenal,Watford,1.57061,2.62141,1,0,0,EPL,10.296296296296296,9.0
9264,,80,87,2018-09-29 16:30:00,,2018,1,1,Chelsea,Liverpool,1.77638,1.74071,0,1,0,EPL,15.304347826086957,40.55555555555556
9265,,227,92,2018-09-30 15:00:00,,2018,1,2,Cardiff,Burnley,1.56707,0.111527,0,0,1,EPL,6.923076923076923,6.176470588235294
9266,,73,78,2018-10-01 19:00:00,,2018,2,1,Bournemouth,Crystal Palace,1.97143,0.385841,1,0,0,EPL,13.0,15.05
9267,,220,81,2018-10-05 19:00:00,,2018,1,0,Brighton,West Ham,1.02566,1.43652,1,0,0,EPL,8.866666666666667,12.952380952380953
9268,,90,73,2018-10-06 14:00:00,,2018,0,4,Watford,Bournemouth,1.06613,3.28471,0,0,1,EPL,15.307692307692308,11.476190476190476
9269,,82,227,2018-10-06 14:00:00,,2018,1,0,Tottenham,Cardiff,2.6517,1.13843,1,0,0,EPL,17.85,9.0
9270,,75,72,2018-10-06 14:00:00,,2018,1,2,Leicester,Everton,1.10472,1.14952,0,0,1,EPL,13.15,12.470588235294118
9271,,78,229,2018-10-06 14:00:00,,2018,0,1,Crystal Palace,Wolverhampton Wanderers,1.03714,0.755654,0,0,1,EPL,18.38095238095238,5.92
9272,,92,219,2018-10-06 14:00:00,,2018,1,1,Burnley,Huddersfield,0.353128,1.02549,0,1,0,EPL,6.411764705882353,14.434782608695652
9273,,89,86,2018-10-06 16:30:00,,2018,3,2,Manchester United,Newcastle United,2.40631,1.55962,1,0,0,EPL,13.44,5.0
9274,,228,83,2018-10-07 11:00:00,,2018,1,5,Fulham,Arsenal,1.31588,1.13706,0,0,1,EPL,15.333333333333334,11.961538461538462
9275,,74,80,2018-10-07 13:15:00,,2018,0,3,Southampton,Chelsea,1.487,3.54699,0,0,1,EPL,11.352941176470589,14.130434782608695
9276,,87,88,2018-10-07 15:30:00,,2018,0,0,Liverpool,Manchester City,0.433994,1.07481,0,1,0,EPL,15.136363636363637,23.133333333333333
9277,,80,89,2018-10-20 11:30:00,,2018,2,2,Chelsea,Manchester United,2.21163,1.11454,0,1,0,EPL,11.586206896551724,9.476190476190476
9278,,229,90,2018-10-20 14:00:00,,2018,0,2,Wolverhampton Wanderers,Watford,0.47391,1.0684,0,0,1,EPL,13.647058823529411,10.2
9279,,81,82,2018-10-20 14:00:00,,2018,0,1,West Ham,Tottenham,0.544268,1.11777,0,0,1,EPL,11.941176470588236,7.85
9280,,86,220,2018-10-20 14:00:00,,2018,0,1,Newcastle United,Brighton,1.71169,0.675798,0,0,1,EPL,10.652173913043478,4.2272727272727275
9281,,88,92,2018-10-20 14:00:00,,2018,5,0,Manchester City,Burnley,4.48577,0.370236,1,0,0,EPL,39.0,9.421052631578947
9282,,227,228,2018-10-20 14:00:00,,2018,4,2,Cardiff,Fulham,1.7562,0.947712,1,0,0,EPL,4.217391304347826,10.4
9283,,73,74,2018-10-20 14:00:00,,2018,0,0,Bournemouth,Southampton,0.840403,0.589633,0,1,0,EPL,9.962962962962964,14.0
9284,,219,87,2018-10-20 16:30:00,,2018,0,1,Huddersfield,Liverpool,0.638341,0.663819,0,0,1,EPL,18.944444444444443,13.75
9285,,72,78,2018-10-21 15:00:00,,2018,2,0,Everton,Crystal Palace,1.92794,1.50174,1,0,0,EPL,8.866666666666667,8.8
9286,,83,75,2018-10-22 19:00:00,,2018,3,1,Arsenal,Leicester,2.91637,0.932491,1,0,0,EPL,18.347826086956523,6.0
9288,,87,227,2018-10-27 14:00:00,,2018,4,1,Liverpool,Cardiff,2.30176,0.643117,1,0,0,EPL,82.66666666666667,6.75
9289,,228,73,2018-10-27 14:00:00,,2018,0,3,Fulham,Bournemouth,0.383833,2.10555,0,0,1,EPL,31.8,16.176470588235293
9290,,220,229,2018-10-27 14:00:00,,2018,1,0,Brighton,Wolverhampton Wanderers,1.01337,1.38027,1,0,0,EPL,5.527777777777778,15.8125
9291,,90,219,2018-10-27 14:00:00,,2018,3,0,Watford,Huddersfield,2.29622,0.479655,1,0,0,EPL,8.066666666666666,11.8
9292,,74,86,2018-10-27 14:00:00,,2018,0,0,Southampton,Newcastle United,1.19216,0.297646,0,1,0,EPL,8.363636363636363,13.4375
9293,,75,81,2018-10-27 16:30:00,,2018,1,1,Leicester,West Ham,1.95344,1.56009,0,1,0,EPL,10.8,4.153846153846154
9294,,78,83,2018-10-28 12:30:00,,2018,2,2,Crystal Palace,Arsenal,2.38115,0.845197,0,1,0,EPL,7.466666666666667,15.545454545454545
9295,,92,80,2018-10-28 12:30:00,,2018,0,4,Burnley,Chelsea,0.269828,3.01621,0,0,1,EPL,13.066666666666666,15.93939393939394
9287,,89,72,2018-10-28 15:00:00,,2018,2,1,Manchester United,Everton,2.51393,1.67348,1,0,0,EPL,10.72,8.851851851851851
9296,,82,88,2018-10-29 19:00:00,,2018,0,1,Tottenham,Manchester City,0.442436,1.93588,0,0,1,EPL,13.181818181818182,10.653846153846153
9297,,73,89,2018-11-03 12:30:00,,2018,1,2,Bournemouth,Manchester United,1.928,3.29249,0,0,1,EPL,9.681818181818182,15.0625
9298,,81,92,2018-11-03 15:00:00,,2018,4,2,West Ham,Burnley,2.55739,0.882514,1,0,0,EPL,12.6,9.6
9299,,86,90,2018-11-03 15:00:00,,2018,1,0,Newcastle United,Watford,0.691575,2.5452,1,0,0,EPL,10.6,11.0
9301,,72,220,2018-11-03 15:00:00,,2018,3,1,Everton,Brighton,2.59305,0.676348,1,0,0,EPL,11.0,6.357142857142857
9302,,227,75,2018-11-03 15:00:00,,2018,0,1,Cardiff,Leicester,0.922262,2.18288,0,0,1,EPL,6.571428571428571,10.5
9303,,83,87,2018-11-03 17:30:00,,2018,1,1,Arsenal,Liverpool,1.62321,1.19558,0,1,0,EPL,24.6,8.208333333333334
9304,,229,82,2018-11-03 19:45:00,,2018,2,3,Wolverhampton Wanderers,Tottenham,2.40643,1.63123,0,0,1,EPL,14.222222222222221,10.2
9300,,88,74,2018-11-04 15:00:00,,2018,6,1,Manchester City,Southampton,2.76272,1.81466,1,0,0,EPL,29.785714285714285,8.95
9305,,80,78,2018-11-04 16:00:00,,2018,3,1,Chelsea,Crystal Palace,1.88741,0.454547,1,0,0,EPL,19.74074074074074,10.055555555555555
9306,,219,228,2018-11-05 20:00:00,,2018,1,0,Huddersfield,Fulham,0.51433,0.354166,1,0,0,EPL,10.2,4.795918367346939
9307,,227,220,2018-11-10 12:30:00,,2018,2,1,Cardiff,Brighton,1.94297,0.767044,1,0,0,EPL,8.44,8.2
9308,,74,90,2018-11-10 15:00:00,,2018,1,1,Southampton,Watford,1.20211,1.07573,0,1,0,EPL,6.9,8.08
9309,,86,73,2018-11-10 15:00:00,,2018,2,1,Newcastle United,Bournemouth,2.57545,1.91687,1,0,0,EPL,6.2727272727272725,15.210526315789474
9310,,75,92,2018-11-10 15:00:00,,2018,0,0,Leicester,Burnley,1.5091,0.368393,0,1,0,EPL,12.75,7.882352941176471
9311,,219,81,2018-11-10 15:00:00,,2018,1,1,Huddersfield,West Ham,1.17524,1.44113,0,1,0,EPL,8.647058823529411,10.115384615384615
9312,,78,82,2018-11-10 17:30:00,,2018,0,1,Crystal Palace,Tottenham,0.688016,1.55381,0,0,1,EPL,7.2,12.703703703703704
9313,,87,228,2018-11-11 12:00:00,,2018,2,0,Liverpool,Fulham,2.22417,0.571301,1,0,0,EPL,32.142857142857146,4.571428571428571
9314,,80,72,2018-11-11 14:15:00,,2018,0,0,Chelsea,Everton,1.16298,0.198027,0,1,0,EPL,17.24,6.84
9315,,88,89,2018-11-11 16:30:00,,2018,3,1,Manchester City,Manchester United,2.02764,0.97089,1,0,0,EPL,20.210526315789473,12.631578947368421
9316,,83,229,2018-11-11 16:30:00,,2018,1,1,Arsenal,Wolverhampton Wanderers,0.965843,1.86549,0,1,0,EPL,20.9,6.130434782608695
9317,,81,88,2018-11-24 15:00:00,,2018,0,4,West Ham,Manchester City,0.829504,2.95852,0,0,1,EPL,14.615384615384615,29.11111111111111
9318,,90,87,2018-11-24 15:00:00,,2018,0,3,Watford,Liverpool,0.673382,1.45314,0,0,1,EPL,6.576923076923077,15.041666666666666
9319,,89,78,2018-11-24 15:00:00,,2018,0,0,Manchester United,Crystal Palace,1.34245,1.05292,0,1,0,EPL,17.466666666666665,5.185185185185185
9320,,228,74,2018-11-24 15:00:00,,2018,3,2,Fulham,Southampton,1.3875,1.67163,1,0,0,EPL,8.045454545454545,19.11764705882353
9321,,72,227,2018-11-24 15:00:00,,2018,1,0,Everton,Cardiff,2.48066,0.879108,1,0,0,EPL,20.142857142857142,4.5
9322,,220,75,2018-11-24 15:00:00,,2018,1,1,Brighton,Leicester,0.862315,1.12521,0,1,0,EPL,9.791666666666666,9.6
9323,,82,80,2018-11-24 17:30:00,,2018,3,1,Tottenham,Chelsea,3.34649,0.962804,1,0,0,EPL,6.296296296296297,10.8
9324,,73,83,2018-11-25 13:30:00,,2018,1,2,Bournemouth,Arsenal,0.650884,1.71044,0,0,1,EPL,9.181818181818182,19.733333333333334
9325,,229,219,2018-11-25 16:00:00,,2018,0,2,Wolverhampton Wanderers,Huddersfield,0.701036,0.627281,0,0,1,EPL,8.310344827586206,15.1
9326,,92,86,2018-11-26 20:00:00,,2018,1,2,Burnley,Newcastle United,1.49487,1.67701,0,0,1,EPL,11.96774193548387,14.578947368421053
9335,,227,229,2018-11-30 20:00:00,,2018,2,1,Cardiff,Wolverhampton Wanderers,1.09264,0.987623,1,0,0,EPL,5.681818181818182,9.11111111111111
9328,,86,81,2018-12-01 15:00:00,,2018,0,3,Newcastle United,West Ham,1.12583,2.62697,0,0,1,EPL,17.625,9.578947368421053
9329,,88,73,2018-12-01 15:00:00,,2018,3,1,Manchester City,Bournemouth,2.83557,0.715009,1,0,0,EPL,67.42857142857143,6.208333333333333
9331,,75,90,2018-12-01 15:00:00,,2018,2,0,Leicester,Watford,1.41758,1.19923,1,0,0,EPL,6.523809523809524,17.1875
9332,,219,220,2018-12-01 15:00:00,,2018,1,2,Huddersfield,Brighton,0.558083,1.67998,0,0,1,EPL,7.428571428571429,16.7
9333,,78,92,2018-12-01 15:00:00,,2018,2,0,Crystal Palace,Burnley,2.03785,0.302477,1,0,0,EPL,11.130434782608695,13.692307692307692
9327,,74,89,2018-12-01 17:30:00,,2018,2,2,Southampton,Manchester United,0.623954,0.904803,0,1,0,EPL,7.947368421052632,12.137931034482758
9334,,80,228,2018-12-02 12:00:00,,2018,2,0,Chelsea,Fulham,2.17105,0.285256,1,0,0,EPL,13.735294117647058,6.1
9336,,83,82,2018-12-02 14:05:00,,2018,4,2,Arsenal,Tottenham,2.71421,1.0926,1,0,0,EPL,9.516129032258064,6.592592592592593
9330,,87,72,2018-12-02 16:15:00,,2018,1,0,Liverpool,Everton,3.07574,1.23014,1,0,0,EPL,16.944444444444443,6.117647058823529
9337,,220,78,2018-12-04 19:45:00,,2018,3,1,Brighton,Crystal Palace,1.2521,1.5329,1,0,0,EPL,7.315789473684211,15.31578947368421
9338,,73,219,2018-12-04 19:45:00,,2018,2,1,Bournemouth,Huddersfield,1.07393,1.5631,1,0,0,EPL,4.933333333333334,17.0625
9340,,81,227,2018-12-04 19:45:00,,2018,3,1,West Ham,Cardiff,1.57488,1.93448,1,0,0,EPL,10.28,6.2
9341,,90,88,2018-12-04 20:00:00,,2018,1,2,Watford,Manchester City,1.672,2.51933,0,0,1,EPL,6.9523809523809526,39.5
9339,,229,80,2018-12-05 19:45:00,,2018,2,1,Wolverhampton Wanderers,Chelsea,0.682893,1.10702,1,0,0,EPL,7.136363636363637,12.0
9342,,228,75,2018-12-05 19:45:00,,2018,1,1,Fulham,Leicester,1.47593,1.21575,0,1,0,EPL,8.153846153846153,12.5
9343,,92,87,2018-12-05 19:45:00,,2018,1,3,Burnley,Liverpool,1.05809,2.73897,0,0,1,EPL,9.666666666666666,22.25
9345,,72,86,2018-12-05 19:45:00,,2018,1,1,Everton,Newcastle United,2.10943,1.52214,0,1,0,EPL,12.296296296296296,6.375
9344,,89,83,2018-12-05 20:00:00,,2018,2,2,Manchester United,Arsenal,1.33679,1.73226,0,1,0,EPL,18.142857142857142,7.6923076923076925
9346,,82,74,2018-12-05 20:00:00,,2018,3,1,Tottenham,Southampton,1.73642,1.82434,1,0,0,EPL,15.95,17.214285714285715
9355,,73,87,2018-12-08 12:30:00,,2018,0,4,Bournemouth,Liverpool,0.279142,1.80619,0,0,1,EPL,10.80952380952381,13.708333333333334
9347,,81,78,2018-12-08 15:00:00,,2018,3,2,West Ham,Crystal Palace,1.53635,0.934613,1,0,0,EPL,10.285714285714286,12.3
9349,,89,228,2018-12-08 15:00:00,,2018,4,1,Manchester United,Fulham,3.15444,1.23251,1,0,0,EPL,16.304347826086957,6.275862068965517
9353,,227,74,2018-12-08 15:00:00,,2018,1,0,Cardiff,Southampton,1.55832,0.501128,1,0,0,EPL,3.8636363636363638,15.333333333333334
9354,,92,220,2018-12-08 15:00:00,,2018,1,0,Burnley,Brighton,1.81251,0.951507,1,0,0,EPL,9.375,14.75
9356,,83,219,2018-12-08 15:00:00,,2018,1,0,Arsenal,Huddersfield,2.02156,0.308361,1,0,0,EPL,10.620689655172415,5.583333333333333
9352,,80,88,2018-12-08 17:30:00,,2018,2,0,Chelsea,Manchester City,0.526329,0.740048,1,0,0,EPL,8.342857142857143,17.565217391304348
9350,,75,82,2018-12-08 19:45:00,,2018,0,2,Leicester,Tottenham,0.357742,0.917968,0,0,1,EPL,10.409090909090908,15.181818181818182
9348,,86,229,2018-12-09 16:00:00,,2018,1,2,Newcastle United,Wolverhampton Wanderers,0.4601,1.57799,0,0,1,EPL,17.6,18.0
9351,,72,90,2018-12-10 20:00:00,,2018,2,2,Everton,Watford,1.72686,1.63043,0,1,0,EPL,7.357142857142857,7.15
9361,,88,72,2018-12-15 12:30:00,,2018,3,1,Manchester City,Everton,1.79848,1.6235,1,0,0,EPL,24.176470588235293,8.666666666666666
9357,,229,73,2018-12-15 15:00:00,,2018,2,0,Wolverhampton Wanderers,Bournemouth,2.02223,0.52685,1,0,0,EPL,20.0,15.23076923076923
9358,,90,227,2018-12-15 15:00:00,,2018,3,2,Watford,Cardiff,1.64998,0.485768,1,0,0,EPL,23.8,5.625
9359,,82,92,2018-12-15 15:00:00,,2018,1,0,Tottenham,Burnley,1.74625,0.451196,1,0,0,EPL,18.166666666666668,7.071428571428571
9363,,219,86,2018-12-15 15:00:00,,2018,0,1,Huddersfield,Newcastle United,0.671382,0.931041,0,0,1,EPL,18.75,4.208333333333333
9365,,78,75,2018-12-15 15:00:00,,2018,1,0,Crystal Palace,Leicester,0.39698,0.895305,1,0,0,EPL,6.862068965517241,8.242424242424242
9364,,228,81,2018-12-15 17:30:00,,2018,0,2,Fulham,West Ham,1.03424,0.75325,0,0,1,EPL,11.818181818181818,8.130434782608695
9360,,74,83,2018-12-16 13:30:00,,2018,3,2,Southampton,Arsenal,1.21163,1.85763,1,0,0,EPL,8.833333333333334,13.516129032258064
9366,,220,80,2018-12-16 13:30:00,,2018,1,2,Brighton,Chelsea,0.26126,1.6111,0,0,1,EPL,15.05,13.785714285714286
9362,,87,89,2018-12-16 16:00:00,,2018,3,1,Liverpool,Manchester United,2.60435,0.658049,1,0,0,EPL,14.470588235294118,8.588235294117647
9367,,229,87,2018-12-21 20:00:00,,2018,0,2,Wolverhampton Wanderers,Liverpool,0.763821,2.16356,0,0,1,EPL,15.266666666666667,14.153846153846153
9376,,83,92,2018-12-22 12:30:00,,2018,3,1,Arsenal,Burnley,1.4656,1.03237,1,0,0,EPL,13.6,8.0
9368,,81,90,2018-12-22 15:00:00,,2018,0,2,West Ham,Watford,2.06507,2.32983,0,0,1,EPL,8.043478260869565,6.791666666666667
9369,,86,228,2018-12-22 15:00:00,,2018,0,0,Newcastle United,Fulham,0.289508,0.245408,0,1,0,EPL,17.625,8.875
9370,,88,78,2018-12-22 15:00:00,,2018,2,3,Manchester City,Crystal Palace,1.27118,1.14609,0,0,1,EPL,24.25,4.4
9371,,219,74,2018-12-22 15:00:00,,2018,1,3,Huddersfield,Southampton,1.0038,2.60172,0,0,1,EPL,15.105263157894736,4.212121212121212
9373,,80,75,2018-12-22 15:00:00,,2018,0,1,Chelsea,Leicester,2.40458,0.456492,0,0,1,EPL,16.55,4.608695652173913
9375,,73,220,2018-12-22 15:00:00,,2018,2,0,Bournemouth,Brighton,0.892502,0.825478,1,0,0,EPL,10.517241379310345,10.368421052631579
9374,,227,89,2018-12-22 17:30:00,,2018,1,5,Cardiff,Manchester United,1.27173,2.72523,0,0,1,EPL,4.142857142857143,20.27777777777778
9372,,72,82,2018-12-23 16:00:00,,2018,2,6,Everton,Tottenham,1.00121,2.55514,0,0,1,EPL,10.65,14.892857142857142
9383,,228,229,2018-12-26 12:30:00,,2018,1,1,Fulham,Wolverhampton Wanderers,1.2769,1.35896,0,1,0,EPL,7.894736842105263,21.6
9378,,82,73,2018-12-26 15:00:00,,2018,5,0,Tottenham,Bournemouth,2.23457,1.21736,1,0,0,EPL,16.96,17.666666666666668
9380,,89,219,2018-12-26 15:00:00,,2018,3,1,Manchester United,Huddersfield,1.79848,1.40594,1,0,0,EPL,14.521739130434783,6.958333333333333
9381,,87,86,2018-12-26 15:00:00,,2018,4,0,Liverpool,Newcastle United,3.24988,0.456309,1,0,0,EPL,24.77777777777778,4.6
9382,,75,88,2018-12-26 15:00:00,,2018,2,1,Leicester,Manchester City,1.55714,1.34781,1,0,0,EPL,6.2,33.22222222222222
9384,,78,227,2018-12-26 15:00:00,,2018,0,0,Crystal Palace,Cardiff,2.43202,1.05926,0,1,0,EPL,11.7,8.916666666666666
9385,,92,72,2018-12-26 15:00:00,,2018,1,5,Burnley,Everton,1.88646,1.8875,0,0,1,EPL,12.625,10.043478260869565
9386,,220,83,2018-12-26 17:15:00,,2018,1,1,Brighton,Arsenal,1.38502,0.789138,0,1,0,EPL,14.454545454545455,19.708333333333332
9377,,90,80,2018-12-26 19:30:00,,2018,1,2,Watford,Chelsea,1.24414,2.1956,0,0,1,EPL,13.4,14.884615384615385
9379,,74,81,2018-12-27 19:45:00,,2018,1,2,Southampton,West Ham,1.28665,1.26973,0,0,1,EPL,8.11111111111111,10.5
9387,,90,86,2018-12-29 15:00:00,,2018,1,1,Watford,Newcastle United,1.05566,0.661713,0,1,0,EPL,12.807692307692308,6.818181818181818
9388,,82,229,2018-12-29 15:00:00,,2018,1,3,Tottenham,Wolverhampton Wanderers,0.277704,1.20867,0,0,1,EPL,41.7,9.076923076923077
9392,,75,227,2018-12-29 15:00:00,,2018,0,1,Leicester,Cardiff,1.51648,0.493212,0,0,1,EPL,9.074074074074074,7.538461538461538
9393,,228,219,2018-12-29 15:00:00,,2018,1,0,Fulham,Huddersfield,1.72386,0.276791,1,0,0,EPL,16.083333333333332,18.31578947368421
9396,,220,72,2018-12-29 15:00:00,,2018,1,0,Brighton,Everton,1.60311,0.655851,1,0,0,EPL,13.0,9.23076923076923
9391,,87,83,2018-12-29 17:30:00,,2018,5,1,Liverpool,Arsenal,3.7053,1.08186,1,0,0,EPL,9.387096774193548,13.785714285714286
9394,,78,80,2018-12-30 12:00:00,,2018,0,1,Crystal Palace,Chelsea,0.199002,0.741471,0,0,1,EPL,8.37037037037037,32.75
9389,,74,88,2018-12-30 14:15:00,,2018,1,3,Southampton,Manchester City,0.221381,2.96802,0,0,1,EPL,7.4375,34.61538461538461
9395,,92,81,2018-12-30 14:15:00,,2018,2,0,Burnley,West Ham,2.89884,0.656044,1,0,0,EPL,10.866666666666667,7.4375
9390,,89,73,2018-12-30 16:30:00,,2018,4,1,Manchester United,Bournemouth,3.41874,0.705549,1,0,0,EPL,38.166666666666664,11.105263157894736
9402,,72,75,2019-01-01 12:30:00,,2018,0,1,Everton,Leicester,0.871304,0.644144,0,0,1,EPL,14.722222222222221,5.645161290322581
9406,,83,228,2019-01-01 15:00:00,,2018,4,1,Arsenal,Fulham,4.43325,1.71312,1,0,0,EPL,12.541666666666666,10.75
9404,,227,82,2019-01-01 17:30:00,,2018,0,3,Cardiff,Tottenham,1.0789,1.38282,0,0,1,EPL,12.545454545454545,33.05263157894737
9397,,229,78,2019-01-02 19:45:00,,2018,0,2,Wolverhampton Wanderers,Crystal Palace,0.656255,1.94658,0,0,1,EPL,14.227272727272727,10.5
9398,,81,220,2019-01-02 19:45:00,,2018,2,2,West Ham,Brighton,0.639356,0.686806,0,1,0,EPL,10.444444444444445,11.526315789473685
9401,,219,92,2019-01-02 19:45:00,,2018,1,2,Huddersfield,Burnley,0.621818,2.66309,0,0,1,EPL,6.913043478260869,19.0
9403,,80,74,2019-01-02 19:45:00,,2018,0,0,Chelsea,Southampton,0.850791,0.158168,0,1,0,EPL,13.0,7.411764705882353
9405,,73,90,2019-01-02 19:45:00,,2018,3,3,Bournemouth,Watford,2.84828,0.977046,0,1,0,EPL,17.666666666666668,11.294117647058824
9399,,86,89,2019-01-02 20:00:00,,2018,0,2,Newcastle United,Manchester United,0.691878,2.6754,0,0,1,EPL,10.705882352941176,17.958333333333332
9400,,88,87,2019-01-03 20:00:00,,2018,2,1,Manchester City,Liverpool,1.00357,1.3801,1,0,0,EPL,25.928571428571427,10.757575757575758
9407,,81,83,2019-01-12 12:30:00,,2018,1,0,West Ham,Arsenal,0.669394,0.685895,1,0,0,EPL,9.95,13.538461538461538
9410,,75,74,2019-01-12 15:00:00,,2018,1,2,Leicester,Southampton,1.75983,1.41659,0,0,1,EPL,10.38888888888889,4.944444444444445
9412,,78,90,2019-01-12 15:00:00,,2018,1,2,Crystal Palace,Watford,1.1617,1.56262,0,0,1,EPL,9.842105263157896,8.2
9414,,227,219,2019-01-12 15:00:00,,2018,0,0,Cardiff,Huddersfield,0.124558,0.39468,0,1,0,EPL,5.0,7.0
9415,,92,228,2019-01-12 15:00:00,,2018,2,1,Burnley,Fulham,0.809801,0.903255,1,0,0,EPL,10.631578947368421,13.28
9416,,220,87,2019-01-12 15:00:00,,2018,0,1,Brighton,Liverpool,0.384198,2.2665,0,0,1,EPL,15.9,23.789473684210527
9413,,80,86,2019-01-12 17:30:00,,2018,2,1,Chelsea,Newcastle United,1.32355,0.395148,1,0,0,EPL,15.0,8.863636363636363
9411,,72,73,2019-01-13 14:15:00,,2018,2,0,Everton,Bournemouth,1.7814,1.52828,1,0,0,EPL,11.11111111111111,6.107142857142857
9408,,82,89,2019-01-13 16:30:00,,2018,0,1,Tottenham,Manchester United,1.80359,0.957777,0,0,1,EPL,20.25,6.275862068965517
9409,,88,229,2019-01-14 20:00:00,,2018,3,0,Manchester City,Wolverhampton Wanderers,3.11947,0.0985446,1,0,0,EPL,43.57142857142857,6.076923076923077
9417,,229,75,2019-01-19 12:30:00,,2018,4,3,Wolverhampton Wanderers,Leicester,2.21719,1.33831,1,0,0,EPL,8.909090909090908,9.125
9418,,90,92,2019-01-19 15:00:00,,2018,0,0,Watford,Burnley,1.06981,1.97256,0,1,0,EPL,12.5,6.714285714285714
9419,,74,72,2019-01-19 15:00:00,,2018,2,1,Southampton,Everton,1.06009,1.31169,1,0,0,EPL,7.5,8.0
9420,,86,227,2019-01-19 15:00:00,,2018,3,0,Newcastle United,Cardiff,2.518,0.255727,1,0,0,EPL,9.4,5.391304347826087
9421,,89,220,2019-01-19 15:00:00,,2018,2,1,Manchester United,Brighton,2.64005,0.635111,1,0,0,EPL,17.294117647058822,17.75
9422,,87,78,2019-01-19 15:00:00,,2018,4,3,Liverpool,Crystal Palace,2.8299,0.695213,1,0,0,EPL,36.7,6.2592592592592595
9425,,73,81,2019-01-19 15:00:00,,2018,2,0,Bournemouth,West Ham,1.24835,0.971813,1,0,0,EPL,11.470588235294118,15.85
9426,,83,80,2019-01-19 17:30:00,,2018,2,0,Arsenal,Chelsea,2.09412,0.755304,1,0,0,EPL,6.3125,9.617647058823529
9423,,219,88,2019-01-20 13:30:00,,2018,0,3,Huddersfield,Manchester City,0.764264,2.01376,0,0,1,EPL,9.277777777777779,21.22222222222222
9424,,228,82,2019-01-20 16:00:00,,2018,1,2,Fulham,Tottenham,0.937902,1.93316,0,0,1,EPL,6.1,21.0
9427,,229,81,2019-01-29 19:45:00,,2018,3,0,Wolverhampton Wanderers,West Ham,2.0363,0.130179,1,0,0,EPL,13.35,11.944444444444445
9428,,219,72,2019-01-29 19:45:00,,2018,0,1,Huddersfield,Everton,0.73078,1.05995,0,0,1,EPL,10.035714285714286,9.80952380952381
9429,,228,220,2019-01-29 19:45:00,,2018,4,2,Fulham,Brighton,3.46113,2.36867,1,0,0,EPL,16.727272727272727,9.842105263157896
9431,,83,227,2019-01-29 19:45:00,,2018,2,1,Arsenal,Cardiff,2.69339,0.597893,1,0,0,EPL,28.90909090909091,7.357142857142857
9432,,89,92,2019-01-29 20:00:00,,2018,2,2,Manchester United,Burnley,3.23417,0.934603,0,1,0,EPL,17.95,7.357142857142857
9434,,86,88,2019-01-29 20:00:00,,2018,2,1,Newcastle United,Manchester City,0.992326,1.33896,1,0,0,EPL,4.458333333333333,21.263157894736842
9430,,73,80,2019-01-30 19:45:00,,2018,4,0,Bournemouth,Chelsea,2.15094,0.718873,1,0,0,EPL,9.571428571428571,20.625
9433,,74,78,2019-01-30 19:45:00,,2018,1,1,Southampton,Crystal Palace,1.33257,1.53294,0,1,0,EPL,27.181818181818183,5.90625
9435,,82,90,2019-01-30 20:00:00,,2018,2,1,Tottenham,Watford,1.36248,0.479838,1,0,0,EPL,16.61111111111111,7.470588235294118
9436,,87,75,2019-01-30 20:00:00,,2018,1,1,Liverpool,Leicester,0.576336,1.1272,0,1,0,EPL,25.5625,4.354838709677419
9438,,82,86,2019-02-02 12:30:00,,2018,1,0,Tottenham,Newcastle United,3.10409,0.400152,1,0,0,EPL,23.571428571428573,8.705882352941176
9441,,72,229,2019-02-02 15:00:00,,2018,1,3,Everton,Wolverhampton Wanderers,1.36252,1.85729,0,0,1,EPL,12.416666666666666,7.095238095238095
9442,,78,228,2019-02-02 15:00:00,,2018,2,0,Crystal Palace,Fulham,2.19582,0.560836,1,0,0,EPL,11.714285714285714,14.222222222222221
9443,,80,219,2019-02-02 15:00:00,,2018,5,0,Chelsea,Huddersfield,2.94236,0.260391,1,0,0,EPL,21.57894736842105,7.606060606060606
9445,,92,74,2019-02-02 15:00:00,,2018,1,1,Burnley,Southampton,2.00175,0.787747,0,1,0,EPL,7.785714285714286,9.75
9446,,220,90,2019-02-02 15:00:00,,2018,0,0,Brighton,Watford,1.83528,0.279297,0,1,0,EPL,9.8,5.588235294117647
9444,,227,73,2019-02-02 17:30:00,,2018,2,0,Cardiff,Bournemouth,2.53093,0.35199,1,0,0,EPL,4.611111111111111,14.454545454545455
9440,,75,89,2019-02-03 14:05:00,,2018,0,1,Leicester,Manchester United,1.40067,1.49717,0,0,1,EPL,11.8125,11.461538461538462
9439,,88,83,2019-02-03 16:30:00,,2018,3,1,Manchester City,Arsenal,3.03102,0.703542,1,0,0,EPL,15.65,8.7
9437,,81,87,2019-02-04 20:00:00,,2018,1,1,West Ham,Liverpool,0.791319,1.12475,0,1,0,EPL,4.782608695652174,17.0
9461,,72,88,2019-02-06 19:45:00,,2018,0,2,Everton,Manchester City,0.111559,2.60922,0,0,1,EPL,8.0,15.65
9447,,228,89,2019-02-09 12:30:00,,2018,0,3,Fulham,Manchester United,2.18741,2.13209,0,0,1,EPL,14.555555555555555,7.793103448275862
9448,,78,81,2019-02-09 15:00:00,,2018,1,1,Crystal Palace,West Ham,2.68412,1.74711,0,1,0,EPL,16.375,9.052631578947368
9451,,90,72,2019-02-09 15:00:00,,2018,1,0,Watford,Everton,1.53311,0.641094,1,0,0,EPL,5.681818181818182,6.27027027027027
9453,,74,227,2019-02-09 15:00:00,,2018,1,2,Southampton,Cardiff,1.70666,0.980673,0,0,1,EPL,15.941176470588236,3.7037037037037037
9455,,87,73,2019-02-09 15:00:00,,2018,3,0,Liverpool,Bournemouth,2.53003,0.390995,1,0,0,EPL,36.45454545454545,7.103448275862069
9456,,219,83,2019-02-09 15:00:00,,2018,1,2,Huddersfield,Arsenal,1.96816,1.46751,0,0,1,EPL,9.954545454545455,4.327272727272727
9449,,220,92,2019-02-09 17:30:00,,2018,1,3,Brighton,Burnley,1.31614,1.83041,0,0,1,EPL,35.0,9.636363636363637
9452,,82,75,2019-02-10 13:30:00,,2018,3,1,Tottenham,Leicester,1.21144,3.02164,1,0,0,EPL,13.045454545454545,9.590909090909092
9454,,88,80,2019-02-10 16:00:00,,2018,6,0,Manchester City,Chelsea,4.04218,0.901867,1,0,0,EPL,22.80952380952381,14.95
9450,,229,86,2019-02-11 20:00:00,,2018,1,1,Wolverhampton Wanderers,Newcastle United,2.30998,0.435263,0,1,0,EPL,15.0,9.869565217391305
9457,,81,228,2019-02-22 19:45:00,,2018,3,1,West Ham,Fulham,2.72871,1.23555,1,0,0,EPL,13.045454545454545,7.048780487804878
9463,,227,90,2019-02-22 19:45:00,,2018,1,5,Cardiff,Watford,1.90045,2.75798,0,0,1,EPL,5.625,15.5
9464,,92,82,2019-02-23 12:30:00,,2018,2,1,Burnley,Tottenham,1.08514,0.845211,1,0,0,EPL,4.235294117647059,11.130434782608695
9458,,86,219,2019-02-23 15:00:00,,2018,2,0,Newcastle United,Huddersfield,3.03313,0.133934,1,0,0,EPL,39.75,12.391304347826088
9465,,73,229,2019-02-23 15:00:00,,2018,1,1,Bournemouth,Wolverhampton Wanderers,2.13291,1.20286,0,1,0,EPL,6.2592592592592595,9.833333333333334
9460,,75,78,2019-02-23 17:30:00,,2018,1,4,Leicester,Crystal Palace,0.946697,1.57739,0,0,1,EPL,15.117647058823529,7.904761904761905
9459,,89,87,2019-02-24 14:05:00,,2018,0,0,Manchester United,Liverpool,0.474869,0.380519,0,1,0,EPL,5.967741935483871,12.72
9466,,83,74,2019-02-24 14:05:00,,2018,2,0,Arsenal,Southampton,2.35088,0.613167,1,0,0,EPL,11.714285714285714,11.538461538461538
9467,,75,220,2019-02-26 19:45:00,,2018,2,1,Leicester,Brighton,1.92171,1.20566,1,0,0,EPL,31.125,15.125
9468,,219,229,2019-02-26 19:45:00,,2018,1,0,Huddersfield,Wolverhampton Wanderers,1.46224,0.573166,1,0,0,EPL,14.9375,8.153846153846153
9469,,227,72,2019-02-26 19:45:00,,2018,0,3,Cardiff,Everton,0.219359,1.14212,0,0,1,EPL,4.888888888888889,8.34375
9473,,86,92,2019-02-26 20:00:00,,2018,2,0,Newcastle United,Burnley,1.70312,1.74201,1,0,0,EPL,11.947368421052632,11.352941176470589
9470,,83,73,2019-02-27 19:45:00,,2018,5,1,Arsenal,Bournemouth,3.18716,0.88618,1,0,0,EPL,19.63157894736842,12.933333333333334
9472,,74,228,2019-02-27 19:45:00,,2018,2,0,Southampton,Fulham,1.15823,0.798715,1,0,0,EPL,11.333333333333334,11.3
9471,,78,89,2019-02-27 20:00:00,,2018,1,3,Crystal Palace,Manchester United,1.69334,1.54089,0,0,1,EPL,9.272727272727273,14.944444444444445
9474,,80,82,2019-02-27 20:00:00,,2018,2,0,Chelsea,Tottenham,0.625978,0.722229,1,0,0,EPL,7.636363636363637,16.842105263157894
9475,,88,81,2019-02-27 20:00:00,,2018,1,0,Manchester City,West Ham,3.67741,0.400125,1,0,0,EPL,41.111111111111114,9.5
9476,,87,90,2019-02-27 20:00:00,,2018,5,0,Liverpool,Watford,2.74266,0.630423,1,0,0,EPL,25.0,11.65
9480,,82,83,2019-03-02 12:30:00,,2018,1,1,Tottenham,Arsenal,1.76818,3.45713,0,1,0,EPL,9.161290322580646,6.619047619047619
9477,,229,227,2019-03-02 15:00:00,,2018,2,0,Wolverhampton Wanderers,Cardiff,3.2075,0.702261,1,0,0,EPL,9.827586206896552,8.866666666666667
9481,,89,74,2019-03-02 15:00:00,,2018,3,2,Manchester United,Southampton,2.54216,0.578485,1,0,0,EPL,15.6,7.333333333333333
9484,,92,78,2019-03-02 15:00:00,,2018,1,3,Burnley,Crystal Palace,1.90872,0.706284,0,0,1,EPL,14.714285714285714,7.238095238095238
9485,,220,219,2019-03-02 15:00:00,,2018,1,0,Brighton,Huddersfield,1.39896,0.2014,1,0,0,EPL,14.941176470588236,11.0
9486,,73,88,2019-03-02 15:00:00,,2018,0,1,Bournemouth,Manchester City,0,1.59515,0,0,1,EPL,6.071428571428571,33.45454545454545
9478,,81,86,2019-03-02 17:30:00,,2018,2,0,West Ham,Newcastle United,1.88895,1.18549,1,0,0,EPL,11.518518518518519,11.631578947368421
9479,,90,75,2019-03-03 12:00:00,,2018,2,1,Watford,Leicester,1.36515,0.794683,1,0,0,EPL,13.0,12.4
9482,,228,80,2019-03-03 14:05:00,,2018,1,2,Fulham,Chelsea,0.898469,1.53632,0,0,1,EPL,10.130434782608695,20.38095238095238
9483,,72,87,2019-03-03 16:15:00,,2018,0,0,Everton,Liverpool,0.241879,0.811272,0,1,0,EPL,6.913043478260869,14.526315789473685
9493,,78,220,2019-03-09 12:30:00,,2018,1,2,Crystal Palace,Brighton,1.44291,0.129312,0,0,1,EPL,11.3,8.173913043478262
9487,,74,82,2019-03-09 15:00:00,,2018,2,1,Southampton,Tottenham,2.07772,1.26876,1,0,0,EPL,8.714285714285714,8.34375
9488,,86,72,2019-03-09 15:00:00,,2018,3,2,Newcastle United,Everton,2.37896,1.15114,1,0,0,EPL,6.555555555555555,9.782608695652174
9491,,75,228,2019-03-09 15:00:00,,2018,3,1,Leicester,Fulham,2.13494,0.15103,1,0,0,EPL,13.904761904761905,10.75
9492,,219,73,2019-03-09 15:00:00,,2018,0,2,Huddersfield,Bournemouth,0.339087,2.16389,0,0,1,EPL,13.058823529411764,6.285714285714286
9495,,227,81,2019-03-09 15:00:00,,2018,2,0,Cardiff,West Ham,3.49275,0.295869,1,0,0,EPL,4.166666666666667,16.263157894736842
9489,,88,90,2019-03-09 17:30:00,,2018,3,1,Manchester City,Watford,3.75714,0.407168,1,0,0,EPL,38.625,8.238095238095237
9490,,87,92,2019-03-10 12:00:00,,2018,4,2,Liverpool,Burnley,4.12341,0.471571,1,0,0,EPL,14.909090909090908,8.571428571428571
9494,,80,229,2019-03-10 14:05:00,,2018,1,1,Chelsea,Wolverhampton Wanderers,1.0471,0.609079,0,1,0,EPL,20.333333333333332,5.913043478260869
9496,,83,89,2019-03-10 16:30:00,,2018,2,0,Arsenal,Manchester United,1.52723,2.3703,1,0,0,EPL,8.12,12.904761904761905
9498,,81,219,2019-03-16 15:00:00,,2018,4,3,West Ham,Huddersfield,1.88114,1.66909,1,0,0,EPL,13.954545454545455,6.833333333333333
9504,,92,75,2019-03-16 15:00:00,,2018,1,2,Burnley,Leicester,1.17008,0.608954,0,0,1,EPL,20.0,7.352941176470588
9506,,73,86,2019-03-16 15:00:00,,2018,2,2,Bournemouth,Newcastle United,1.61666,1.02847,0,1,0,EPL,10.7,13.375
9502,,228,87,2019-03-17 14:15:00,,2018,1,2,Fulham,Liverpool,0.915765,2.73437,0,0,1,EPL,7.88,21.615384615384617
9503,,72,80,2019-03-17 16:30:00,,2018,2,0,Everton,Chelsea,2.24031,1.24394,1,0,0,EPL,8.380952380952381,13.333333333333334
9512,,228,88,2019-03-30 12:30:00,,2018,0,2,Fulham,Manchester City,0.661491,2.31513,0,0,1,EPL,8.5,34.0
9509,,89,90,2019-03-30 15:00:00,,2018,2,1,Manchester United,Watford,1.98052,1.35208,1,0,0,EPL,11.705882352941176,10.705882352941176
9511,,75,73,2019-03-30 15:00:00,,2018,2,0,Leicester,Bournemouth,1.8935,0.790333,1,0,0,EPL,11.857142857142858,14.0
9513,,78,219,2019-03-30 15:00:00,,2018,2,0,Crystal Palace,Huddersfield,2.84701,0.926991,1,0,0,EPL,10.818181818181818,13.470588235294118
9515,,92,229,2019-03-30 15:00:00,,2018,2,0,Burnley,Wolverhampton Wanderers,0.572695,0.397928,1,0,0,EPL,10.642857142857142,12.869565217391305
9516,,220,74,2019-03-30 15:00:00,,2018,0,1,Brighton,Southampton,0.560521,0.857436,0,0,1,EPL,10.64,5.625
9508,,81,72,2019-03-30 17:30:00,,2018,0,2,West Ham,Everton,0.0891639,2.65983,0,0,1,EPL,7.5588235294117645,11.947368421052632
9514,,227,80,2019-03-31 13:05:00,,2018,1,2,Cardiff,Chelsea,0.446122,2.07834,0,0,1,EPL,3.44,12.6
9510,,87,82,2019-03-31 15:30:00,,2018,2,1,Liverpool,Tottenham,1.0931,1.04822,1,0,0,EPL,19.153846153846153,18.0
9507,,83,86,2019-04-01 20:00:00,,2018,2,0,Arsenal,Newcastle United,1.04458,0.0441445,1,0,0,EPL,16.565217391304348,6.260869565217392
9517,,229,89,2019-04-02 19:45:00,,2018,2,1,Wolverhampton Wanderers,Manchester United,1.65044,2.03847,1,0,0,EPL,11.73076923076923,22.0
9518,,90,228,2019-04-02 19:45:00,,2018,4,1,Watford,Fulham,1.59338,1.90917,1,0,0,EPL,12.5,12.357142857142858
9462,,80,220,2019-04-03 19:45:00,,2018,3,0,Chelsea,Brighton,3.12416,0.440898,1,0,0,EPL,23.866666666666667,8.384615384615385
9500,,82,78,2019-04-03 19:45:00,,2018,2,0,Tottenham,Crystal Palace,2.57376,0.564317,1,0,0,EPL,25.5625,8.592592592592593
9522,,88,227,2019-04-03 19:45:00,,2018,2,0,Manchester City,Cardiff,3.53913,0.135788,1,0,0,EPL,48.714285714285715,5.1875
9520,,74,87,2019-04-05 20:00:00,,2018,1,3,Southampton,Liverpool,0.718394,2.00654,0,0,1,EPL,9.166666666666666,16.88888888888889
9521,,86,78,2019-04-06 15:00:00,,2018,0,1,Newcastle United,Crystal Palace,0.943175,0.907988,0,0,1,EPL,14.0625,8.4
9523,,219,75,2019-04-06 15:00:00,,2018,1,4,Huddersfield,Leicester,1.62301,3.61876,0,0,1,EPL,8.238095238095237,9.6
9526,,73,92,2019-04-06 15:00:00,,2018,1,3,Bournemouth,Burnley,1.20888,1.38919,0,0,1,EPL,11.238095238095237,9.571428571428571
9524,,72,83,2019-04-07 14:05:00,,2018,1,0,Everton,Arsenal,2.69396,0.201885,1,0,0,EPL,11.1875,9.709677419354838
9525,,80,81,2019-04-08 20:00:00,,2018,2,0,Chelsea,West Ham,2.23287,0.471195,1,0,0,EPL,12.789473684210526,17.76923076923077
9532,,75,86,2019-04-12 20:00:00,,2018,0,1,Leicester,Newcastle United,0.877377,0.945804,0,0,1,EPL,20.181818181818183,7.3
9528,,82,219,2019-04-13 12:30:00,,2018,4,0,Tottenham,Huddersfield,2.78596,0.983527,1,0,0,EPL,19.333333333333332,8.263157894736842
9529,,74,229,2019-04-13 15:00:00,,2018,3,1,Southampton,Wolverhampton Wanderers,3.80842,0.642825,1,0,0,EPL,6.2272727272727275,13.928571428571429
9533,,228,72,2019-04-13 15:00:00,,2018,2,0,Fulham,Everton,1.66303,1.29107,1,0,0,EPL,5.388888888888889,12.761904761904763
9535,,92,227,2019-04-13 15:00:00,,2018,2,0,Burnley,Cardiff,2.84358,0.872224,1,0,0,EPL,8.538461538461538,8.285714285714286
9536,,220,73,2019-04-13 15:00:00,,2018,0,5,Brighton,Bournemouth,0.206731,2.76885,0,0,1,EPL,13.941176470588236,11.44
9530,,89,81,2019-04-13 17:30:00,,2018,2,1,Manchester United,West Ham,2.65125,1.42817,1,0,0,EPL,11.5,9.258064516129032
9534,,78,88,2019-04-14 14:05:00,,2018,1,3,Crystal Palace,Manchester City,0.318169,2.86236,0,0,1,EPL,4.814814814814815,29.615384615384617
9531,,87,80,2019-04-14 16:30:00,,2018,2,0,Liverpool,Chelsea,1.30839,0.873177,1,0,0,EPL,16.15,8.153846153846153
9527,,90,83,2019-04-15 20:00:00,,2018,0,1,Watford,Arsenal,1.12595,2.2668,0,0,1,EPL,8.1,15.869565217391305
9505,,220,227,2019-04-16 19:45:00,,2018,0,2,Brighton,Cardiff,0.588539,0.819472,0,0,1,EPL,10.517241379310345,5.666666666666667
9540,,88,82,2019-04-20 12:30:00,,2018,1,0,Manchester City,Tottenham,2.06185,1.19894,1,0,0,EPL,16.142857142857142,6.264705882352941
9537,,229,220,2019-04-20 15:00:00,,2018,0,0,Wolverhampton Wanderers,Brighton,2.60447,0.115051,0,1,0,EPL,20.625,27.166666666666668
9538,,81,75,2019-04-20 15:00:00,,2018,2,2,West Ham,Leicester,1.36558,0.8065,0,1,0,EPL,6.233333333333333,9.956521739130435
9541,,219,90,2019-04-20 15:00:00,,2018,1,2,Huddersfield,Watford,1.09072,1.08462,0,0,1,EPL,11.0,13.454545454545455
9545,,73,228,2019-04-20 15:00:00,,2018,0,1,Bournemouth,Fulham,2.83739,2.61689,0,0,1,EPL,13.0,13.0
9539,,86,74,2019-04-20 17:30:00,,2018,3,1,Newcastle United,Southampton,1.23033,1.27102,1,0,0,EPL,5.071428571428571,11.421052631578947
9542,,72,89,2019-04-21 13:30:00,,2018,4,0,Everton,Manchester United,1.5204,0.305982,1,0,0,EPL,24.11111111111111,16.6
9544,,227,87,2019-04-21 16:00:00,,2018,0,2,Cardiff,Liverpool,1.1187,2.42404,0,0,1,EPL,3.65,29.416666666666668
9546,,83,78,2019-04-21 16:00:00,,2018,2,3,Arsenal,Crystal Palace,1.54245,2.56216,0,0,1,EPL,13.08695652173913,4.173913043478261
9543,,80,92,2019-04-22 20:00:00,,2018,2,2,Chelsea,Burnley,1.28197,0.788788,0,1,0,EPL,21.6875,5.5
9499,,90,74,2019-04-23 19:45:00,,2018,1,1,Watford,Southampton,1.27253,2.11999,0,1,0,EPL,10.0625,6.958333333333333
9519,,82,220,2019-04-23 19:45:00,,2018,1,0,Tottenham,Brighton,1.0032,0.143138,1,0,0,EPL,24.3,6.0
9497,,229,83,2019-04-24 19:45:00,,2018,3,1,Wolverhampton Wanderers,Arsenal,0.982018,0.939754,1,0,0,EPL,13.181818181818182,18.894736842105264
9501,,89,88,2019-04-24 20:00:00,,2018,0,2,Manchester United,Manchester City,0.514509,0.530481,0,0,1,EPL,8.961538461538462,19.772727272727273
9551,,87,219,2019-04-26 20:00:00,,2018,5,0,Liverpool,Huddersfield,3.58922,0.1624,1,0,0,EPL,21.652173913043477,7.333333333333333
9548,,82,81,2019-04-27 12:30:00,,2018,0,1,Tottenham,West Ham,1.35378,0.991558,0,0,1,EPL,13.142857142857142,13.538461538461538
9547,,90,229,2019-04-27 15:00:00,,2018,1,2,Watford,Wolverhampton Wanderers,0.896093,2.44357,0,0,1,EPL,13.434782608695652,11.529411764705882
9549,,74,73,2019-04-27 15:00:00,,2018,3,3,Southampton,Bournemouth,2.73537,2.62214,0,1,0,EPL,12.5,7.8
9553,,228,227,2019-04-27 15:00:00,,2018,1,0,Fulham,Cardiff,0.519072,1.11322,1,0,0,EPL,15.428571428571429,3.875
9554,,78,72,2019-04-27 15:00:00,,2018,0,0,Crystal Palace,Everton,0.261344,1.15217,0,1,0,EPL,4.892857142857143,12.727272727272727
9556,,220,86,2019-04-27 17:30:00,,2018,1,1,Brighton,Newcastle United,1.20482,0.43797,0,1,0,EPL,15.294117647058824,23.0
9552,,75,83,2019-04-28 12:00:00,,2018,3,0,Leicester,Arsenal,3.6797,0.600697,1,0,0,EPL,21.9375,5.96
9555,,92,88,2019-04-28 14:05:00,,2018,0,1,Burnley,Manchester City,0.0899809,2.34878,0,0,1,EPL,7.357142857142857,20.125
9550,,89,80,2019-04-28 16:30:00,,2018,1,1,Manchester United,Chelsea,1.12483,1.6298,0,1,0,EPL,10.041666666666666,11.555555555555555
9562,,72,92,2019-05-03 19:00:00,,2018,2,0,Everton,Burnley,1.76461,0.473292,1,0,0,EPL,13.5,7.384615384615385
9565,,73,82,2019-05-04 11:30:00,,2018,1,0,Bournemouth,Tottenham,2.22622,0.713362,1,0,0,EPL,10.2,9.863636363636363
9557,,229,228,2019-05-04 14:00:00,,2018,1,0,Wolverhampton Wanderers,Fulham,2.09397,0.512477,1,0,0,EPL,8.363636363636363,18.25
9558,,81,74,2019-05-04 14:00:00,,2018,3,0,West Ham,Southampton,1.99866,0.443686,1,0,0,EPL,8.935483870967742,18.5
9564,,227,78,2019-05-04 16:30:00,,2018,2,3,Cardiff,Crystal Palace,1.4996,1.80991,0,0,1,EPL,7.5,6.944444444444445
9559,,86,87,2019-05-04 18:45:00,,2018,2,3,Newcastle United,Liverpool,1.29707,1.48081,0,0,1,EPL,13.545454545454545,21.7
9561,,219,89,2019-05-05 13:00:00,,2018,1,1,Huddersfield,Manchester United,0.73663,1.88049,0,1,0,EPL,7.65,13.32
9563,,80,90,2019-05-05 13:00:00,,2018,3,0,Chelsea,Watford,2.96478,1.2712,1,0,0,EPL,12.571428571428571,7.56
9566,,83,220,2019-05-05 15:30:00,,2018,1,1,Arsenal,Brighton,2.36178,1.90585,0,1,0,EPL,14.157894736842104,6.25
9560,,88,75,2019-05-06 19:00:00,,2018,1,0,Manchester City,Leicester,1.08617,0.537307,1,0,0,EPL,47.833333333333336,8.303030303030303
9567,,90,81,2019-05-12 14:00:00,,2018,1,4,Watford,West Ham,2.06986,3.20094,0,0,1,EPL,10.347826086956522,12.727272727272727
9568,,82,72,2019-05-12 14:00:00,,2018,2,2,Tottenham,Everton,0.882608,2.06851,0,1,0,EPL,14.625,14.61111111111111
9569,,74,219,2019-05-12 14:00:00,,2018,1,1,Southampton,Huddersfield,0.941018,0.857152,0,1,0,EPL,11.833333333333334,9.176470588235293
9570,,89,227,2019-05-12 14:00:00,,2018,0,2,Manchester United,Cardiff,1.89555,1.71095,0,0,1,EPL,23.666666666666668,3.6956521739130435
9571,,87,229,2019-05-12 14:00:00,,2018,2,0,Liverpool,Wolverhampton Wanderers,1.70197,0.883861,1,0,0,EPL,32.333333333333336,13.368421052631579
9572,,75,80,2019-05-12 14:00:00,,2018,0,0,Leicester,Chelsea,0.345306,1.26735,0,1,0,EPL,16.36842105263158,10.923076923076923
9573,,228,86,2019-05-12 14:00:00,,2018,0,4,Fulham,Newcastle United,0.569845,1.95921,0,0,1,EPL,28.529411764705884,13.333333333333334
9574,,78,73,2019-05-12 14:00:00,,2018,5,3,Crystal Palace,Bournemouth,2.85899,1.8981,1,0,0,EPL,9.652173913043478,13.55
9575,,92,83,2019-05-12 14:00:00,,2018,1,3,Burnley,Arsenal,1.72939,2.87276,0,0,1,EPL,16.636363636363637,17.68421052631579
9576,,220,88,2019-05-12 14:00:00,,2018,1,4,Brighton,Manchester City,0.595313,2.22234,0,0,1,EPL,6.090909090909091,28.846153846153847
11643,,87,79,2019-08-09 20:00:00,,2019,4,1,Liverpool,Norwich,2.23456,0.842407,1,0,0,EPL,21.454545454545453,5.942857142857143
11644,,81,88,2019-08-10 12:30:00,,2019,0,5,West Ham,Manchester City,1.2003,3.18377,0,0,1,EPL,6.935483870967742,16.4
11645,,73,238,2019-08-10 15:00:00,,2019,1,1,Bournemouth,Sheffield United,1.34099,1.59864,0,1,0,EPL,9.133333333333333,13.6
11646,,92,74,2019-08-10 15:00:00,,2019,3,0,Burnley,Southampton,0.909241,1.08752,1,0,0,EPL,5.5,9.277777777777779
11647,,78,72,2019-08-10 15:00:00,,2019,0,0,Crystal Palace,Everton,0.87159,1.2246,0,1,0,EPL,4.074074074074074,11.307692307692308
11648,,90,220,2019-08-10 15:00:00,,2019,0,3,Watford,Brighton,0.670022,0.855516,0,0,1,EPL,11.5,9.785714285714286
11649,,82,71,2019-08-10 17:30:00,,2019,3,1,Tottenham,Aston Villa,2.57262,0.639599,1,0,0,EPL,13.421052631578947,5.25
11650,,86,83,2019-08-11 14:00:00,,2019,0,1,Newcastle United,Arsenal,0.380551,1.13309,0,0,1,EPL,11.052631578947368,13.206896551724139
11651,,75,229,2019-08-11 14:00:00,,2019,0,0,Leicester,Wolverhampton Wanderers,0.543759,0.812949,0,1,0,EPL,18.666666666666668,6.434782608695652
11652,,89,80,2019-08-11 16:30:00,,2019,4,0,Manchester United,Chelsea,2.37442,1.09534,1,0,0,EPL,6.4523809523809526,9.064516129032258
11653,,83,92,2019-08-17 12:30:00,,2019,2,1,Arsenal,Burnley,1.1644,1.39172,1,0,0,EPL,11.384615384615385,5.3125
11654,,71,73,2019-08-17 15:00:00,,2019,1,2,Aston Villa,Bournemouth,1.65069,1.62777,0,0,1,EPL,10.72,13.0
11655,,220,81,2019-08-17 15:00:00,,2019,1,1,Brighton,West Ham,2.40461,1.00856,0,1,0,EPL,8.870967741935484,5.485714285714286
11656,,72,90,2019-08-17 15:00:00,,2019,1,0,Everton,Watford,0.832913,1.17279,1,0,0,EPL,3.925,8.863636363636363
11657,,79,86,2019-08-17 15:00:00,,2019,3,1,Norwich,Newcastle United,2.09572,0.920429,1,0,0,EPL,17.5,13.928571428571429
11658,,74,87,2019-08-17 15:00:00,,2019,1,2,Southampton,Liverpool,2.14047,1.52022,0,0,1,EPL,9.428571428571429,12.0
11659,,88,82,2019-08-17 17:30:00,,2019,2,2,Manchester City,Tottenham,3.20076,0.074542,0,1,0,EPL,47.142857142857146,8.976744186046512
11660,,238,78,2019-08-18 14:00:00,,2019,1,0,Sheffield United,Crystal Palace,1.84778,0.241912,1,0,0,EPL,11.6,11.12
11661,,80,75,2019-08-18 16:30:00,,2019,1,1,Chelsea,Leicester,1.22629,0.947941,0,1,0,EPL,6.297297297297297,10.576923076923077
11662,,229,89,2019-08-19 20:00:00,,2019,1,1,Wolverhampton Wanderers,Manchester United,0.307356,1.14332,0,1,0,EPL,8.363636363636363,19.95
11663,,71,72,2019-08-23 20:00:00,,2019,2,0,Aston Villa,Everton,0.855926,1.25668,1,0,0,EPL,5.407407407407407,13.25
11664,,79,80,2019-08-24 12:30:00,,2019,2,3,Norwich,Chelsea,1.07904,1.89428,0,0,1,EPL,13.727272727272727,10.0
11665,,238,75,2019-08-24 15:00:00,,2019,1,2,Sheffield United,Leicester,0.654318,0.704879,0,0,1,EPL,8.941176470588236,11.391304347826088
11666,,220,74,2019-08-24 15:00:00,,2019,0,2,Brighton,Southampton,0.997711,2.07795,0,0,1,EPL,10.75,9.173913043478262
11667,,90,81,2019-08-24 15:00:00,,2019,1,3,Watford,West Ham,2.29348,3.45768,0,0,1,EPL,12.947368421052632,9.285714285714286
11669,,89,78,2019-08-24 15:00:00,,2019,1,2,Manchester United,Crystal Palace,2.23561,0.676993,0,0,1,EPL,15.277777777777779,6.857142857142857
11670,,87,83,2019-08-24 17:30:00,,2019,3,1,Liverpool,Arsenal,2.78821,0.985542,1,0,0,EPL,28.428571428571427,9.783783783783784
11671,,73,88,2019-08-25 14:00:00,,2019,1,3,Bournemouth,Manchester City,1.89345,3.12856,0,0,1,EPL,5.173913043478261,22.9
11668,,229,92,2019-08-25 16:30:00,,2019,1,1,Wolverhampton Wanderers,Burnley,1.32793,1.22762,0,1,0,EPL,14.619047619047619,11.833333333333334
11672,,82,86,2019-08-25 16:30:00,,2019,0,1,Tottenham,Newcastle United,1.25927,0.51428,0,0,1,EPL,32.3,4.842105263157895
11673,,74,89,2019-08-31 12:30:00,,2019,1,1,Southampton,Manchester United,0.769616,1.90356,0,1,0,EPL,13.571428571428571,6.666666666666667
11674,,81,79,2019-08-31 15:00:00,,2019,2,0,West Ham,Norwich,2.20657,1.1674,1,0,0,EPL,8.74074074074074,7.842105263157895
11675,,80,238,2019-08-31 15:00:00,,2019,2,2,Chelsea,Sheffield United,2.30579,1.04649,0,1,0,EPL,20.916666666666668,14.882352941176471
11676,,78,71,2019-08-31 15:00:00,,2019,1,0,Crystal Palace,Aston Villa,1.41394,0.30354,1,0,0,EPL,9.04,9.0
11677,,75,73,2019-08-31 15:00:00,,2019,3,1,Leicester,Bournemouth,2.23766,0.554726,1,0,0,EPL,10.0,6.914285714285715
11678,,88,220,2019-08-31 15:00:00,,2019,4,0,Manchester City,Brighton,2.30818,0.861035,1,0,0,EPL,21.625,11.4375
11679,,86,90,2019-08-31 15:00:00,,2019,1,1,Newcastle United,Watford,1.04131,1.1068,0,1,0,EPL,12.0,19.6
11680,,92,87,2019-08-31 17:30:00,,2019,0,3,Burnley,Liverpool,0.61739,1.20057,0,0,1,EPL,6.208333333333333,16.263157894736842
11681,,72,229,2019-09-01 14:00:00,,2019,3,2,Everton,Wolverhampton Wanderers,1.48842,2.00172,1,0,0,EPL,20.166666666666668,5.333333333333333
11682,,83,82,2019-09-01 16:30:00,,2019,2,2,Arsenal,Tottenham,1.92509,1.95514,0,1,0,EPL,12.176470588235293,6.787878787878788
11683,,87,86,2019-09-14 11:30:00,,2019,3,1,Liverpool,Newcastle United,2.93281,0.291073,1,0,0,EPL,41.9,6.958333333333333
11684,,89,75,2019-09-14 14:00:00,,2019,1,0,Manchester United,Leicester,1.10019,0.459141,1,0,0,EPL,4.771428571428571,9.72
11685,,220,92,2019-09-14 14:00:00,,2019,1,1,Brighton,Burnley,1.68545,0.341654,0,1,0,EPL,12.1,3.9642857142857144
11686,,238,74,2019-09-14 14:00:00,,2019,0,1,Sheffield United,Southampton,1.88034,1.57659,0,0,1,EPL,12.823529411764707,12.523809523809524
11687,,82,78,2019-09-14 14:00:00,,2019,4,0,Tottenham,Crystal Palace,1.04944,0.577323,1,0,0,EPL,17.083333333333332,6.545454545454546
11688,,229,80,2019-09-14 14:00:00,,2019,2,5,Wolverhampton Wanderers,Chelsea,1.49359,3.06799,0,0,1,EPL,7.1,13.107142857142858
11689,,79,88,2019-09-14 16:30:00,,2019,3,2,Norwich,Manchester City,1.7413,2.34436,1,0,0,EPL,7.958333333333333,18.428571428571427
11690,,73,72,2019-09-15 13:00:00,,2019,3,1,Bournemouth,Everton,1.41542,1.50641,1,0,0,EPL,5.516129032258065,12.090909090909092
11691,,90,83,2019-09-15 15:30:00,,2019,2,2,Watford,Arsenal,2.83209,1.00616,0,1,0,EPL,21.416666666666668,9.071428571428571
11692,,71,81,2019-09-16 19:00:00,,2019,0,0,Aston Villa,West Ham,1.40502,0.535279,0,1,0,EPL,10.090909090909092,9.681818181818182
11693,,74,73,2019-09-20 19:00:00,,2019,1,3,Southampton,Bournemouth,2.18021,1.29773,0,0,1,EPL,17.9375,4.085714285714285
11694,,75,82,2019-09-21 11:30:00,,2019,2,1,Leicester,Tottenham,1.28752,1.33735,1,0,0,EPL,5.617647058823529,10.636363636363637
11695,,88,90,2019-09-21 14:00:00,,2019,8,0,Manchester City,Watford,6.63049,0.344718,1,0,0,EPL,35.833333333333336,11.333333333333334
11696,,92,79,2019-09-21 14:00:00,,2019,2,0,Burnley,Norwich,2.39312,0.801428,1,0,0,EPL,14.9,11.68
11698,,72,238,2019-09-21 14:00:00,,2019,0,2,Everton,Sheffield United,1.26041,0.508011,0,0,1,EPL,13.15,5.647058823529412
11699,,86,220,2019-09-21 16:30:00,,2019,0,0,Newcastle United,Brighton,1.09807,1.21592,0,1,0,EPL,6.095238095238095,22.9
11697,,78,229,2019-09-22 13:00:00,,2019,1,1,Crystal Palace,Wolverhampton Wanderers,0.984777,1.75572,0,1,0,EPL,12.523809523809524,13.947368421052632
11700,,81,89,2019-09-22 13:00:00,,2019,2,0,West Ham,Manchester United,0.51376,1.27826,1,0,0,EPL,17.181818181818183,14.947368421052632
11701,,80,87,2019-09-22 15:30:00,,2019,1,2,Chelsea,Liverpool,1.23321,1.03003,0,0,1,EPL,7.914285714285715,11.625
11702,,83,71,2019-09-22 15:30:00,,2019,3,2,Arsenal,Aston Villa,2.53209,1.71546,1,0,0,EPL,11.0,9.1
11703,,238,87,2019-09-28 11:30:00,,2019,0,1,Sheffield United,Liverpool,1.17022,1.97079,0,0,1,EPL,11.272727272727273,24.235294117647058
11704,,82,74,2019-09-28 14:00:00,,2019,2,1,Tottenham,Southampton,1.19008,1.16256,1,0,0,EPL,5.648648648648648,31.75
11705,,229,90,2019-09-28 14:00:00,,2019,2,0,Wolverhampton Wanderers,Watford,1.16363,1.06615,1,0,0,EPL,11.380952380952381,22.9375
11706,,71,92,2019-09-28 14:00:00,,2019,2,2,Aston Villa,Burnley,0.914266,1.66919,0,1,0,EPL,9.045454545454545,6.05
11707,,73,81,2019-09-28 14:00:00,,2019,2,2,Bournemouth,West Ham,2.31957,1.29546,0,1,0,EPL,13.1,11.25
11708,,80,220,2019-09-28 14:00:00,,2019,2,0,Chelsea,Brighton,4.26443,0.616263,1,0,0,EPL,12.76923076923077,14.541666666666666
11709,,78,79,2019-09-28 14:00:00,,2019,2,0,Crystal Palace,Norwich,1.80497,0.712129,1,0,0,EPL,9.11111111111111,12.782608695652174
11711,,72,88,2019-09-28 16:30:00,,2019,1,3,Everton,Manchester City,2.35854,3.1082,0,0,1,EPL,9.714285714285714,32.666666666666664
11710,,75,86,2019-09-29 15:30:00,,2019,5,0,Leicester,Newcastle United,1.82438,0.054134,1,0,0,EPL,35.72727272727273,5.5588235294117645
11712,,89,83,2019-09-30 19:00:00,,2019,1,1,Manchester United,Arsenal,1.1335,1.70399,0,1,0,EPL,10.125,5.925925925925926
11713,,220,82,2019-10-05 12:30:00,,2019,3,0,Brighton,Tottenham,2.60017,0.478504,1,0,0,EPL,15.235294117647058,8.135135135135135
11714,,92,72,2019-10-05 15:00:00,,2019,1,0,Burnley,Everton,0.558912,1.30723,1,0,0,EPL,7.8,19.5
11715,,87,75,2019-10-05 15:00:00,,2019,2,1,Liverpool,Leicester,3.74867,0.0982107,1,0,0,EPL,9.25,7.78125
11717,,79,71,2019-10-05 15:00:00,,2019,1,5,Norwich,Aston Villa,1.84838,3.67827,0,0,1,EPL,8.8,6.041666666666667
11719,,90,238,2019-10-05 15:00:00,,2019,0,0,Watford,Sheffield United,1.44318,0.353724,0,1,0,EPL,6.7272727272727275,19.375
11720,,81,78,2019-10-05 17:30:00,,2019,1,2,West Ham,Crystal Palace,1.23577,2.0682,0,0,1,EPL,20.071428571428573,14.789473684210526
11716,,88,229,2019-10-06 14:00:00,,2019,0,2,Manchester City,Wolverhampton Wanderers,1.61884,1.18825,0,0,1,EPL,19.6875,4.115384615384615
11718,,74,80,2019-10-06 14:00:00,,2019,1,4,Southampton,Chelsea,1.27044,2.15201,0,0,1,EPL,11.105263157894736,10.884615384615385
11722,,83,73,2019-10-06 14:00:00,,2019,1,0,Arsenal,Bournemouth,1.24109,0.683967,1,0,0,EPL,10.217391304347826,7.0285714285714285
11721,,86,89,2019-10-06 16:30:00,,2019,1,0,Newcastle United,Manchester United,0.650296,0.969204,1,0,0,EPL,6.818181818181818,28.454545454545453
11727,,72,81,2019-10-19 12:30:00,,2019,2,0,Everton,West Ham,2.23324,0.459112,1,0,0,EPL,10.052631578947368,5.71875
11723,,71,220,2019-10-19 15:00:00,,2019,2,1,Aston Villa,Brighton,2.96692,1.32184,1,0,0,EPL,9.523809523809524,15.055555555555555
11724,,73,79,2019-10-19 15:00:00,,2019,0,0,Bournemouth,Norwich,0.675554,0.402873,0,1,0,EPL,11.833333333333334,12.7
11725,,80,86,2019-10-19 15:00:00,,2019,1,0,Chelsea,Newcastle United,2.30068,0.197082,1,0,0,EPL,23.5,4.6521739130434785
11728,,75,92,2019-10-19 15:00:00,,2019,2,1,Leicester,Burnley,0.8291,1.79569,1,0,0,EPL,15.2,7.6
11731,,82,90,2019-10-19 15:00:00,,2019,1,1,Tottenham,Watford,0.891617,0.846851,0,1,0,EPL,18.894736842105264,7.434782608695652
11732,,229,74,2019-10-19 15:00:00,,2019,1,1,Wolverhampton Wanderers,Southampton,0.887495,1.37695,0,1,0,EPL,12.041666666666666,14.666666666666666
11726,,78,88,2019-10-19 17:30:00,,2019,0,2,Crystal Palace,Manchester City,0.616864,4.02104,0,0,1,EPL,6.7368421052631575,18.57894736842105
11729,,89,87,2019-10-20 16:30:00,,2019,1,1,Manchester United,Liverpool,0.791862,1.03212,0,1,0,EPL,5.172413793103448,31.5
11730,,238,83,2019-10-21 20:00:00,,2019,1,0,Sheffield United,Arsenal,0.895722,0.949735,1,0,0,EPL,5.944444444444445,12.214285714285714
11740,,74,75,2019-10-25 20:00:00,,2019,0,9,Southampton,Leicester,0.457334,4.38046,0,0,1,EPL,3.189189189189189,17.047619047619047
11737,,88,71,2019-10-26 12:30:00,,2019,3,0,Manchester City,Aston Villa,3.19004,0.980145,1,0,0,EPL,26.7,8.083333333333334
11734,,220,72,2019-10-26 15:00:00,,2019,3,2,Brighton,Everton,1.15279,1.04723,1,0,0,EPL,11.678571428571429,8.464285714285714
11741,,90,73,2019-10-26 15:00:00,,2019,0,0,Watford,Bournemouth,0.674903,0.899526,0,1,0,EPL,9.368421052631579,13.153846153846153
11742,,81,238,2019-10-26 15:00:00,,2019,1,1,West Ham,Sheffield United,2.33891,1.16171,0,1,0,EPL,14.428571428571429,10.125
11735,,92,80,2019-10-26 17:30:00,,2019,2,4,Burnley,Chelsea,2.23494,0.988321,0,0,1,EPL,10.473684210526315,15.96
11738,,86,229,2019-10-27 14:00:00,,2019,1,1,Newcastle United,Wolverhampton Wanderers,0.603104,1.93255,0,1,0,EPL,9.6,38.625
11733,,83,78,2019-10-27 16:30:00,,2019,2,2,Arsenal,Crystal Palace,1.54014,1.77892,0,1,0,EPL,26.3,7.666666666666667
11736,,87,82,2019-10-27 16:30:00,,2019,2,1,Liverpool,Tottenham,2.18851,1.35143,1,0,0,EPL,32.3,5.068965517241379
11739,,79,89,2019-10-27 16:30:00,,2019,1,3,Norwich,Manchester United,0.8924,4.51232,0,0,1,EPL,9.5,8.653846153846153
11745,,73,89,2019-11-02 12:30:00,,2019,1,0,Bournemouth,Manchester United,1.86862,0.641129,1,0,0,EPL,8.5,8.25925925925926
11743,,83,229,2019-11-02 15:00:00,,2019,1,1,Arsenal,Wolverhampton Wanderers,1.02552,1.5103,0,1,0,EPL,11.76,14.071428571428571
11744,,71,87,2019-11-02 15:00:00,,2019,1,2,Aston Villa,Liverpool,0.741615,2.38824,0,0,1,EPL,4.4,20.928571428571427
11746,,220,79,2019-11-02 15:00:00,,2019,2,0,Brighton,Norwich,2.65496,0.455082,1,0,0,EPL,15.210526315789474,6.967741935483871
11749,,88,74,2019-11-02 15:00:00,,2019,2,1,Manchester City,Southampton,3.36132,0.893889,1,0,0,EPL,17.75,3.1923076923076925
11750,,238,92,2019-11-02 15:00:00,,2019,3,0,Sheffield United,Burnley,2.58392,0.716613,1,0,0,EPL,8.5,17.714285714285715
11752,,81,86,2019-11-02 15:00:00,,2019,2,3,West Ham,Newcastle United,1.53597,1.93192,0,0,1,EPL,14.470588235294118,4.166666666666667
11751,,90,80,2019-11-02 17:30:00,,2019,1,2,Watford,Chelsea,1.4744,2.18313,0,0,1,EPL,11.263157894736842,20.2
11747,,78,75,2019-11-03 14:00:00,,2019,0,2,Crystal Palace,Leicester,0.44291,0.981167,0,0,1,EPL,6.413793103448276,17.8
11748,,72,82,2019-11-03 16:30:00,,2019,1,1,Everton,Tottenham,1.15532,0.243393,0,1,0,EPL,10.222222222222221,11.24
11757,,79,90,2019-11-08 20:00:00,,2019,0,2,Norwich,Watford,0.62104,1.36017,0,0,1,EPL,15.545454545454545,7.578947368421052
11754,,80,78,2019-11-09 12:30:00,,2019,2,0,Chelsea,Crystal Palace,3.28903,0.479488,1,0,0,EPL,13.91304347826087,7.75
11753,,92,81,2019-11-09 15:00:00,,2019,3,0,Burnley,West Ham,2.4158,0.474281,1,0,0,EPL,5.708333333333333,9.083333333333334
11756,,86,73,2019-11-09 15:00:00,,2019,2,1,Newcastle United,Bournemouth,2.3306,1.9213,1,0,0,EPL,7.823529411764706,18.88235294117647
11758,,74,72,2019-11-09 15:00:00,,2019,1,2,Southampton,Everton,0.742281,2.08883,0,0,1,EPL,6.516129032258065,9.941176470588236
11759,,82,238,2019-11-09 15:00:00,,2019,1,1,Tottenham,Sheffield United,1.5104,0.923443,0,1,0,EPL,11.517241379310345,9.529411764705882
11762,,75,83,2019-11-09 17:30:00,,2019,2,0,Leicester,Arsenal,1.37055,0.961339,1,0,0,EPL,17.142857142857142,8.088235294117647
11760,,229,71,2019-11-10 14:00:00,,2019,2,1,Wolverhampton Wanderers,Aston Villa,2.09891,0.473225,1,0,0,EPL,6.3,6.59375
11761,,89,220,2019-11-10 14:00:00,,2019,3,1,Manchester United,Brighton,3.65299,1.1342,1,0,0,EPL,5.314285714285714,11.961538461538462
11755,,87,88,2019-11-10 16:30:00,,2019,3,1,Liverpool,Manchester City,1.3319,1.48104,1,0,0,EPL,12.047619047619047,20.46153846153846
11772,,81,82,2019-11-23 12:30:00,,2019,2,3,West Ham,Tottenham,0.661449,2.20681,0,0,1,EPL,9.08695652173913,11.333333333333334
11763,,83,74,2019-11-23 15:00:00,,2019,2,2,Arsenal,Southampton,1.60823,2.60312,0,1,0,EPL,7.3428571428571425,6.0
11765,,73,229,2019-11-23 15:00:00,,2019,1,2,Bournemouth,Wolverhampton Wanderers,0.849789,1.2765,0,0,1,EPL,13.7,14.043478260869565
11766,,220,75,2019-11-23 15:00:00,,2019,0,2,Brighton,Leicester,0.784706,3.50917,0,0,1,EPL,27.0,16.466666666666665
11767,,78,87,2019-11-23 15:00:00,,2019,1,2,Crystal Palace,Liverpool,1.02306,1.64291,0,0,1,EPL,10.11111111111111,21.923076923076923
11768,,72,79,2019-11-23 15:00:00,,2019,0,2,Everton,Norwich,0.812693,1.80849,0,0,1,EPL,8.217391304347826,5.956521739130435
11771,,90,92,2019-11-23 15:00:00,,2019,0,3,Watford,Burnley,0.902384,2.66281,0,0,1,EPL,11.625,5.947368421052632
11769,,88,80,2019-11-23 17:30:00,,2019,2,1,Manchester City,Chelsea,1.23596,0.820474,1,0,0,EPL,18.63157894736842,16.333333333333332
11770,,238,89,2019-11-24 16:30:00,,2019,3,3,Sheffield United,Manchester United,1.56025,1.33065,0,1,0,EPL,8.631578947368421,10.483870967741936
11764,,71,86,2019-11-25 20:00:00,,2019,2,0,Aston Villa,Newcastle United,2.6985,0.69784,1,0,0,EPL,17.6,7.333333333333333
11777,,86,88,2019-11-30 12:30:00,,2019,2,2,Newcastle United,Manchester City,0.208252,2.44389,0,1,0,EPL,4.115384615384615,38.55555555555556
11773,,92,78,2019-11-30 15:00:00,,2019,0,2,Burnley,Crystal Palace,1.8509,0.936732,0,0,1,EPL,7.291666666666667,8.375
11774,,80,81,2019-11-30 15:00:00,,2019,0,1,Chelsea,West Ham,2.73185,1.12034,0,0,1,EPL,11.205882352941176,11.357142857142858
11776,,87,220,2019-11-30 15:00:00,,2019,2,1,Liverpool,Brighton,1.36832,0.867601,1,0,0,EPL,15.055555555555555,14.916666666666666
11779,,82,73,2019-11-30 15:00:00,,2019,3,2,Tottenham,Bournemouth,2.93189,1.02949,1,0,0,EPL,8.5625,8.88888888888889
11778,,74,90,2019-11-30 17:30:00,,2019,2,1,Southampton,Watford,1.9671,0.504005,1,0,0,EPL,14.2,7.555555555555555
11780,,229,238,2019-12-01 14:00:00,,2019,1,1,Wolverhampton Wanderers,Sheffield United,1.27422,1.47296,0,1,0,EPL,7.891891891891892,7.571428571428571
11781,,79,83,2019-12-01 14:00:00,,2019,2,2,Norwich,Arsenal,0.810596,1.96157,0,1,0,EPL,7.884615384615385,24.666666666666668
11775,,75,72,2019-12-01 16:30:00,,2019,2,1,Leicester,Everton,2.24348,1.24986,1,0,0,EPL,18.35,5.608695652173913
11782,,89,71,2019-12-01 16:30:00,,2019,2,2,Manchester United,Aston Villa,1.84804,1.29701,0,1,0,EPL,12.0,6.6521739130434785
11791,,78,73,2019-12-03 19:30:00,,2019,1,0,Crystal Palace,Bournemouth,0.383763,0.342799,1,0,0,EPL,5.619047619047619,20.333333333333332
11784,,92,88,2019-12-03 20:15:00,,2019,1,4,Burnley,Manchester City,0.486548,2.56057,0,0,1,EPL,11.2,25.9375
11785,,75,90,2019-12-04 19:30:00,,2019,2,0,Leicester,Watford,2.28735,0.199733,1,0,0,EPL,13.541666666666666,7.190476190476191
11787,,229,81,2019-12-04 19:30:00,,2019,2,0,Wolverhampton Wanderers,West Ham,1.82237,0.501977,1,0,0,EPL,9.846153846153847,9.258064516129032
11788,,89,82,2019-12-04 19:30:00,,2019,2,1,Manchester United,Tottenham,1.47683,0.542315,1,0,0,EPL,8.481481481481481,7.368421052631579
11789,,80,71,2019-12-04 19:30:00,,2019,2,1,Chelsea,Aston Villa,1.9774,0.86086,1,0,0,EPL,13.892857142857142,6.961538461538462
11790,,74,79,2019-12-04 19:30:00,,2019,2,1,Southampton,Norwich,2.00232,0.896647,1,0,0,EPL,13.833333333333334,9.305555555555555
11792,,87,72,2019-12-04 20:15:00,,2019,5,2,Liverpool,Everton,2.41397,1.76453,1,0,0,EPL,9.0,9.68421052631579
11786,,238,86,2019-12-05 19:30:00,,2019,0,2,Sheffield United,Newcastle United,1.09175,0.533775,0,0,1,EPL,60.0,7.3125
11783,,83,220,2019-12-05 20:15:00,,2019,1,2,Arsenal,Brighton,0.965377,1.53446,0,0,1,EPL,8.392857142857142,13.9375
11796,,72,80,2019-12-07 12:30:00,,2019,3,1,Everton,Chelsea,2.03892,1.25734,1,0,0,EPL,4.611111111111111,8.974358974358974
11794,,73,87,2019-12-07 15:00:00,,2019,0,3,Bournemouth,Liverpool,0.154608,3.04446,0,0,1,EPL,9.352941176470589,43.916666666666664
11800,,82,92,2019-12-07 15:00:00,,2019,5,0,Tottenham,Burnley,2.39684,1.08645,1,0,0,EPL,11.296296296296296,11.0
11801,,90,78,2019-12-07 15:00:00,,2019,0,0,Watford,Crystal Palace,1.57132,0.210746,0,1,0,EPL,9.05,10.5
11797,,88,89,2019-12-07 17:30:00,,2019,1,2,Manchester City,Manchester United,2.07108,1.63385,0,0,1,EPL,20.846153846153847,3.742857142857143
11793,,71,75,2019-12-08 14:00:00,,2019,1,4,Aston Villa,Leicester,1.24141,4.03286,0,0,1,EPL,4.296296296296297,8.666666666666666
11798,,86,74,2019-12-08 14:00:00,,2019,2,1,Newcastle United,Southampton,1.10449,1.89255,1,0,0,EPL,4.866666666666666,13.8
11799,,79,238,2019-12-08 14:00:00,,2019,1,2,Norwich,Sheffield United,0.585805,0.712899,0,0,1,EPL,11.12,12.375
11795,,220,229,2019-12-08 16:30:00,,2019,2,2,Brighton,Wolverhampton Wanderers,0.951621,1.87208,0,1,0,EPL,23.133333333333333,5.866666666666666
11802,,81,83,2019-12-09 20:00:00,,2019,1,3,West Ham,Arsenal,0.521847,1.79181,0,0,1,EPL,23.166666666666668,12.135135135135135
11808,,87,90,2019-12-14 12:30:00,,2019,2,0,Liverpool,Watford,1.56674,1.01166,1,0,0,EPL,17.772727272727273,5.038461538461538
11804,,92,86,2019-12-14 15:00:00,,2019,1,0,Burnley,Newcastle United,1.43602,1.08726,1,0,0,EPL,10.45,7.148148148148148
11805,,80,73,2019-12-14 15:00:00,,2019,0,1,Chelsea,Bournemouth,2.02119,1.20777,0,0,1,EPL,17.210526315789473,4.533333333333333
11807,,75,79,2019-12-14 15:00:00,,2019,1,1,Leicester,Norwich,1.06421,1.16408,0,1,0,EPL,11.5,7.033333333333333
11810,,238,71,2019-12-14 15:00:00,,2019,2,0,Sheffield United,Aston Villa,1.888,0.97258,1,0,0,EPL,10.85,8.0
11811,,74,81,2019-12-14 17:30:00,,2019,0,1,Southampton,West Ham,0.805884,0.90324,0,0,1,EPL,11.95,7.722222222222222
11809,,89,72,2019-12-15 14:00:00,,2019,1,1,Manchester United,Everton,1.48327,0.276759,0,1,0,EPL,11.25,8.909090909090908
11812,,229,82,2019-12-15 14:00:00,,2019,1,2,Wolverhampton Wanderers,Tottenham,0.718669,0.989205,0,0,1,EPL,8.692307692307692,6.67741935483871
11803,,83,88,2019-12-15 16:30:00,,2019,0,3,Arsenal,Manchester City,0.28161,1.69553,0,0,1,EPL,8.513513513513514,18.130434782608695
11806,,78,220,2019-12-16 19:45:00,,2019,1,1,Crystal Palace,Brighton,0.484859,2.48355,0,1,0,EPL,5.25,19.3125
11816,,72,83,2019-12-21 12:30:00,,2019,0,0,Everton,Arsenal,0.486523,0.881818,0,1,0,EPL,8.043478260869565,12.423076923076923
11813,,71,74,2019-12-21 15:00:00,,2019,1,3,Aston Villa,Southampton,0.921054,2.63444,0,0,1,EPL,12.0,10.4375
11814,,73,92,2019-12-21 15:00:00,,2019,0,1,Bournemouth,Burnley,0.138532,0.144318,0,0,1,EPL,8.392857142857142,5.555555555555555
11815,,220,238,2019-12-21 15:00:00,,2019,0,1,Brighton,Sheffield United,0.428371,1.65933,0,0,1,EPL,20.22222222222222,8.533333333333333
11818,,86,78,2019-12-21 15:00:00,,2019,1,0,Newcastle United,Crystal Palace,0.714368,0.985368,1,0,0,EPL,8.652173913043478,12.5
11819,,79,229,2019-12-21 15:00:00,,2019,1,2,Norwich,Wolverhampton Wanderers,1.26536,1.65224,0,0,1,EPL,9.461538461538462,14.588235294117647
11817,,88,75,2019-12-21 17:30:00,,2019,3,1,Manchester City,Leicester,3.59139,1.01388,1,0,0,EPL,32.916666666666664,8.625
11821,,90,89,2019-12-22 14:00:00,,2019,2,0,Watford,Manchester United,1.59291,1.5309,1,0,0,EPL,5.416666666666667,8.875
11820,,82,80,2019-12-22 16:30:00,,2019,0,2,Tottenham,Chelsea,0.276667,1.49374,0,0,1,EPL,10.4,12.782608695652174
11831,,82,220,2019-12-26 12:30:00,,2019,2,1,Tottenham,Brighton,1.02645,1.09007,1,0,0,EPL,9.692307692307692,10.125
11823,,71,79,2019-12-26 15:00:00,,2019,1,0,Aston Villa,Norwich,0.654194,1.45005,1,0,0,EPL,9.222222222222221,11.521739130434783
11824,,73,83,2019-12-26 15:00:00,,2019,1,1,Bournemouth,Arsenal,1.55463,1.42464,0,1,0,EPL,7.653846153846154,23.8
11825,,80,74,2019-12-26 15:00:00,,2019,0,2,Chelsea,Southampton,0.859973,0.981321,0,0,1,EPL,12.535714285714286,5.111111111111111
11826,,78,81,2019-12-26 15:00:00,,2019,2,1,Crystal Palace,West Ham,2.14195,0.796338,1,0,0,EPL,9.909090909090908,9.941176470588236
11827,,72,92,2019-12-26 15:00:00,,2019,1,0,Everton,Burnley,1.47521,0.565252,1,0,0,EPL,13.083333333333334,5.526315789473684
11830,,238,90,2019-12-26 15:00:00,,2019,1,1,Sheffield United,Watford,2.04481,0.596611,0,1,0,EPL,20.428571428571427,13.2
11829,,89,86,2019-12-26 17:30:00,,2019,4,1,Manchester United,Newcastle United,1.99638,1.05018,1,0,0,EPL,40.45454545454545,5.518518518518518
11828,,75,87,2019-12-26 20:00:00,,2019,0,4,Leicester,Liverpool,0.120994,3.76973,0,0,1,EPL,11.434782608695652,20.470588235294116
11832,,229,88,2019-12-27 19:45:00,,2019,3,2,Wolverhampton Wanderers,Manchester City,2.39405,1.52044,1,0,0,EPL,18.8,13.058823529411764
11834,,220,73,2019-12-28 12:30:00,,2019,2,0,Brighton,Bournemouth,1.05876,0.500726,1,0,0,EPL,17.125,9.375
11838,,86,72,2019-12-28 15:00:00,,2019,1,2,Newcastle United,Everton,1.63211,2.82576,0,0,1,EPL,8.5,14.705882352941176
11840,,74,78,2019-12-28 15:00:00,,2019,1,1,Southampton,Crystal Palace,1.47937,0.137837,0,1,0,EPL,19.357142857142858,5.411764705882353
11841,,90,71,2019-12-28 15:00:00,,2019,3,0,Watford,Aston Villa,3.25314,0.610997,1,0,0,EPL,16.0,8.76
11839,,79,82,2019-12-28 17:30:00,,2019,2,2,Norwich,Tottenham,0.268052,1.82189,0,1,0,EPL,9.8,8.466666666666667
11842,,81,75,2019-12-28 17:30:00,,2019,1,2,West Ham,Leicester,0.782104,2.62349,0,0,1,EPL,7.590909090909091,8.941176470588236
11835,,92,89,2019-12-28 19:45:00,,2019,0,2,Burnley,Manchester United,0.386662,2.10542,0,0,1,EPL,8.333333333333334,13.5
11833,,83,80,2019-12-29 14:00:00,,2019,1,2,Arsenal,Chelsea,0.785214,1.49666,0,0,1,EPL,6.894736842105263,14.043478260869565
11836,,87,229,2019-12-29 16:30:00,,2019,1,0,Liverpool,Wolverhampton Wanderers,1.49124,0.363764,1,0,0,EPL,21.333333333333332,6.266666666666667
11837,,88,238,2019-12-29 18:00:00,,2019,2,0,Manchester City,Sheffield United,1.08628,1.23346,1,0,0,EPL,34.57142857142857,10.923076923076923
11845,,220,80,2020-01-01 12:30:00,,2019,1,1,Brighton,Chelsea,1.56978,1.57497,0,1,0,EPL,8.53125,12.148148148148149
11846,,92,71,2020-01-01 12:30:00,,2019,1,2,Burnley,Aston Villa,2.34418,1.74824,0,0,1,EPL,26.5,7.944444444444445
11849,,86,75,2020-01-01 15:00:00,,2019,0,3,Newcastle United,Leicester,0.780118,2.43642,0,0,1,EPL,3.588235294117647,39.92307692307692
11851,,74,82,2020-01-01 15:00:00,,2019,1,0,Southampton,Tottenham,1.51192,1.078,1,0,0,EPL,6.434782608695652,6.375
11852,,90,229,2020-01-01 15:00:00,,2019,2,1,Watford,Wolverhampton Wanderers,1.07053,1.23252,1,0,0,EPL,8.45,20.11764705882353
11843,,81,73,2020-01-01 17:30:00,,2019,4,0,West Ham,Bournemouth,2.32825,0.720709,1,0,0,EPL,15.933333333333334,22.526315789473685
11848,,88,72,2020-01-01 17:30:00,,2019,2,1,Manchester City,Everton,1.79757,0.848942,1,0,0,EPL,22.52173913043478,10.28
11850,,79,78,2020-01-01 17:30:00,,2019,1,1,Norwich,Crystal Palace,1.66454,1.29896,0,1,0,EPL,8.0,11.272727272727273
11844,,83,89,2020-01-01 20:00:00,,2019,2,0,Arsenal,Manchester United,1.90747,0.715563,1,0,0,EPL,11.241379310344827,13.565217391304348
11847,,87,238,2020-01-02 20:00:00,,2019,2,0,Liverpool,Sheffield United,3.0465,0.634607,1,0,0,EPL,32.68421052631579,14.583333333333334
11855,,238,81,2020-01-10 20:00:00,,2019,1,0,Sheffield United,West Ham,2.02768,0.90477,1,0,0,EPL,10.947368421052632,9.928571428571429
11859,,78,83,2020-01-11 12:30:00,,2019,1,1,Crystal Palace,Arsenal,0.317862,1.43924,0,1,0,EPL,5.6875,8.818181818181818
11853,,229,86,2020-01-11 15:00:00,,2019,1,1,Wolverhampton Wanderers,Newcastle United,2.04805,0.184495,0,1,0,EPL,16.695652173913043,4.733333333333333
11858,,80,92,2020-01-11 15:00:00,,2019,3,0,Chelsea,Burnley,2.87633,0.717407,1,0,0,EPL,28.818181818181817,9.588235294117647
11860,,72,220,2020-01-11 15:00:00,,2019,1,0,Everton,Brighton,2.02533,1.53324,1,0,0,EPL,17.4375,8.689655172413794
11861,,75,74,2020-01-11 15:00:00,,2019,1,2,Leicester,Southampton,0.780114,2.40601,0,0,1,EPL,7.7272727272727275,12.0
11862,,89,79,2020-01-11 15:00:00,,2019,4,0,Manchester United,Norwich,3.13456,0.275987,1,0,0,EPL,15.894736842105264,5.0
11854,,82,87,2020-01-11 17:30:00,,2019,0,1,Tottenham,Liverpool,1.10584,1.74564,0,0,1,EPL,12.3,29.9375
11857,,73,90,2020-01-12 14:00:00,,2019,0,3,Bournemouth,Watford,0.320447,2.29827,0,0,1,EPL,11.44,13.066666666666666
11856,,71,88,2020-01-12 16:30:00,,2019,1,6,Aston Villa,Manchester City,1.12565,3.75131,0,0,1,EPL,7.633333333333334,34.3125
11871,,90,82,2020-01-18 12:30:00,,2019,0,0,Watford,Tottenham,2.39174,1.76697,0,1,0,EPL,7.294117647058823,9.166666666666666
11863,,83,238,2020-01-18 15:00:00,,2019,1,1,Arsenal,Sheffield United,1.22882,1.18444,0,1,0,EPL,8.972222222222221,9.444444444444445
11864,,88,78,2020-01-18 15:00:00,,2019,2,2,Manchester City,Crystal Palace,2.47314,0.586716,0,1,0,EPL,29.5,4.923076923076923
11867,,220,71,2020-01-18 15:00:00,,2019,1,1,Brighton,Aston Villa,1.30028,1.02045,0,1,0,EPL,10.777777777777779,7.241379310344827
11869,,79,73,2020-01-18 15:00:00,,2019,1,0,Norwich,Bournemouth,1.76046,0.558298,1,0,0,EPL,13.75,9.764705882352942
11870,,74,229,2020-01-18 15:00:00,,2019,2,3,Southampton,Wolverhampton Wanderers,0.786974,2.1772,0,0,1,EPL,15.307692307692308,5.194444444444445
11872,,81,72,2020-01-18 15:00:00,,2019,1,1,West Ham,Everton,1.68436,1.95473,0,1,0,EPL,8.25925925925926,9.8
11868,,86,80,2020-01-18 17:30:00,,2019,1,0,Newcastle United,Chelsea,0.892988,2.05436,1,0,0,EPL,4.233333333333333,23.272727272727273
11866,,92,75,2020-01-19 14:00:00,,2019,2,1,Burnley,Leicester,1.50886,2.33415,1,0,0,EPL,9.826086956521738,9.72
11865,,87,89,2020-01-19 16:30:00,,2019,2,0,Liverpool,Manchester United,2.00655,1.4185,1,0,0,EPL,15.0,11.0
11873,,71,90,2020-01-21 19:30:00,,2019,2,1,Aston Villa,Watford,1.06739,1.81101,1,0,0,EPL,9.272727272727273,6.173913043478261
11875,,238,88,2020-01-21 19:30:00,,2019,0,1,Sheffield United,Manchester City,0.774943,2.873,0,0,1,EPL,8.833333333333334,23.0
11877,,72,86,2020-01-21 19:30:00,,2019,2,2,Everton,Newcastle United,2.05254,0.570931,0,1,0,EPL,15.08695652173913,11.72
11878,,73,220,2020-01-21 19:30:00,,2019,3,1,Bournemouth,Brighton,1.92315,1.97227,1,0,0,EPL,6.428571428571429,11.129032258064516
11882,,78,74,2020-01-21 19:30:00,,2019,0,2,Crystal Palace,Southampton,0.674589,1.1306,0,0,1,EPL,4.5,7.833333333333333
11881,,80,83,2020-01-21 20:15:00,,2019,2,2,Chelsea,Arsenal,3.38612,0.568077,0,1,0,EPL,21.666666666666668,8.321428571428571
11876,,75,81,2020-01-22 19:30:00,,2019,4,1,Leicester,West Ham,2.91302,1.16254,1,0,0,EPL,15.8,5.954545454545454
11880,,82,79,2020-01-22 19:30:00,,2019,2,1,Tottenham,Norwich,2.22282,1.42472,1,0,0,EPL,14.235294117647058,9.03225806451613
11879,,89,92,2020-01-22 20:15:00,,2019,0,2,Manchester United,Burnley,1.416,0.717284,0,0,1,EPL,13.884615384615385,10.9
11874,,229,87,2020-01-23 20:00:00,,2019,1,2,Wolverhampton Wanderers,Liverpool,1.85442,1.59024,0,0,1,EPL,11.88888888888889,22.375
11822,,81,87,2020-01-29 19:45:00,,2019,0,2,West Ham,Liverpool,0.878341,2.59926,0,0,1,EPL,7.481481481481482,38.357142857142854
11886,,75,80,2020-02-01 12:30:00,,2019,2,2,Leicester,Chelsea,1.65956,0.806995,0,1,0,EPL,14.631578947368421,7.848484848484849
11883,,73,71,2020-02-01 15:00:00,,2019,2,1,Bournemouth,Aston Villa,2.72236,1.40955,1,0,0,EPL,7.642857142857143,10.0
11885,,78,238,2020-02-01 15:00:00,,2019,0,1,Crystal Palace,Sheffield United,0.970063,0.860755,0,0,1,EPL,10.310344827586206,11.0
11887,,87,74,2020-02-01 15:00:00,,2019,4,0,Liverpool,Southampton,3.7195,0.716298,1,0,0,EPL,12.73913043478261,6.2272727272727275
11889,,86,79,2020-02-01 15:00:00,,2019,0,0,Newcastle United,Norwich,0.937293,2.39985,0,1,0,EPL,7.6923076923076925,11.318181818181818
11891,,90,72,2020-02-01 15:00:00,,2019,2,3,Watford,Everton,0.919248,2.70178,0,0,1,EPL,8.285714285714286,9.24
11892,,81,220,2020-02-01 15:00:00,,2019,3,3,West Ham,Brighton,1.30774,2.03179,0,1,0,EPL,6.333333333333333,17.333333333333332
11888,,89,229,2020-02-01 17:30:00,,2019,0,0,Manchester United,Wolverhampton Wanderers,1.18608,1.54211,0,1,0,EPL,9.344827586206897,7.241379310344827
11884,,92,83,2020-02-02 14:00:00,,2019,0,0,Burnley,Arsenal,2.24562,1.48025,0,1,0,EPL,6.636363636363637,11.166666666666666
11890,,82,88,2020-02-02 16:30:00,,2019,2,0,Tottenham,Manchester City,0.420293,3.25139,1,0,0,EPL,7.32,21.41176470588235
11897,,72,78,2020-02-08 12:30:00,,2019,3,1,Everton,Crystal Palace,2.79103,0.865323,1,0,0,EPL,7.863636363636363,8.129032258064516
11895,,220,90,2020-02-08 17:30:00,,2019,1,1,Brighton,Watford,0.76201,0.280048,0,1,0,EPL,15.363636363636363,7.15
11900,,238,73,2020-02-09 14:00:00,,2019,2,1,Sheffield United,Bournemouth,2.04467,1.07183,1,0,0,EPL,10.15,9.368421052631579
11902,,229,75,2020-02-14 20:00:00,,2019,0,0,Wolverhampton Wanderers,Leicester,1.14491,0.527366,0,1,0,EPL,6.5,15.38888888888889
11901,,74,92,2020-02-15 12:30:00,,2019,1,2,Southampton,Burnley,0.694025,0.892699,0,0,1,EPL,9.92,7.444444444444445
11899,,79,87,2020-02-15 17:30:00,,2019,0,1,Norwich,Liverpool,0.383495,2.07331,0,0,1,EPL,8.148148148148149,45.42857142857143
11894,,71,82,2020-02-16 14:00:00,,2019,2,3,Aston Villa,Tottenham,1.71313,3.86024,0,0,1,EPL,8.724137931034482,9.476190476190476
11893,,83,86,2020-02-16 16:30:00,,2019,4,0,Arsenal,Newcastle United,3.02257,1.16662,1,0,0,EPL,19.555555555555557,5.655172413793103
11896,,80,89,2020-02-17 20:00:00,,2019,0,2,Chelsea,Manchester United,0.940204,0.681814,0,0,1,EPL,13.035714285714286,8.958333333333334
11898,,88,81,2020-02-19 19:30:00,,2019,2,0,Manchester City,West Ham,2.13777,0.0895892,1,0,0,EPL,25.823529411764707,10.23076923076923
11906,,80,82,2020-02-22 12:30:00,,2019,2,1,Chelsea,Tottenham,1.78193,0.265879,1,0,0,EPL,11.0,7.531914893617022
11905,,78,86,2020-02-22 15:00:00,,2019,1,0,Crystal Palace,Newcastle United,1.75552,0.164495,1,0,0,EPL,9.65,6.878048780487805
11907,,92,73,2020-02-22 15:00:00,,2019,3,0,Burnley,Bournemouth,3.09935,1.75718,1,0,0,EPL,11.363636363636363,10.952380952380953
11908,,74,71,2020-02-22 15:00:00,,2019,2,0,Southampton,Aston Villa,3.02926,0.47235,1,0,0,EPL,5.92,7.483870967741935
11909,,238,220,2020-02-22 15:00:00,,2019,1,1,Sheffield United,Brighton,1.6597,1.06035,0,1,0,EPL,15.666666666666666,7.333333333333333
11904,,75,88,2020-02-22 17:30:00,,2019,0,1,Leicester,Manchester City,0.723269,2.42749,0,0,1,EPL,6.066666666666666,23.125
11910,,89,90,2020-02-23 14:00:00,,2019,3,0,Manchester United,Watford,2.5042,0.294956,1,0,0,EPL,9.18421052631579,9.181818181818182
11912,,229,79,2020-02-23 14:00:00,,2019,3,0,Wolverhampton Wanderers,Norwich,3.25033,0.360646,1,0,0,EPL,9.73913043478261,10.571428571428571
11903,,83,72,2020-02-23 16:30:00,,2019,3,2,Arsenal,Everton,1.33567,2.65691,1,0,0,EPL,10.777777777777779,13.6
11911,,87,81,2020-02-24 20:00:00,,2019,3,2,Liverpool,West Ham,2.48209,0.638236,1,0,0,EPL,33.7,3.361111111111111
11919,,79,75,2020-02-28 20:00:00,,2019,1,0,Norwich,Leicester,0.591716,1.42581,1,0,0,EPL,7.521739130434782,8.178571428571429
11915,,220,78,2020-02-29 12:30:00,,2019,0,1,Brighton,Crystal Palace,1.78712,2.17159,0,0,1,EPL,17.055555555555557,6.173913043478261
11914,,73,80,2020-02-29 15:00:00,,2019,2,2,Bournemouth,Chelsea,1.58495,1.98271,0,1,0,EPL,5.461538461538462,17.23076923076923
11918,,86,92,2020-02-29 15:00:00,,2019,0,0,Newcastle United,Burnley,1.11713,0.617612,0,1,0,EPL,8.857142857142858,6.636363636363637
11922,,81,74,2020-02-29 15:00:00,,2019,3,1,West Ham,Southampton,2.78682,0.868573,1,0,0,EPL,4.545454545454546,14.578947368421053
11921,,90,87,2020-02-29 17:30:00,,2019,3,0,Watford,Liverpool,2.71351,0.206031,1,0,0,EPL,11.545454545454545,33.18181818181818
11916,,72,89,2020-03-01 14:00:00,,2019,1,1,Everton,Manchester United,2.41259,1.12561,0,1,0,EPL,9.117647058823529,8.375
11920,,82,229,2020-03-01 14:00:00,,2019,2,3,Tottenham,Wolverhampton Wanderers,1.63079,2.62251,0,0,1,EPL,12.709677419354838,7.0
11928,,87,73,2020-03-07 12:30:00,,2019,2,1,Liverpool,Bournemouth,1.89453,1.29544,1,0,0,EPL,20.294117647058822,4.75
11923,,83,81,2020-03-07 15:00:00,,2019,1,0,Arsenal,West Ham,1.55974,1.61615,1,0,0,EPL,23.133333333333333,11.8
11926,,78,90,2020-03-07 15:00:00,,2019,1,0,Crystal Palace,Watford,0.856107,0.449161,1,0,0,EPL,5.838709677419355,10.318181818181818
11929,,238,79,2020-03-07 15:00:00,,2019,1,0,Sheffield United,Norwich,1.17263,2.55449,1,0,0,EPL,8.0625,9.941176470588236
11930,,74,86,2020-03-07 15:00:00,,2019,0,1,Southampton,Newcastle United,0.348871,3.06384,0,0,1,EPL,5.0,12.523809523809524
11931,,229,220,2020-03-07 15:00:00,,2019,0,0,Wolverhampton Wanderers,Brighton,0.898221,0.308874,0,1,0,EPL,9.535714285714286,20.0
11924,,92,82,2020-03-07 17:30:00,,2019,1,1,Burnley,Tottenham,3.33302,1.13669,0,1,0,EPL,12.529411764705882,7.580645161290323
11925,,80,72,2020-03-08 14:00:00,,2019,4,0,Chelsea,Everton,2.02883,0.445922,1,0,0,EPL,19.08695652173913,12.714285714285714
11932,,89,88,2020-03-08 16:30:00,,2019,2,0,Manchester United,Manchester City,1.7389,0.585469,1,0,0,EPL,6.041666666666667,14.709677419354838
11927,,75,71,2020-03-09 20:00:00,,2019,4,0,Leicester,Aston Villa,2.41239,0.672448,1,0,0,EPL,13.217391304347826,5.379310344827586
11913,,71,238,2020-06-17 17:00:00,,2019,0,0,Aston Villa,Sheffield United,1.00877,0.235909,0,1,0,EPL,7.925925925925926,16.214285714285715
11917,,88,83,2020-06-17 19:15:00,,2019,3,0,Manchester City,Arsenal,2.73725,0.496759,1,0,0,EPL,26.533333333333335,9.48
11937,,79,74,2020-06-19 17:00:00,,2019,0,3,Norwich,Southampton,0.654932,1.87099,0,0,1,EPL,5.611111111111111,7.933333333333334
11936,,82,89,2020-06-19 19:15:00,,2019,1,1,Tottenham,Manchester United,0.534852,1.77307,0,1,0,EPL,5.545454545454546,16.05263157894737
11935,,90,75,2020-06-20 11:30:00,,2019,1,1,Watford,Leicester,1.00765,1.05245,0,1,0,EPL,3.8,13.380952380952381
11941,,220,83,2020-06-20 14:00:00,,2019,2,1,Brighton,Arsenal,0.670973,0.69627,1,0,0,EPL,9.5625,17.166666666666668
11934,,81,229,2020-06-20 16:30:00,,2019,0,2,West Ham,Wolverhampton Wanderers,0.44207,1.06433,0,0,1,EPL,16.083333333333332,17.235294117647058
11942,,73,78,2020-06-20 18:45:00,,2019,0,2,Bournemouth,Crystal Palace,0.363637,0.788453,0,0,1,EPL,9.791666666666666,9.0
11938,,86,238,2020-06-21 13:00:00,,2019,3,0,Newcastle United,Sheffield United,2.15148,0.57107,1,0,0,EPL,15.61111111111111,27.7
11933,,71,80,2020-06-21 15:15:00,,2019,1,2,Aston Villa,Chelsea,1.57223,1.14011,0,0,1,EPL,6.125,22.4
11940,,72,87,2020-06-21 18:00:00,,2019,0,0,Everton,Liverpool,0.621456,0.659123,0,1,0,EPL,3.9705882352941178,18.470588235294116
11939,,88,92,2020-06-22 19:00:00,,2019,5,0,Manchester City,Burnley,2.71096,0.0303408,1,0,0,EPL,45.81818181818182,12.5
11945,,75,220,2020-06-23 17:00:00,,2019,0,0,Leicester,Brighton,0.505486,1.10227,0,1,0,EPL,14.91304347826087,7.5
11944,,82,81,2020-06-23 19:15:00,,2019,2,0,Tottenham,West Ham,2.24125,0.83104,1,0,0,EPL,17.045454545454547,11.642857142857142
11947,,229,73,2020-06-24 17:00:00,,2019,1,0,Wolverhampton Wanderers,Bournemouth,0.715002,0.0619009,1,0,0,EPL,14.666666666666666,12.0625
11948,,79,72,2020-06-24 17:00:00,,2019,0,1,Norwich,Everton,0.382813,0.654912,0,0,1,EPL,10.5,14.090909090909092
11949,,86,71,2020-06-24 17:00:00,,2019,1,1,Newcastle United,Aston Villa,0.661808,1.22985,0,1,0,EPL,9.91304347826087,9.470588235294118
11950,,89,238,2020-06-24 17:00:00,,2019,3,0,Manchester United,Sheffield United,2.8416,0.108082,1,0,0,EPL,24.941176470588236,12.642857142857142
11951,,87,78,2020-06-24 19:15:00,,2019,4,0,Liverpool,Crystal Palace,2.56729,0.0645285,1,0,0,EPL,79.16666666666667,5.171428571428572
11943,,92,90,2020-06-25 17:00:00,,2019,1,0,Burnley,Watford,0.964774,0.495542,1,0,0,EPL,10.3,6.722222222222222
11952,,74,83,2020-06-25 17:00:00,,2019,0,2,Southampton,Arsenal,0.738305,2.18595,0,0,1,EPL,9.083333333333334,7.866666666666666
11946,,80,88,2020-06-25 19:15:00,,2019,2,1,Chelsea,Manchester City,4.206,0.690594,1,0,0,EPL,22.727272727272727,30.076923076923077
11954,,71,229,2020-06-27 11:30:00,,2019,0,1,Aston Villa,Wolverhampton Wanderers,0.403418,0.703549,0,0,1,EPL,16.785714285714285,8.73913043478261
11961,,90,74,2020-06-28 15:30:00,,2019,1,3,Watford,Southampton,0.365347,1.3364,0,0,1,EPL,9.238095238095237,9.0
11957,,78,92,2020-06-29 19:00:00,,2019,0,1,Crystal Palace,Burnley,1.06533,0.359906,0,0,1,EPL,13.055555555555555,8.545454545454545
11956,,220,89,2020-06-30 19:15:00,,2019,0,3,Brighton,Manchester United,0.31013,1.20903,0,0,1,EPL,15.214285714285714,18.789473684210527
11953,,83,79,2020-07-01 17:00:00,,2019,4,0,Arsenal,Norwich,1.76496,0.153871,1,0,0,EPL,21.666666666666668,11.5
11955,,73,86,2020-07-01 17:00:00,,2019,1,4,Bournemouth,Newcastle United,1.27503,2.23457,0,0,1,EPL,17.88235294117647,10.391304347826088
11958,,72,75,2020-07-01 17:00:00,,2019,2,1,Everton,Leicester,1.17592,1.80384,1,0,0,EPL,5.84,15.666666666666666
11962,,81,80,2020-07-01 19:15:00,,2019,3,2,West Ham,Chelsea,2.10497,1.57609,1,0,0,EPL,6.473684210526316,21.0
11960,,238,82,2020-07-02 17:00:00,,2019,3,1,Sheffield United,Tottenham,1.59994,1.01524,1,0,0,EPL,5.2272727272727275,16.318181818181817
11959,,88,87,2020-07-02 19:15:00,,2019,4,0,Manchester City,Liverpool,2.65433,0.819606,1,0,0,EPL,15.5,31.181818181818183
11969,,79,220,2020-07-04 11:30:00,,2019,0,1,Norwich,Brighton,0.545069,0.903046,0,0,1,EPL,19.555555555555557,15.9375
11965,,75,78,2020-07-04 14:00:00,,2019,3,0,Leicester,Crystal Palace,2.20683,0.507537,1,0,0,EPL,15.68421052631579,8.40625
11967,,89,73,2020-07-04 14:00:00,,2019,5,2,Manchester United,Bournemouth,2.63259,1.52161,1,0,0,EPL,22.933333333333334,9.0
11972,,229,83,2020-07-04 16:30:00,,2019,0,2,Wolverhampton Wanderers,Arsenal,0.985166,1.28273,0,0,1,EPL,12.423076923076923,30.3
11964,,80,90,2020-07-04 19:00:00,,2019,3,0,Chelsea,Watford,2.78877,0.608971,1,0,0,EPL,25.235294117647058,11.1875
11963,,92,238,2020-07-05 11:00:00,,2019,1,1,Burnley,Sheffield United,1.31966,1.63343,0,1,0,EPL,13.8,9.142857142857142
11968,,86,81,2020-07-05 13:15:00,,2019,2,2,Newcastle United,West Ham,1.49121,2.03065,0,1,0,EPL,12.96,17.0
11966,,87,71,2020-07-05 15:30:00,,2019,2,0,Liverpool,Aston Villa,1.0837,0.689775,1,0,0,EPL,20.823529411764707,3.7241379310344827
11970,,74,88,2020-07-05 18:00:00,,2019,1,0,Southampton,Manchester City,0.628765,3.39575,1,0,0,EPL,6.809523809523809,15.214285714285714
11971,,82,72,2020-07-06 19:00:00,,2019,1,0,Tottenham,Everton,0.511828,0.403762,1,0,0,EPL,12.2,10.583333333333334
11977,,78,80,2020-07-07 17:00:00,,2019,2,3,Crystal Palace,Chelsea,1.2882,2.65753,0,0,1,EPL,7.384615384615385,14.0
11981,,90,79,2020-07-07 17:00:00,,2019,2,1,Watford,Norwich,0.725199,1.13378,1,0,0,EPL,9.0,11.23076923076923
11973,,83,75,2020-07-07 19:15:00,,2019,1,1,Arsenal,Leicester,1.29023,1.00238,0,1,0,EPL,8.0,17.11111111111111
11979,,88,86,2020-07-08 17:00:00,,2019,5,0,Manchester City,Newcastle United,3.28662,0.21643,1,0,0,EPL,33.333333333333336,6.384615384615385
11980,,238,229,2020-07-08 17:00:00,,2019,1,0,Sheffield United,Wolverhampton Wanderers,0.470483,0.326909,1,0,0,EPL,11.846153846153847,18.88888888888889
11982,,81,92,2020-07-08 17:00:00,,2019,0,1,West Ham,Burnley,1.99821,1.05291,0,0,1,EPL,24.125,10.941176470588236
11976,,220,87,2020-07-08 19:15:00,,2019,1,3,Brighton,Liverpool,2.3646,2.61624,0,0,1,EPL,8.653846153846153,20.916666666666668
11975,,73,82,2020-07-09 17:00:00,,2019,0,0,Bournemouth,Tottenham,0.960349,0.479274,0,1,0,EPL,6.473684210526316,12.285714285714286
11978,,72,74,2020-07-09 17:00:00,,2019,1,1,Everton,Southampton,0.671442,2.29684,0,1,0,EPL,6.928571428571429,14.411764705882353
11974,,71,89,2020-07-09 19:15:00,,2019,0,3,Aston Villa,Manchester United,0.598873,2.86531,0,0,1,EPL,8.0,21.235294117647058
11988,,79,81,2020-07-11 11:30:00,,2019,0,4,Norwich,West Ham,0.613251,3.81088,0,0,1,EPL,20.875,14.11111111111111
11991,,90,86,2020-07-11 11:30:00,,2019,2,1,Watford,Newcastle United,3.12855,1.49134,1,0,0,EPL,12.083333333333334,6.25
11986,,87,92,2020-07-11 14:00:00,,2019,1,1,Liverpool,Burnley,2.17649,0.452331,0,1,0,EPL,23.466666666666665,8.692307692307692
11989,,238,80,2020-07-11 16:30:00,,2019,3,0,Sheffield United,Chelsea,2.00632,1.17509,1,0,0,EPL,4.733333333333333,45.90909090909091
11985,,220,88,2020-07-11 19:00:00,,2019,0,5,Brighton,Manchester City,0.149588,5.51767,0,0,1,EPL,9.6,27.055555555555557
11992,,229,72,2020-07-12 11:00:00,,2019,3,0,Wolverhampton Wanderers,Everton,2.86724,0.286561,1,0,0,EPL,18.63157894736842,14.35
11983,,71,78,2020-07-12 13:15:00,,2019,2,0,Aston Villa,Crystal Palace,1.6977,0.974181,1,0,0,EPL,7.45,8.923076923076923
11990,,82,83,2020-07-12 15:30:00,,2019,2,1,Tottenham,Arsenal,1.81846,0.68991,1,0,0,EPL,13.0625,17.03846153846154
11984,,73,75,2020-07-12 18:00:00,,2019,4,1,Bournemouth,Leicester,2.54311,1.66084,1,0,0,EPL,9.347826086956522,18.470588235294116
11987,,89,74,2020-07-13 19:00:00,,2019,2,2,Manchester United,Southampton,1.5033,1.8051,0,1,0,EPL,8.833333333333334,13.578947368421053
11995,,80,79,2020-07-14 19:15:00,,2019,1,0,Chelsea,Norwich,3.05119,0.0631109,1,0,0,EPL,27.6875,7.966666666666667
11994,,92,229,2020-07-15 17:00:00,,2019,1,1,Burnley,Wolverhampton Wanderers,1.53435,1.2857,0,1,0,EPL,22.5,7.730769230769231
11999,,88,73,2020-07-15 17:00:00,,2019,2,1,Manchester City,Bournemouth,0.82755,1.66635,1,0,0,EPL,27.8125,4.9
12000,,86,82,2020-07-15 17:00:00,,2019,1,3,Newcastle United,Tottenham,1.05748,1.7498,0,0,1,EPL,11.74074074074074,17.733333333333334
11993,,83,87,2020-07-15 19:15:00,,2019,2,1,Arsenal,Liverpool,1.31516,2.2233,1,0,0,EPL,4.793103448275862,17.0
11997,,72,71,2020-07-16 17:00:00,,2019,1,1,Everton,Aston Villa,0.944434,1.52021,0,1,0,EPL,12.863636363636363,7.36
11998,,75,238,2020-07-16 17:00:00,,2019,2,0,Leicester,Sheffield United,3.05752,0.660214,1,0,0,EPL,10.173913043478262,9.25
11996,,78,89,2020-07-16 19:15:00,,2019,0,2,Crystal Palace,Manchester United,0.572141,1.90448,0,0,1,EPL,7.923076923076923,11.65625
12002,,74,220,2020-07-16 19:15:00,,2019,1,1,Southampton,Brighton,2.33745,0.67264,0,1,0,EPL,19.733333333333334,5.476190476190476
12001,,81,90,2020-07-17 19:00:00,,2019,3,1,West Ham,Watford,0.833995,1.03402,1,0,0,EPL,5.2105263157894735,9.714285714285714
12008,,79,92,2020-07-18 16:30:00,,2019,0,2,Norwich,Burnley,0.576602,1.8233,0,0,1,EPL,6.806451612903226,24.5
12004,,73,74,2020-07-19 13:00:00,,2019,0,2,Bournemouth,Southampton,0.583117,2.24527,0,0,1,EPL,6.882352941176471,6.407407407407407
12010,,82,75,2020-07-19 15:00:00,,2019,3,0,Tottenham,Leicester,0.766922,1.20085,1,0,0,EPL,6.538461538461538,21.166666666666668
12005,,220,86,2020-07-20 17:00:00,,2019,0,0,Brighton,Newcastle United,0.855896,0.929091,0,1,0,EPL,15.428571428571429,6.730769230769231
12009,,238,72,2020-07-20 17:00:00,,2019,0,1,Sheffield United,Everton,0.468461,0.624814,0,0,1,EPL,13.0625,11.4
12012,,229,78,2020-07-20 19:15:00,,2019,2,0,Wolverhampton Wanderers,Crystal Palace,1.48696,0.440119,1,0,0,EPL,11.681818181818182,14.117647058823529
12011,,90,88,2020-07-21 17:00:00,,2019,0,4,Watford,Manchester City,0.131868,3.73814,0,0,1,EPL,4.481481481481482,21.0
12003,,71,83,2020-07-21 19:15:00,,2019,1,0,Aston Villa,Arsenal,0.57408,0.737137,1,0,0,EPL,6.285714285714286,18.63157894736842
12007,,89,81,2020-07-22 17:00:00,,2019,1,1,Manchester United,West Ham,0.984161,1.29009,0,1,0,EPL,13.38888888888889,11.85
12006,,87,80,2020-07-22 19:15:00,,2019,5,3,Liverpool,Chelsea,1.45179,2.38205,1,0,0,EPL,14.75,12.1
12013,,81,71,2020-07-26 15:00:00,,2019,1,1,West Ham,Aston Villa,0.781465,0.983594,0,1,0,EPL,10.636363636363637,7.222222222222222
12014,,83,90,2020-07-26 15:00:00,,2019,3,2,Arsenal,Watford,1.95282,3.9197,1,0,0,EPL,11.32,16.416666666666668
12015,,74,238,2020-07-26 15:00:00,,2019,3,1,Southampton,Sheffield United,1.64306,1.41051,1,0,0,EPL,17.608695652173914,6.8
12016,,86,87,2020-07-26 15:00:00,,2019,1,3,Newcastle United,Liverpool,0.339294,0.56818,0,0,1,EPL,6.0,19.17391304347826
12017,,88,79,2020-07-26 15:00:00,,2019,5,0,Manchester City,Norwich,3.56749,0.786563,1,0,0,EPL,31.0,6.6
12018,,75,89,2020-07-26 15:00:00,,2019,0,2,Leicester,Manchester United,0.754668,1.41019,0,0,1,EPL,8.03225806451613,9.857142857142858
12019,,72,73,2020-07-26 15:00:00,,2019,1,3,Everton,Bournemouth,1.74699,1.46461,0,0,1,EPL,13.5625,5.3478260869565215
12020,,78,82,2020-07-26 15:00:00,,2019,1,1,Crystal Palace,Tottenham,0.988534,0.310302,0,1,0,EPL,6.305555555555555,13.238095238095237
12021,,80,229,2020-07-26 15:00:00,,2019,2,0,Chelsea,Wolverhampton Wanderers,1.15938,0.164561,1,0,0,EPL,14.518518518518519,6.827586206896552
12022,,92,220,2020-07-26 15:00:00,,2019,1,2,Burnley,Brighton,1.44244,1.3696,0,0,1,EPL,16.363636363636363,5.925925925925926
14086,,228,83,2020-09-12 11:30:00,,2020,0,3,Fulham,Arsenal,0.126327,2.16287,0,0,1,EPL,21.928571428571427,32.69230769230769
14087,,78,74,2020-09-12 14:00:00,,2020,1,0,Crystal Palace,Southampton,1.39569,1.26267,1,0,0,EPL,3.608695652173913,17.333333333333332
14090,,87,245,2020-09-12 16:30:00,,2020,4,3,Liverpool,Leeds,3.15412,0.269813,1,0,0,EPL,9.333333333333334,9.935483870967742
14091,,81,86,2020-09-12 19:00:00,,2020,0,2,West Ham,Newcastle United,0.861445,1.65911,0,0,1,EPL,24.181818181818183,6.407407407407407
14092,,76,75,2020-09-13 13:00:00,,2020,0,3,West Bromwich Albion,Leicester,0.352997,2.95581,0,0,1,EPL,10.529411764705882,19.105263157894736
14093,,82,72,2020-09-13 15:30:00,,2020,0,1,Tottenham,Everton,0.822944,1.26793,0,0,1,EPL,16.263157894736842,11.333333333333334
14094,,238,229,2020-09-14 17:00:00,,2020,0,2,Sheffield United,Wolverhampton Wanderers,0.949316,1.61307,0,0,1,EPL,31.333333333333332,8.233333333333333
14095,,220,80,2020-09-14 19:15:00,,2020,1,3,Brighton,Chelsea,1.44281,1.27062,0,0,1,EPL,12.695652173913043,9.344827586206897
14096,,72,76,2020-09-19 11:30:00,,2020,5,2,Everton,West Bromwich Albion,4.16254,0.315347,1,0,0,EPL,41.5,9.095238095238095
14097,,245,228,2020-09-19 14:00:00,,2020,4,3,Leeds,Fulham,1.45254,1.55503,1,0,0,EPL,9.423076923076923,7.617647058823529
14098,,89,78,2020-09-19 16:30:00,,2020,1,3,Manchester United,Crystal Palace,1.09737,1.91456,0,0,1,EPL,13.590909090909092,3.3076923076923075
14099,,83,81,2020-09-19 19:00:00,,2020,2,1,Arsenal,West Ham,1.32902,2.06377,1,0,0,EPL,18.26086956521739,12.764705882352942
14100,,74,82,2020-09-20 11:00:00,,2020,2,5,Southampton,Tottenham,2.27708,2.28004,0,0,1,EPL,10.782608695652174,8.666666666666666
14101,,86,220,2020-09-20 13:00:00,,2020,0,3,Newcastle United,Brighton,0.520678,1.8766,0,0,1,EPL,10.842105263157896,11.952380952380953
14102,,80,87,2020-09-20 15:30:00,,2020,0,2,Chelsea,Liverpool,0.904183,2.25211,0,0,1,EPL,11.4375,37.63636363636363
14103,,75,92,2020-09-20 18:00:00,,2020,4,2,Leicester,Burnley,0.987365,1.52404,1,0,0,EPL,16.095238095238095,7.470588235294118
14104,,71,238,2020-09-21 17:00:00,,2020,1,0,Aston Villa,Sheffield United,0.80527,0.849709,1,0,0,EPL,17.642857142857142,4.45
14105,,229,88,2020-09-21 19:15:00,,2020,1,3,Wolverhampton Wanderers,Manchester City,0.727677,2.07651,0,0,1,EPL,7.6,30.714285714285715
14106,,220,89,2020-09-26 11:30:00,,2020,2,3,Brighton,Manchester United,2.97659,1.57583,0,0,1,EPL,11.125,6.638888888888889
14107,,78,72,2020-09-26 14:00:00,,2020,1,2,Crystal Palace,Everton,0.443115,2.27189,0,0,1,EPL,7.304347826086956,12.03448275862069
14108,,76,80,2020-09-26 16:30:00,,2020,3,3,West Bromwich Albion,Chelsea,0.911185,2.36046,0,1,0,EPL,4.52,40.81818181818182
14109,,92,74,2020-09-26 19:00:00,,2020,0,1,Burnley,Southampton,0.347136,0.706632,0,0,1,EPL,13.75,8.214285714285714
14110,,238,245,2020-09-27 11:00:00,,2020,0,1,Sheffield United,Leeds,1.53278,1.46641,0,0,1,EPL,8.941176470588236,11.551724137931034
14111,,82,86,2020-09-27 13:00:00,,2020,1,1,Tottenham,Newcastle United,3.18765,0.942726,0,1,0,EPL,35.7,9.68421052631579
14112,,88,75,2020-09-27 15:30:00,,2020,2,5,Manchester City,Leicester,1.44633,2.86721,0,0,1,EPL,25.083333333333332,5.333333333333333
14113,,81,229,2020-09-27 18:00:00,,2020,4,0,West Ham,Wolverhampton Wanderers,3.05703,0.385152,1,0,0,EPL,8.185185185185185,21.764705882352942
14114,,228,71,2020-09-28 17:00:00,,2020,0,3,Fulham,Aston Villa,0.534675,2.03222,0,0,1,EPL,9.303030303030303,5.958333333333333
14115,,87,83,2020-09-28 19:15:00,,2020,3,1,Liverpool,Arsenal,2.73834,1.17817,1,0,0,EPL,35.857142857142854,8.827586206896552
14467,,80,78,2020-10-03 11:30:00,,2020,4,0,Chelsea,Crystal Palace,2.51433,0.103249,1,0,0,EPL,25.88235294117647,4.451612903225806
14468,,72,220,2020-10-03 14:00:00,,2020,4,2,Everton,Brighton,2.34034,1.16568,1,0,0,EPL,9.166666666666666,9.06060606060606
14469,,245,88,2020-10-03 16:30:00,,2020,1,1,Leeds,Manchester City,2.56662,1.41533,0,1,0,EPL,11.375,7.833333333333333
14472,,86,92,2020-10-03 19:00:00,,2020,3,1,Newcastle United,Burnley,1.95629,0.438849,1,0,0,EPL,9.416666666666666,20.75
14470,,75,81,2020-10-04 11:00:00,,2020,0,3,Leicester,West Ham,0.456022,2.03227,0,0,1,EPL,34.18181818181818,7.318181818181818
14473,,74,76,2020-10-04 11:00:00,,2020,2,0,Southampton,West Bromwich Albion,0.949079,0.161283,1,0,0,EPL,15.842105263157896,5.09375
14465,,83,238,2020-10-04 13:00:00,,2020,2,1,Arsenal,Sheffield United,0.667131,0.144994,1,0,0,EPL,19.347826086956523,13.916666666666666
14474,,229,228,2020-10-04 13:00:00,,2020,1,0,Wolverhampton Wanderers,Fulham,0.89359,0.969393,1,0,0,EPL,21.214285714285715,14.590909090909092
14471,,89,82,2020-10-04 15:30:00,,2020,1,6,Manchester United,Tottenham,0.873435,3.3017,0,0,1,EPL,6.676470588235294,19.875
14466,,71,87,2020-10-04 18:15:00,,2020,7,2,Aston Villa,Liverpool,3.07626,1.65705,1,0,0,EPL,4.76,14.6
14477,,72,87,2020-10-17 11:30:00,,2020,2,2,Everton,Liverpool,1.35998,2.49492,0,1,0,EPL,8.72,14.1
14475,,80,74,2020-10-17 14:00:00,,2020,3,3,Chelsea,Southampton,1.98708,1.42348,0,1,0,EPL,14.608695652173912,10.91304347826087
14480,,88,83,2020-10-17 16:30:00,,2020,1,0,Manchester City,Arsenal,1.43023,0.838322,1,0,0,EPL,20.352941176470587,13.521739130434783
14481,,86,89,2020-10-17 19:00:00,,2020,1,4,Newcastle United,Manchester United,0.867496,2.21729,0,0,1,EPL,6.0588235294117645,12.142857142857142
14482,,238,228,2020-10-18 11:00:00,,2020,1,1,Sheffield United,Fulham,1.66363,1.35611,0,1,0,EPL,12.705882352941176,15.173913043478262
14476,,78,220,2020-10-18 13:00:00,,2020,1,1,Crystal Palace,Brighton,0.761169,1.0935,0,1,0,EPL,6.391304347826087,13.590909090909092
14483,,82,81,2020-10-18 15:30:00,,2020,3,3,Tottenham,West Ham,1.77602,1.49992,0,1,0,EPL,18.058823529411764,12.3
14479,,75,71,2020-10-18 18:15:00,,2020,0,1,Leicester,Aston Villa,0.671595,0.873776,0,0,1,EPL,9.217391304347826,8.75
14484,,76,92,2020-10-19 16:30:00,,2020,0,0,West Bromwich Albion,Burnley,0.731692,1.08532,0,1,0,EPL,13.31578947368421,8.25
14478,,245,229,2020-10-19 19:00:00,,2020,0,1,Leeds,Wolverhampton Wanderers,1.08332,0.618191,0,0,1,EPL,12.0,5.5
14486,,71,245,2020-10-23 19:00:00,,2020,0,3,Aston Villa,Leeds,1.50125,2.37695,0,0,1,EPL,3.6470588235294117,13.235294117647058
14493,,81,88,2020-10-24 11:30:00,,2020,1,1,West Ham,Manchester City,0.263739,0.892456,0,1,0,EPL,13.083333333333334,20.3
14489,,228,78,2020-10-24 14:00:00,,2020,1,2,Fulham,Crystal Palace,1.05258,2.81049,0,0,1,EPL,21.533333333333335,6.241379310344827
14491,,89,80,2020-10-24 16:30:00,,2020,0,0,Manchester United,Chelsea,0.648427,0.219906,0,1,0,EPL,14.681818181818182,22.058823529411764
14490,,87,238,2020-10-24 19:00:00,,2020,2,1,Liverpool,Sheffield United,2.40286,1.39788,1,0,0,EPL,19.65,14.166666666666666
14492,,74,72,2020-10-25 14:00:00,,2020,2,0,Southampton,Everton,0.74151,0.287054,1,0,0,EPL,11.685714285714285,13.875
14494,,229,86,2020-10-25 16:30:00,,2020,1,1,Wolverhampton Wanderers,Newcastle United,0.758626,0.253685,0,1,0,EPL,31.307692307692307,10.192307692307692
14485,,83,75,2020-10-25 19:15:00,,2020,0,1,Arsenal,Leicester,0.73944,0.736172,0,0,1,EPL,26.214285714285715,11.0
14487,,220,76,2020-10-26 17:30:00,,2020,1,1,Brighton,West Bromwich Albion,0.546807,0.295654,0,1,0,EPL,14.421052631578947,10.708333333333334
14488,,92,82,2020-10-26 20:00:00,,2020,0,1,Burnley,Tottenham,0.95045,0.797344,0,0,1,EPL,9.777777777777779,14.869565217391305
14504,,229,78,2020-10-30 20:00:00,,2020,2,0,Wolverhampton Wanderers,Crystal Palace,1.34895,0.802767,1,0,0,EPL,16.714285714285715,13.851851851851851
14502,,238,88,2020-10-31 12:30:00,,2020,0,1,Sheffield United,Manchester City,0.687544,1.89643,0,0,1,EPL,15.666666666666666,18.708333333333332
14496,,92,80,2020-10-31 15:00:00,,2020,0,3,Burnley,Chelsea,0.407341,1.23077,0,0,1,EPL,8.956521739130435,16.923076923076923
14499,,87,81,2020-10-31 17:30:00,,2020,2,1,Liverpool,West Ham,1.56302,0.269048,1,0,0,EPL,35.38461538461539,6.913043478260869
14495,,71,74,2020-11-01 12:00:00,,2020,3,4,Aston Villa,Southampton,2.44855,1.00333,0,0,1,EPL,7.454545454545454,7.0
14501,,86,72,2020-11-01 14:00:00,,2020,2,1,Newcastle United,Everton,2.6311,1.21805,1,0,0,EPL,8.791666666666666,34.25
14500,,89,83,2020-11-01 16:30:00,,2020,0,1,Manchester United,Arsenal,0.394113,0.998072,0,0,1,EPL,11.851851851851851,17.647058823529413
14503,,82,220,2020-11-01 19:15:00,,2020,2,1,Tottenham,Brighton,1.97236,0.324457,1,0,0,EPL,14.785714285714286,9.566666666666666
14497,,228,76,2020-11-02 17:30:00,,2020,2,0,Fulham,West Bromwich Albion,1.62247,0.482685,1,0,0,EPL,5.054054054054054,12.478260869565217
14498,,245,75,2020-11-02 20:00:00,,2020,1,4,Leeds,Leicester,1.74822,3.07657,0,0,1,EPL,36.9,6.739130434782608
14506,,220,92,2020-11-06 17:30:00,,2020,0,0,Brighton,Burnley,1.59022,0.326933,0,1,0,EPL,13.85,10.045454545454545
14512,,74,86,2020-11-06 20:00:00,,2020,2,0,Southampton,Newcastle United,0.985828,0.175633,1,0,0,EPL,16.75,5.685714285714286
14509,,72,89,2020-11-07 12:30:00,,2020,1,3,Everton,Manchester United,0.376464,1.59642,0,0,1,EPL,12.26923076923077,12.7
14508,,78,245,2020-11-07 15:00:00,,2020,4,1,Crystal Palace,Leeds,1.30169,0.847913,1,0,0,EPL,4.108108108108108,20.705882352941178
14507,,80,238,2020-11-07 17:30:00,,2020,4,1,Chelsea,Sheffield United,2.87622,0.743967,1,0,0,EPL,29.375,14.5
14514,,81,228,2020-11-07 20:00:00,,2020,1,0,West Ham,Fulham,1.42614,1.84922,1,0,0,EPL,37.875,11.1
14513,,76,82,2020-11-08 12:00:00,,2020,0,1,West Bromwich Albion,Tottenham,0.799352,1.87063,0,0,1,EPL,7.473684210526316,16.4375
14510,,75,229,2020-11-08 14:00:00,,2020,1,0,Leicester,Wolverhampton Wanderers,2.0545,0.57936,1,0,0,EPL,26.1,14.8
14511,,88,87,2020-11-08 16:30:00,,2020,1,1,Manchester City,Liverpool,1.58487,1.18789,0,1,0,EPL,30.25,11.115384615384615
14505,,83,71,2020-11-08 19:15:00,,2020,0,3,Arsenal,Aston Villa,1.39037,1.98553,0,0,1,EPL,13.791666666666666,11.266666666666667
14521,,86,80,2020-11-21 12:30:00,,2020,0,2,Newcastle United,Chelsea,0.368286,1.81923,0,0,1,EPL,7.294117647058823,29.533333333333335
14515,,71,220,2020-11-21 15:00:00,,2020,1,2,Aston Villa,Brighton,1.76514,1.50038,0,0,1,EPL,12.235294117647058,18.357142857142858
14523,,82,88,2020-11-21 17:30:00,,2020,2,0,Tottenham,Manchester City,0.761142,1.66325,1,0,0,EPL,6.56,14.75
14520,,89,76,2020-11-21 20:00:00,,2020,1,0,Manchester United,West Bromwich Albion,2.42994,0.438646,1,0,0,EPL,10.8,7.620689655172414
14517,,228,72,2020-11-22 12:00:00,,2020,2,3,Fulham,Everton,1.87028,2.2508,0,0,1,EPL,13.619047619047619,10.592592592592593
14522,,238,81,2020-11-22 14:00:00,,2020,0,1,Sheffield United,West Ham,0.692374,2.1142,0,0,1,EPL,14.941176470588236,14.5
14518,,245,83,2020-11-22 16:30:00,,2020,0,0,Leeds,Arsenal,1.9617,0.710778,0,1,0,EPL,15.6,6.884615384615385
14519,,87,75,2020-11-22 19:15:00,,2020,3,0,Liverpool,Leicester,3.77245,1.98397,1,0,0,EPL,18.095238095238095,8.275862068965518
14516,,92,78,2020-11-23 17:30:00,,2020,1,0,Burnley,Crystal Palace,1.75343,1.28331,1,0,0,EPL,16.0,11.590909090909092
14524,,229,74,2020-11-23 20:00:00,,2020,1,1,Wolverhampton Wanderers,Southampton,1.57479,1.0785,0,1,0,EPL,12.368421052631579,12.407407407407407
14530,,78,86,2020-11-27 20:00:00,,2020,0,2,Crystal Palace,Newcastle United,0.534893,1.27929,0,0,1,EPL,7.472222222222222,16.90909090909091
14528,,220,87,2020-11-28 12:30:00,,2020,1,1,Brighton,Liverpool,2.30722,0.28109,0,1,0,EPL,9.409090909090908,12.565217391304348
14533,,88,92,2020-11-28 15:00:00,,2020,5,0,Manchester City,Burnley,2.26129,0.419877,1,0,0,EPL,32.0,8.4375
14531,,72,245,2020-11-28 17:30:00,,2020,0,1,Everton,Leeds,1.29229,3.11324,0,0,1,EPL,6.40625,16.36842105263158
14527,,76,238,2020-11-28 20:00:00,,2020,1,0,West Bromwich Albion,Sheffield United,1.71644,3.36544,1,0,0,EPL,13.2,9.578947368421053
14534,,74,89,2020-11-29 14:00:00,,2020,2,3,Southampton,Manchester United,0.498783,2.47547,0,0,1,EPL,11.964285714285714,10.62962962962963
14529,,80,82,2020-11-29 16:30:00,,2020,0,0,Chelsea,Tottenham,0.974755,0.22689,0,1,0,EPL,32.333333333333336,9.875
14525,,83,229,2020-11-29 19:15:00,,2020,1,2,Arsenal,Wolverhampton Wanderers,1.1185,2.0069,0,0,1,EPL,17.642857142857142,8.035714285714286
14532,,75,228,2020-11-30 17:30:00,,2020,1,2,Leicester,Fulham,1.27814,2.03719,0,0,1,EPL,17.454545454545453,5.666666666666667
14526,,81,71,2020-11-30 20:00:00,,2020,2,1,West Ham,Aston Villa,0.571633,2.39051,1,0,0,EPL,13.090909090909092,12.565217391304348
14537,,92,72,2020-12-05 12:30:00,,2020,1,1,Burnley,Everton,0.730434,2.28139,0,1,0,EPL,7.5,16.391304347826086
14540,,88,228,2020-12-05 15:00:00,,2020,2,0,Manchester City,Fulham,3.26328,0.287444,1,0,0,EPL,25.05,6.4
14544,,81,89,2020-12-05 17:30:00,,2020,1,3,West Ham,Manchester United,2.53006,1.78708,0,0,1,EPL,13.25,17.47826086956522
14538,,80,245,2020-12-05 20:00:00,,2020,3,1,Chelsea,Leeds,4.89472,1.0277,1,0,0,EPL,9.181818181818182,9.580645161290322
14543,,76,78,2020-12-06 12:00:00,,2020,1,5,West Bromwich Albion,Crystal Palace,0.567234,1.68656,0,0,1,EPL,12.28,15.235294117647058
14541,,238,75,2020-12-06 14:15:00,,2020,1,2,Sheffield United,Leicester,0.290743,1.3904,0,0,1,EPL,5.55,17.428571428571427
14542,,82,83,2020-12-06 16:30:00,,2020,2,0,Tottenham,Arsenal,0.390629,0.595216,1,0,0,EPL,5.1,19.75
14539,,87,229,2020-12-06 19:15:00,,2020,4,0,Liverpool,Wolverhampton Wanderers,1.59454,0.357753,1,0,0,EPL,20.666666666666668,17.846153846153847
14536,,220,74,2020-12-07 20:00:00,,2020,1,2,Brighton,Southampton,2.03376,1.34801,0,0,1,EPL,6.064516129032258,9.363636363636363
14548,,245,81,2020-12-11 20:00:00,,2020,1,2,Leeds,West Ham,1.56644,1.7851,0,0,1,EPL,25.153846153846153,5.416666666666667
14552,,229,71,2020-12-12 12:30:00,,2020,0,1,Wolverhampton Wanderers,Aston Villa,1.1356,1.26872,0,0,1,EPL,5.785714285714286,8.3
14550,,86,76,2020-12-12 15:00:00,,2020,2,1,Newcastle United,West Bromwich Albion,0.904163,0.57319,1,0,0,EPL,11.5,25.4
14549,,89,88,2020-12-12 17:30:00,,2020,0,0,Manchester United,Manchester City,0.591617,1.28434,0,1,0,EPL,18.526315789473685,16.045454545454547
14546,,72,80,2020-12-12 20:00:00,,2020,1,0,Everton,Chelsea,1.2216,1.00627,1,0,0,EPL,4.12,18.75
14551,,74,238,2020-12-13 12:00:00,,2020,3,0,Southampton,Sheffield United,2.27973,0.219115,1,0,0,EPL,13.214285714285714,5.222222222222222
14545,,78,82,2020-12-13 14:15:00,,2020,1,1,Crystal Palace,Tottenham,1.84443,1.40792,0,1,0,EPL,10.722222222222221,10.7
14547,,228,87,2020-12-13 16:30:00,,2020,1,1,Fulham,Liverpool,1.72509,1.82445,0,1,0,EPL,6.214285714285714,32.416666666666664
14553,,75,220,2020-12-13 19:15:00,,2020,3,0,Leicester,Brighton,1.64351,0.791673,1,0,0,EPL,9.392857142857142,13.052631578947368
14554,,83,92,2020-12-13 19:15:00,,2020,0,1,Arsenal,Burnley,1.85362,0.815375,0,0,1,EPL,14.85,9.5
14562,,229,80,2020-12-15 18:00:00,,2020,2,1,Wolverhampton Wanderers,Chelsea,0.683783,1.56772,1,0,0,EPL,7.827586206896552,19.692307692307693
14564,,88,76,2020-12-15 20:00:00,,2020,1,1,Manchester City,West Bromwich Albion,2.58593,0.210243,0,1,0,EPL,35.0,6.928571428571429
14555,,83,74,2020-12-16 18:00:00,,2020,1,1,Arsenal,Southampton,0.661135,1.11296,0,1,0,EPL,9.409090909090908,17.1
14558,,245,86,2020-12-16 18:00:00,,2020,5,2,Leeds,Newcastle United,2.95137,1.44437,1,0,0,EPL,15.6875,4.208333333333333
14559,,75,72,2020-12-16 18:00:00,,2020,0,2,Leicester,Everton,0.83883,1.51486,0,0,1,EPL,26.692307692307693,6.964285714285714
14557,,228,220,2020-12-16 20:00:00,,2020,0,0,Fulham,Brighton,1.00448,0.462456,0,1,0,EPL,7.518518518518518,11.363636363636363
14561,,81,78,2020-12-16 20:00:00,,2020,1,1,West Ham,Crystal Palace,0.449469,1.09108,0,1,0,EPL,10.666666666666666,12.1875
14563,,87,82,2020-12-16 20:00:00,,2020,2,1,Liverpool,Tottenham,1.21783,1.5161,1,0,0,EPL,18.047619047619047,7.352941176470588
14556,,71,92,2020-12-17 18:00:00,,2020,0,0,Aston Villa,Burnley,1.81142,0.316737,0,1,0,EPL,5.774193548387097,5.285714285714286
14560,,238,89,2020-12-17 20:00:00,,2020,2,3,Sheffield United,Manchester United,1.23525,1.78667,0,0,1,EPL,10.428571428571429,10.758620689655173
14568,,78,87,2020-12-19 12:30:00,,2020,0,7,Crystal Palace,Liverpool,0.489318,2.86902,0,0,1,EPL,7.25,22.761904761904763
14572,,74,88,2020-12-19 15:00:00,,2020,0,1,Southampton,Manchester City,0.586972,1.15599,0,0,1,EPL,13.083333333333334,12.142857142857142
14569,,72,83,2020-12-19 17:30:00,,2020,2,1,Everton,Arsenal,0.661744,1.25206,1,0,0,EPL,13.470588235294118,31.3
14571,,86,228,2020-12-19 20:00:00,,2020,1,1,Newcastle United,Fulham,1.26725,1.10645,0,1,0,EPL,16.9375,14.526315789473685
14565,,220,238,2020-12-20 12:00:00,,2020,1,1,Brighton,Sheffield United,2.90097,1.03713,0,1,0,EPL,24.181818181818183,7.6
14573,,82,75,2020-12-20 14:15:00,,2020,0,2,Tottenham,Leicester,0.945932,1.74772,0,0,1,EPL,11.782608695652174,9.476190476190476
14570,,89,245,2020-12-20 16:30:00,,2020,6,2,Manchester United,Leeds,4.77743,1.63467,1,0,0,EPL,11.666666666666666,15.722222222222221
14574,,76,71,2020-12-20 19:15:00,,2020,0,3,West Bromwich Albion,Aston Villa,0.0388442,2.61964,0,0,1,EPL,8.352941176470589,14.31578947368421
14566,,92,229,2020-12-21 17:30:00,,2020,2,1,Burnley,Wolverhampton Wanderers,1.20465,1.45722,1,0,0,EPL,4.55,14.055555555555555
14567,,80,81,2020-12-21 20:00:00,,2020,3,0,Chelsea,West Ham,2.41157,0.277737,1,0,0,EPL,16.157894736842106,13.105263157894736
14579,,75,89,2020-12-26 12:30:00,,2020,2,2,Leicester,Manchester United,1.0396,2.08423,0,1,0,EPL,9.258064516129032,10.333333333333334
14576,,71,78,2020-12-26 15:00:00,,2020,3,0,Aston Villa,Crystal Palace,4.58214,0.849086,1,0,0,EPL,7.571428571428571,9.84
14577,,228,74,2020-12-26 15:00:00,,2020,0,0,Fulham,Southampton,0.781855,0.119709,0,1,0,EPL,4.514285714285714,8.615384615384615
14575,,83,80,2020-12-26 17:30:00,,2020,3,1,Arsenal,Chelsea,1.94485,2.25414,1,0,0,EPL,8.777777777777779,16.125
14581,,88,86,2020-12-26 20:00:00,,2020,2,0,Manchester City,Newcastle United,3.19575,0.200953,1,0,0,EPL,27.38888888888889,13.7
14582,,238,72,2020-12-26 20:00:00,,2020,0,1,Sheffield United,Everton,1.25106,0.568803,0,0,1,EPL,11.166666666666666,10.766666666666667
14578,,245,92,2020-12-27 12:00:00,,2020,1,0,Leeds,Burnley,2.13271,1.54591,1,0,0,EPL,11.954545454545455,10.214285714285714
14583,,81,220,2020-12-27 14:15:00,,2020,2,2,West Ham,Brighton,1.38877,1.50551,0,1,0,EPL,10.421052631578947,18.5
14580,,87,76,2020-12-27 16:30:00,,2020,1,1,Liverpool,West Bromwich Albion,1.45485,0.739845,0,1,0,EPL,39.0,3.260869565217391
14584,,229,82,2020-12-27 19:15:00,,2020,1,1,Wolverhampton Wanderers,Tottenham,0.742598,0.408109,0,1,0,EPL,16.72222222222222,6.634146341463414
14594,,78,75,2020-12-28 15:00:00,,2020,1,1,Crystal Palace,Leicester,0.321348,1.72132,0,1,0,EPL,5.52,23.375
14586,,80,71,2020-12-28 17:30:00,,2020,1,1,Chelsea,Aston Villa,1.53701,0.730859,0,1,0,EPL,16.94736842105263,5.142857142857143
14585,,220,83,2020-12-29 18:00:00,,2020,0,1,Brighton,Arsenal,0.799368,1.31394,0,0,1,EPL,20.928571428571427,22.0
14587,,92,238,2020-12-29 18:00:00,,2020,1,0,Burnley,Sheffield United,0.973831,0.492578,1,0,0,EPL,8.210526315789474,12.4
14588,,74,81,2020-12-29 18:00:00,,2020,0,0,Southampton,West Ham,0.670996,1.07246,0,1,0,EPL,16.894736842105264,7.894736842105263
14590,,76,245,2020-12-29 18:00:00,,2020,0,5,West Bromwich Albion,Leeds,0.43551,1.54225,0,0,1,EPL,7.1875,34.42857142857143
14592,,89,229,2020-12-29 20:00:00,,2020,1,0,Manchester United,Wolverhampton Wanderers,1.48207,0.411046,1,0,0,EPL,26.363636363636363,10.956521739130435
14591,,86,87,2020-12-30 20:00:00,,2020,0,0,Newcastle United,Liverpool,0.817935,1.32047,0,1,0,EPL,5.05,26.866666666666667
14595,,72,81,2021-01-01 17:30:00,,2020,0,1,Everton,West Ham,0.371045,1.19713,0,0,1,EPL,17.4,11.222222222222221
14596,,89,71,2021-01-01 20:00:00,,2020,2,1,Manchester United,Aston Villa,2.46473,1.56434,1,0,0,EPL,10.7,7.607142857142857
14599,,82,245,2021-01-02 12:30:00,,2020,3,0,Tottenham,Leeds,2.5286,1.15626,1,0,0,EPL,5.346153846153846,12.166666666666666
14604,,78,238,2021-01-02 15:00:00,,2020,2,0,Crystal Palace,Sheffield United,0.598888,0.323158,1,0,0,EPL,6.678571428571429,12.541666666666666
14601,,220,229,2021-01-02 17:30:00,,2020,3,3,Brighton,Wolverhampton Wanderers,2.4228,1.81856,0,1,0,EPL,24.642857142857142,7.2
14600,,76,83,2021-01-02 20:00:00,,2020,0,4,West Bromwich Albion,Arsenal,0.869874,4.03429,0,0,1,EPL,16.1,16.73913043478261
14597,,86,75,2021-01-03 14:15:00,,2020,1,2,Newcastle United,Leicester,0.264584,0.702081,0,0,1,EPL,6.310344827586207,13.521739130434783
14603,,80,88,2021-01-03 16:30:00,,2020,1,3,Chelsea,Manchester City,0.691013,3.18063,0,0,1,EPL,13.4,13.52
14598,,74,87,2021-01-04 20:00:00,,2020,1,0,Southampton,Liverpool,0.500436,1.37204,1,0,0,EPL,5.967741935483871,19.36842105263158
14610,,238,86,2021-01-12 18:00:00,,2020,1,0,Sheffield United,Newcastle United,2.01315,1.04745,1,0,0,EPL,24.0,8.0
14612,,229,72,2021-01-12 20:15:00,,2020,1,2,Wolverhampton Wanderers,Everton,0.852495,0.323445,0,0,1,EPL,18.444444444444443,15.095238095238095
14088,,92,89,2021-01-12 22:15:00,,2020,0,1,Burnley,Manchester United,0.648582,1.23996,0,0,1,EPL,8.722222222222221,10.92
14614,,88,220,2021-01-13 18:00:00,,2020,1,0,Manchester City,Brighton,2.90855,0.177084,1,0,0,EPL,17.61904761904762,10.9
14589,,82,228,2021-01-13 20:00:00,,2020,1,1,Tottenham,Fulham,3.14372,1.05329,0,1,0,EPL,9.34375,8.32258064516129
14605,,83,78,2021-01-14 20:00:00,,2020,0,0,Arsenal,Crystal Palace,0.368554,0.709634,0,1,0,EPL,23.875,5.933333333333334
14624,,229,76,2021-01-16 12:30:00,,2020,2,3,Wolverhampton Wanderers,West Bromwich Albion,1.94358,2.46332,0,0,1,EPL,17.11111111111111,6.764705882352941
14618,,245,220,2021-01-16 15:00:00,,2020,0,1,Leeds,Brighton,0.245193,1.14424,0,0,1,EPL,17.35,8.125
14623,,81,92,2021-01-16 15:00:00,,2020,1,0,West Ham,Burnley,1.73397,0.395668,1,0,0,EPL,9.157894736842104,9.619047619047619
14617,,228,80,2021-01-16 17:30:00,,2020,0,1,Fulham,Chelsea,0.46126,1.37939,0,0,1,EPL,6.583333333333333,20.19047619047619
14619,,75,74,2021-01-16 20:00:00,,2020,2,0,Leicester,Southampton,2.12019,0.378147,1,0,0,EPL,9.521739130434783,9.821428571428571
14622,,238,82,2021-01-17 14:00:00,,2020,1,3,Sheffield United,Tottenham,0.978133,1.28385,0,0,1,EPL,10.38888888888889,12.821428571428571
14620,,87,89,2021-01-17 16:30:00,,2020,0,0,Liverpool,Manchester United,1.20205,1.18929,0,1,0,EPL,19.263157894736842,5.428571428571429
14621,,88,78,2021-01-17 19:15:00,,2020,4,0,Manchester City,Crystal Palace,0.961088,0.0515836,1,0,0,EPL,82.2,5.166666666666667
14615,,83,86,2021-01-18 20:00:00,,2020,3,0,Arsenal,Newcastle United,2.30744,0.168796,1,0,0,EPL,27.857142857142858,9.0
14611,,81,76,2021-01-19 18:00:00,,2020,2,1,West Ham,West Bromwich Albion,2.17512,0.464091,1,0,0,EPL,16.470588235294116,13.923076923076923
14609,,75,80,2021-01-19 20:15:00,,2020,2,0,Leicester,Chelsea,1.1449,0.615727,1,0,0,EPL,8.545454545454545,18.045454545454547
14089,,88,71,2021-01-20 20:00:00,,2020,2,0,Manchester City,Aston Villa,3.34385,0.601768,1,0,0,EPL,22.285714285714285,8.235294117647058
14607,,228,89,2021-01-20 20:15:00,,2020,1,2,Fulham,Manchester United,0.753669,1.68401,0,0,1,EPL,7.333333333333333,17.789473684210527
14613,,87,92,2021-01-21 20:00:00,,2020,0,1,Liverpool,Burnley,1.64907,1.08059,0,0,1,EPL,28.90909090909091,8.714285714285714
14535,,71,86,2021-01-23 20:00:00,,2020,2,0,Aston Villa,Newcastle United,2.6026,0.400364,1,0,0,EPL,16.095238095238095,7.916666666666667
14631,,86,245,2021-01-26 18:00:00,,2020,1,2,Newcastle United,Leeds,1.1364,0.785914,0,0,1,EPL,5.3076923076923075,10.25
14634,,78,81,2021-01-26 18:00:00,,2020,2,3,Crystal Palace,West Ham,0.629033,3.30321,0,0,1,EPL,14.578947368421053,11.6
14629,,76,88,2021-01-26 20:15:00,,2020,0,5,West Bromwich Albion,Manchester City,0.568258,2.24838,0,0,1,EPL,7.866666666666666,27.0
14632,,74,83,2021-01-26 20:15:00,,2020,1,3,Southampton,Arsenal,0.99504,2.4339,0,0,1,EPL,16.3,6.68
14626,,92,71,2021-01-27 18:00:00,,2020,3,2,Burnley,Aston Villa,0.717681,2.70718,1,0,0,EPL,12.125,8.066666666666666
14630,,80,229,2021-01-27 18:00:00,,2020,0,0,Chelsea,Wolverhampton Wanderers,0.663324,0.63192,0,1,0,EPL,79.33333333333333,4.28125
14625,,220,228,2021-01-27 19:30:00,,2020,0,0,Brighton,Fulham,2.29129,0.513226,0,1,0,EPL,8.555555555555555,6.852941176470588
14627,,72,75,2021-01-27 20:15:00,,2020,1,1,Everton,Leicester,0.474981,0.792045,0,1,0,EPL,6.24,24.357142857142858
14628,,89,238,2021-01-27 20:15:00,,2020,1,2,Manchester United,Sheffield United,0.9931,0.689548,0,0,1,EPL,17.115384615384617,5.684210526315789
14633,,82,87,2021-01-28 20:00:00,,2020,1,3,Tottenham,Liverpool,0.104586,2.58798,0,0,1,EPL,14.56,14.80952380952381
14644,,72,86,2021-01-30 12:30:00,,2020,0,2,Everton,Newcastle United,0.966012,2.08832,0,0,1,EPL,28.181818181818183,6.7
14638,,78,229,2021-01-30 15:00:00,,2020,1,0,Crystal Palace,Wolverhampton Wanderers,1.36877,0.450907,1,0,0,EPL,18.705882352941178,19.5
14640,,76,228,2021-01-30 15:00:00,,2020,2,2,West Bromwich Albion,Fulham,0.994664,1.52044,0,1,0,EPL,8.764705882352942,14.5
14642,,88,238,2021-01-30 15:00:00,,2020,1,0,Manchester City,Sheffield United,1.53116,0.154537,1,0,0,EPL,35.416666666666664,10.266666666666667
14635,,83,89,2021-01-30 17:30:00,,2020,0,0,Arsenal,Manchester United,0.747166,1.51332,0,1,0,EPL,11.55,18.6875
14641,,74,71,2021-01-30 20:00:00,,2020,0,1,Southampton,Aston Villa,2.22557,0.795508,0,0,1,EPL,10.538461538461538,9.0625
14637,,80,92,2021-01-31 12:00:00,,2020,2,0,Chelsea,Burnley,1.4405,0.390714,1,0,0,EPL,17.08695652173913,6.35
14643,,75,245,2021-01-31 14:00:00,,2020,1,3,Leicester,Leeds,1.73432,1.8141,0,0,1,EPL,7.233333333333333,8.178571428571429
14639,,81,87,2021-01-31 16:30:00,,2020,1,3,West Ham,Liverpool,0.883061,2.05809,0,0,1,EPL,12.294117647058824,42.0
14636,,220,82,2021-01-31 19:15:00,,2020,1,0,Brighton,Tottenham,1.77386,0.372524,1,0,0,EPL,12.125,9.451612903225806
14649,,238,76,2021-02-02 18:00:00,,2020,2,1,Sheffield United,West Bromwich Albion,1.35804,1.61871,1,0,0,EPL,17.823529411764707,5.0
14650,,229,83,2021-02-02 18:00:00,,2020,2,1,Wolverhampton Wanderers,Arsenal,1.56162,0.716265,1,0,0,EPL,15.318181818181818,25.23076923076923
14651,,89,74,2021-02-02 20:15:00,,2020,9,0,Manchester United,Southampton,5.0325,0.507893,1,0,0,EPL,14.5,4.555555555555555
14652,,86,78,2021-02-02 20:15:00,,2020,1,2,Newcastle United,Crystal Palace,1.90755,0.809312,0,0,1,EPL,21.0,9.476190476190476
14646,,92,88,2021-02-03 18:00:00,,2020,0,2,Burnley,Manchester City,0.0489155,2.12153,0,0,1,EPL,11.923076923076923,31.214285714285715
14647,,228,75,2021-02-03 18:00:00,,2020,0,2,Fulham,Leicester,0.731288,1.71299,0,0,1,EPL,19.0,7.666666666666667
14648,,245,72,2021-02-03 19:30:00,,2020,1,2,Leeds,Everton,1.14303,1.91539,0,0,1,EPL,14.55,5.612903225806452
14645,,71,81,2021-02-03 20:15:00,,2020,1,3,Aston Villa,West Ham,0.741154,1.79064,0,0,1,EPL,17.266666666666666,7.7272727272727275
14654,,87,220,2021-02-03 20:15:00,,2020,0,1,Liverpool,Brighton,1.09518,1.18977,0,0,1,EPL,29.083333333333332,10.714285714285714
14653,,82,80,2021-02-04 20:00:00,,2020,0,1,Tottenham,Chelsea,0.569446,2.393,0,0,1,EPL,9.206896551724139,12.344827586206897
14655,,71,83,2021-02-06 12:30:00,,2020,1,0,Aston Villa,Arsenal,1.19792,0.679649,1,0,0,EPL,6.136363636363637,20.6
14656,,92,220,2021-02-06 15:00:00,,2020,1,1,Burnley,Brighton,1.88934,0.612682,0,1,0,EPL,12.722222222222221,18.0
14661,,86,74,2021-02-06 15:00:00,,2020,3,2,Newcastle United,Southampton,0.910553,1.43445,1,0,0,EPL,2.8846153846153846,18.0
14657,,228,81,2021-02-06 17:30:00,,2020,0,0,Fulham,West Ham,1.60884,0.943539,0,1,0,EPL,23.4,10.875
14660,,89,72,2021-02-06 20:00:00,,2020,3,3,Manchester United,Everton,1.71769,1.5571,0,1,0,EPL,35.1,10.666666666666666
14663,,82,76,2021-02-07 12:00:00,,2020,2,0,Tottenham,West Bromwich Albion,1.92997,0.698686,1,0,0,EPL,24.357142857142858,7.681818181818182
14664,,229,75,2021-02-07 14:00:00,,2020,0,0,Wolverhampton Wanderers,Leicester,1.35506,0.632232,0,1,0,EPL,7.470588235294118,14.826086956521738
14659,,87,88,2021-02-07 16:30:00,,2020,1,4,Liverpool,Manchester City,1.17728,3.55196,0,0,1,EPL,20.63157894736842,10.866666666666667
14662,,238,80,2021-02-07 19:15:00,,2020,1,2,Sheffield United,Chelsea,0.623045,1.64144,0,0,1,EPL,10.642857142857142,19.695652173913043
14658,,245,78,2021-02-08 20:00:00,,2020,2,0,Leeds,Crystal Palace,2.64769,0.370278,1,0,0,EPL,37.69230769230769,6.869565217391305
14670,,75,87,2021-02-13 12:30:00,,2020,3,1,Leicester,Liverpool,2.07383,1.68325,1,0,0,EPL,7.566666666666666,13.478260869565217
14668,,78,92,2021-02-13 15:00:00,,2020,0,3,Crystal Palace,Burnley,0.645616,1.95502,0,0,1,EPL,7.8,5.758620689655173
14671,,88,82,2021-02-13 17:30:00,,2020,3,0,Manchester City,Tottenham,2.46219,0.4235,1,0,0,EPL,19.65,9.548387096774194
14666,,220,71,2021-02-13 20:00:00,,2020,0,0,Brighton,Aston Villa,2.33232,0.144036,0,1,0,EPL,16.333333333333332,8.727272727272727
14672,,74,229,2021-02-14 12:00:00,,2020,1,2,Southampton,Wolverhampton Wanderers,0.8536,1.09361,0,0,1,EPL,15.368421052631579,11.523809523809524
14673,,76,89,2021-02-14 14:00:00,,2020,1,1,West Bromwich Albion,Manchester United,0.945964,0.423885,0,1,0,EPL,7.928571428571429,25.583333333333332
14665,,83,245,2021-02-14 16:30:00,,2020,4,2,Arsenal,Leeds,2.50614,0.77074,1,0,0,EPL,9.875,13.090909090909092
14669,,72,228,2021-02-14 19:00:00,,2020,0,2,Everton,Fulham,0.314075,2.55085,0,0,1,EPL,11.766666666666667,13.136363636363637
14674,,81,238,2021-02-15 18:00:00,,2020,3,0,West Ham,Sheffield United,2.32735,0.926652,1,0,0,EPL,14.470588235294118,17.571428571428573
14667,,80,86,2021-02-15 20:00:00,,2020,2,0,Chelsea,Newcastle United,2.5428,0.432603,1,0,0,EPL,10.545454545454545,6.409090909090909
14602,,92,228,2021-02-17 18:00:00,,2020,1,1,Burnley,Fulham,1.20642,0.594471,0,1,0,EPL,12.857142857142858,10.56
14593,,72,88,2021-02-17 20:15:00,,2020,1,3,Everton,Manchester City,1.04664,1.23218,0,0,1,EPL,10.176470588235293,27.0
14684,,229,245,2021-02-19 20:00:00,,2020,1,0,Wolverhampton Wanderers,Leeds,0.592049,2.4793,1,0,0,EPL,7.7368421052631575,9.851851851851851
14682,,74,80,2021-02-20 12:30:00,,2020,1,1,Southampton,Chelsea,0.496603,1.44849,0,1,0,EPL,4.171428571428572,16.928571428571427
14678,,92,76,2021-02-20 15:00:00,,2020,0,0,Burnley,West Bromwich Albion,0.535153,1.71922,0,1,0,EPL,19.0,4.44
14680,,87,72,2021-02-20 17:30:00,,2020,0,2,Liverpool,Everton,1.54046,2.01468,0,0,1,EPL,21.055555555555557,6.5
14679,,228,238,2021-02-20 20:00:00,,2020,1,0,Fulham,Sheffield United,1.21006,0.977747,1,0,0,EPL,10.28125,9.533333333333333
14683,,81,82,2021-02-21 12:00:00,,2020,2,1,West Ham,Tottenham,1.09246,0.770706,1,0,0,EPL,6.176470588235294,11.5
14676,,71,75,2021-02-21 14:00:00,,2020,1,2,Aston Villa,Leicester,1.7084,1.23852,0,0,1,EPL,9.04,13.823529411764707
14675,,83,88,2021-02-21 16:30:00,,2020,0,1,Arsenal,Manchester City,0.331188,2.08868,0,0,1,EPL,16.526315789473685,16.77777777777778
14681,,89,86,2021-02-21 19:00:00,,2020,3,1,Manchester United,Newcastle United,1.7256,0.341778,1,0,0,EPL,22.352941176470587,6.388888888888889
14677,,220,78,2021-02-22 20:00:00,,2020,1,2,Brighton,Crystal Palace,2.59204,0.179886,0,0,1,EPL,38.7,5.695652173913044
14608,,245,74,2021-02-23 20:00:00,,2020,3,0,Leeds,Southampton,1.84753,1.47981,1,0,0,EPL,6.464285714285714,6.724137931034483
14689,,88,81,2021-02-27 12:30:00,,2020,2,1,Manchester City,West Ham,0.760574,1.92892,1,0,0,EPL,22.125,11.95
14692,,76,220,2021-02-27 15:00:00,,2020,1,0,West Bromwich Albion,Brighton,0.687091,3.12111,1,0,0,EPL,3.8,14.272727272727273
14691,,245,71,2021-02-27 17:30:00,,2020,0,1,Leeds,Aston Villa,1.00106,0.876255,0,0,1,EPL,11.4,4.45
14688,,86,229,2021-02-27 20:00:00,,2020,1,1,Newcastle United,Wolverhampton Wanderers,1.9519,1.27827,0,1,0,EPL,12.823529411764707,5.970588235294118
14687,,78,228,2021-02-28 12:00:00,,2020,0,0,Crystal Palace,Fulham,0.0880148,0.813134,0,1,0,EPL,6.866666666666666,9.636363636363637
14690,,75,83,2021-02-28 12:00:00,,2020,1,3,Leicester,Arsenal,0.533575,2.1065,0,0,1,EPL,24.4,10.96
14693,,82,92,2021-02-28 14:00:00,,2020,4,0,Tottenham,Burnley,2.35788,0.603212,1,0,0,EPL,12.352941176470589,21.363636363636363
14685,,80,89,2021-02-28 16:30:00,,2020,0,0,Chelsea,Manchester United,1.17294,0.35954,0,1,0,EPL,10.235294117647058,8.73076923076923
14694,,238,87,2021-02-28 19:15:00,,2020,0,2,Sheffield United,Liverpool,0.777149,2.80551,0,0,1,EPL,12.8,18.842105263157894
14686,,72,74,2021-03-01 20:00:00,,2020,1,0,Everton,Southampton,1.42054,0.665743,1,0,0,EPL,8.03225806451613,10.185185185185185
14720,,88,229,2021-03-02 20:00:00,,2020,4,1,Manchester City,Wolverhampton Wanderers,3.26196,0.318824,1,0,0,EPL,34.76923076923077,7.071428571428571
14716,,92,75,2021-03-03 18:00:00,,2020,1,1,Burnley,Leicester,1.26793,1.24109,0,1,0,EPL,9.5,18.833333333333332
14721,,238,71,2021-03-03 18:00:00,,2020,1,0,Sheffield United,Aston Villa,0.716254,1.44176,1,0,0,EPL,14.333333333333334,14.608695652173912
14717,,78,89,2021-03-03 20:15:00,,2020,0,0,Crystal Palace,Manchester United,0.742397,0.584016,0,1,0,EPL,10.736842105263158,16.473684210526315
14723,,76,72,2021-03-04 18:00:00,,2020,0,1,West Bromwich Albion,Everton,1.02038,1.40789,0,0,1,EPL,11.80952380952381,16.57894736842105
14757,,228,82,2021-03-04 18:00:00,,2020,0,1,Fulham,Tottenham,1.1715,1.5519,0,0,1,EPL,11.535714285714286,7.464285714285714
14719,,87,80,2021-03-04 20:15:00,,2020,0,1,Liverpool,Chelsea,0.247034,1.22635,0,0,1,EPL,12.533333333333333,11.96875
14697,,92,83,2021-03-06 12:30:00,,2020,1,1,Burnley,Arsenal,1.10374,2.53692,0,1,0,EPL,11.055555555555555,31.09090909090909
14701,,238,74,2021-03-06 15:00:00,,2020,0,2,Sheffield United,Southampton,0.908155,2.37386,0,0,1,EPL,7.25,7.793103448275862
14695,,71,229,2021-03-06 17:30:00,,2020,0,0,Aston Villa,Wolverhampton Wanderers,0.956392,2.15087,0,1,0,EPL,12.666666666666666,9.08
14696,,220,75,2021-03-06 20:00:00,,2020,1,2,Brighton,Leicester,0.75471,1.03801,0,0,1,EPL,7.5,11.78125
14703,,76,86,2021-03-07 12:00:00,,2020,0,0,West Bromwich Albion,Newcastle United,1.46503,0.454577,0,1,0,EPL,8.333333333333334,9.894736842105264
14699,,87,228,2021-03-07 14:00:00,,2020,0,1,Liverpool,Fulham,0.701764,1.37047,0,0,1,EPL,20.58823529411765,10.0
14700,,88,89,2021-03-07 16:30:00,,2020,0,2,Manchester City,Manchester United,1.27561,2.11411,0,0,1,EPL,24.857142857142858,8.153846153846153
14702,,82,78,2021-03-07 19:15:00,,2020,4,1,Tottenham,Crystal Palace,2.24159,0.559383,1,0,0,EPL,14.5,5.805555555555555
14698,,80,72,2021-03-08 18:00:00,,2020,2,0,Chelsea,Everton,2.57224,0.270757,1,0,0,EPL,18.192307692307693,9.125
14704,,81,245,2021-03-08 20:00:00,,2020,2,0,West Ham,Leeds,2.37556,1.34971,1,0,0,EPL,6.409090909090909,14.347826086956522
14761,,88,74,2021-03-10 18:00:00,,2020,5,2,Manchester City,Southampton,3.10503,1.60561,1,0,0,EPL,18.391304347826086,20.733333333333334
14712,,86,71,2021-03-12 20:00:00,,2020,1,1,Newcastle United,Aston Villa,0.873171,0.748665,0,1,0,EPL,7.523809523809524,6.785714285714286
14709,,245,80,2021-03-13 12:30:00,,2020,0,0,Leeds,Chelsea,0.382957,0.971054,0,1,0,EPL,7.96,10.357142857142858
14706,,78,76,2021-03-13 15:00:00,,2020,1,0,Crystal Palace,West Bromwich Albion,1.30694,0.513439,1,0,0,EPL,5.379310344827586,9.181818181818182
14707,,72,92,2021-03-13 17:30:00,,2020,1,2,Everton,Burnley,1.69849,0.74852,0,0,1,EPL,20.733333333333334,7.222222222222222
14708,,228,88,2021-03-13 20:00:00,,2020,0,3,Fulham,Manchester City,0.449499,2.72578,0,0,1,EPL,8.625,10.151515151515152
14713,,74,220,2021-03-14 12:00:00,,2020,1,2,Southampton,Brighton,1.03495,0.895967,0,0,1,EPL,7.878787878787879,16.11111111111111
14710,,75,238,2021-03-14 14:00:00,,2020,5,0,Leicester,Sheffield United,4.54571,0.0934777,1,0,0,EPL,22.5,6.115384615384615
14705,,83,82,2021-03-14 16:30:00,,2020,2,1,Arsenal,Tottenham,1.56529,0.705566,1,0,0,EPL,14.1,9.78125
14711,,89,81,2021-03-14 19:15:00,,2020,1,0,Manchester United,West Ham,1.70128,0.463737,1,0,0,EPL,19.9375,9.869565217391305
14714,,229,87,2021-03-15 20:00:00,,2020,0,1,Wolverhampton Wanderers,Liverpool,1.29175,1.0552,0,0,1,EPL,12.347826086956522,6.96969696969697
14718,,228,245,2021-03-19 20:00:00,,2020,1,2,Fulham,Leeds,1.47498,1.40706,0,0,1,EPL,4.764705882352941,7.6
14715,,220,86,2021-03-20 20:00:00,,2020,3,0,Brighton,Newcastle United,0.951921,0.100945,1,0,0,EPL,26.63157894736842,7.633333333333334
14724,,81,83,2021-03-21 15:00:00,,2020,3,3,West Ham,Arsenal,2.50629,1.35217,0,1,0,EPL,12.23076923076923,14.45
14606,,71,82,2021-03-21 19:30:00,,2020,0,2,Aston Villa,Tottenham,0.439681,1.72011,0,0,1,EPL,10.8,6.342105263157895
14727,,80,76,2021-04-03 11:30:00,,2020,2,5,Chelsea,West Bromwich Albion,2.55917,1.38315,0,0,1,EPL,15.523809523809524,6.185185185185185
14729,,245,238,2021-04-03 14:00:00,,2020,2,1,Leeds,Sheffield United,2.50597,0.867652,1,0,0,EPL,9.185185185185185,11.31578947368421
14730,,75,88,2021-04-03 16:30:00,,2020,0,2,Leicester,Manchester City,0.284781,1.98438,0,0,1,EPL,8.405405405405405,21.0
14725,,83,87,2021-04-03 19:00:00,,2020,0,3,Arsenal,Liverpool,0.161161,2.43732,0,0,1,EPL,7.5,19.52173913043478
14733,,74,92,2021-04-04 11:00:00,,2020,3,2,Southampton,Burnley,2.40272,1.50285,1,0,0,EPL,10.19047619047619,7.8125
14732,,86,82,2021-04-04 13:05:00,,2020,2,2,Newcastle United,Tottenham,3.30098,2.43683,0,1,0,EPL,8.1,15.6
14726,,71,228,2021-04-04 15:30:00,,2020,3,1,Aston Villa,Fulham,1.52229,1.52172,1,0,0,EPL,10.0,7.166666666666667
14731,,89,220,2021-04-04 18:30:00,,2020,2,1,Manchester United,Brighton,1.73474,1.41071,1,0,0,EPL,12.857142857142858,9.392857142857142
14728,,72,78,2021-04-05 17:00:00,,2020,1,1,Everton,Crystal Palace,2.53386,0.603749,0,1,0,EPL,14.823529411764707,12.5
14734,,229,81,2021-04-05 19:15:00,,2020,2,3,Wolverhampton Wanderers,West Ham,1.95649,1.59694,0,0,1,EPL,20.05263157894737,7.55
14738,,228,229,2021-04-09 19:00:00,,2020,0,1,Fulham,Wolverhampton Wanderers,0.733154,0.428134,0,0,1,EPL,20.615384615384617,11.64
14740,,88,245,2021-04-10 11:30:00,,2020,1,2,Manchester City,Leeds,1.98825,0.17525,0,0,1,EPL,12.722222222222221,4.962962962962963
14739,,87,71,2021-04-10 14:00:00,,2020,2,1,Liverpool,Aston Villa,2.14592,0.760621,1,0,0,EPL,10.096774193548388,5.6521739130434785
14737,,78,80,2021-04-10 16:30:00,,2020,1,4,Crystal Palace,Chelsea,0.602167,3.85472,0,0,1,EPL,8.466666666666667,22.25
14736,,92,86,2021-04-11 11:00:00,,2020,1,2,Burnley,Newcastle United,1.84262,1.34279,0,0,1,EPL,14.153846153846153,9.11111111111111
14744,,81,75,2021-04-11 13:05:00,,2020,3,2,West Ham,Leicester,1.02408,1.17188,1,0,0,EPL,6.838709677419355,25.214285714285715
14742,,82,89,2021-04-11 15:30:00,,2020,1,3,Tottenham,Manchester United,0.921801,2.09737,0,0,1,EPL,8.030303030303031,8.433333333333334
14741,,238,83,2021-04-11 18:00:00,,2020,0,3,Sheffield United,Arsenal,0.315121,1.93838,0,0,1,EPL,22.923076923076923,21.941176470588236
14743,,76,74,2021-04-12 17:00:00,,2020,3,0,West Bromwich Albion,Southampton,2.77089,1.5002,1,0,0,EPL,5.0,7.666666666666667
14735,,220,72,2021-04-12 19:15:00,,2020,0,0,Brighton,Everton,1.16465,0.306287,0,1,0,EPL,19.785714285714285,8.5
14748,,72,82,2021-04-16 19:00:00,,2020,2,2,Everton,Tottenham,2.26022,1.4815,0,1,0,EPL,15.61111111111111,10.695652173913043
14752,,86,81,2021-04-17 11:30:00,,2020,3,2,Newcastle United,West Ham,2.4314,2.06741,1,0,0,EPL,9.6875,19.0625
14754,,229,238,2021-04-17 19:15:00,,2020,1,0,Wolverhampton Wanderers,Sheffield United,1.22604,0.295925,1,0,0,EPL,10.310344827586206,36.857142857142854
14745,,83,228,2021-04-18 12:30:00,,2020,1,1,Arsenal,Fulham,2.85573,0.839128,0,1,0,EPL,16.6,6.916666666666667
14751,,89,92,2021-04-18 15:00:00,,2020,3,1,Manchester United,Burnley,2.87455,0.959804,1,0,0,EPL,13.818181818181818,9.75
14749,,245,87,2021-04-19 19:00:00,,2020,1,1,Leeds,Liverpool,2.59719,1.60043,0,1,0,EPL,12.142857142857142,9.222222222222221
14747,,80,220,2021-04-20 19:00:00,,2020,0,0,Chelsea,Brighton,0.807348,0.459568,0,1,0,EPL,15.121212121212121,12.470588235294118
14722,,82,74,2021-04-21 19:00:00,,2020,2,1,Tottenham,Southampton,1.28824,1.06134,1,0,0,EPL,18.8,7.206896551724138
14746,,71,88,2021-04-21 19:15:00,,2020,1,2,Aston Villa,Manchester City,0.801733,1.5634,0,0,1,EPL,15.0,25.142857142857142
14750,,75,76,2021-04-22 19:00:00,,2020,3,0,Leicester,West Bromwich Albion,2.6712,0.277126,1,0,0,EPL,20.36842105263158,4.75
14755,,83,72,2021-04-23 19:00:00,,2020,0,1,Arsenal,Everton,0.735767,0.529676,0,0,1,EPL,19.72222222222222,15.0
14760,,87,86,2021-04-24 11:30:00,,2020,1,1,Liverpool,Newcastle United,2.84708,0.860694,0,1,0,EPL,37.5,6.757575757575758
14763,,81,80,2021-04-24 16:30:00,,2020,0,1,West Ham,Chelsea,0.267123,2.52059,0,0,1,EPL,10.944444444444445,12.2
14762,,238,220,2021-04-24 19:00:00,,2020,1,0,Sheffield United,Brighton,0.786324,2.06038,1,0,0,EPL,6.15,12.32258064516129
14764,,229,92,2021-04-25 11:00:00,,2020,0,4,Wolverhampton Wanderers,Burnley,0.351673,2.24049,0,0,1,EPL,11.541666666666666,8.058823529411764
14758,,245,89,2021-04-25 13:00:00,,2020,0,0,Leeds,Manchester United,0.216834,1.11635,0,1,0,EPL,7.090909090909091,10.44
14756,,71,76,2021-04-25 18:00:00,,2020,2,2,Aston Villa,West Bromwich Albion,2.65394,1.56764,0,1,0,EPL,16.142857142857142,4.944444444444445
14759,,75,78,2021-04-26 19:00:00,,2020,2,1,Leicester,Crystal Palace,1.23419,0.723112,1,0,0,EPL,17.529411764705884,4.481481481481482
14772,,74,75,2021-04-30 19:00:00,,2020,1,1,Southampton,Leicester,0.954057,2.51518,0,1,0,EPL,3.9714285714285715,21.75
14768,,78,88,2021-05-01 11:30:00,,2020,0,2,Crystal Palace,Manchester City,0.361866,2.04443,0,0,1,EPL,5.423076923076923,21.157894736842106
14765,,220,245,2021-05-01 14:00:00,,2020,2,0,Brighton,Leeds,2.52542,0.510874,1,0,0,EPL,14.071428571428571,8.689655172413794
14767,,80,228,2021-05-01 16:30:00,,2020,2,0,Chelsea,Fulham,1.8433,0.290042,1,0,0,EPL,12.347826086956522,11.48
14769,,72,71,2021-05-01 19:00:00,,2020,1,2,Everton,Aston Villa,1.223,1.58811,0,0,1,EPL,10.863636363636363,15.941176470588236
14771,,86,83,2021-05-02 13:00:00,,2020,0,2,Newcastle United,Arsenal,0.172988,1.78751,0,0,1,EPL,12.9,29.09090909090909
14773,,82,238,2021-05-02 18:15:00,,2020,4,0,Tottenham,Sheffield United,2.26016,0.469026,1,0,0,EPL,30.875,7.695652173913044
14774,,76,229,2021-05-03 17:00:00,,2020,1,1,West Bromwich Albion,Wolverhampton Wanderers,1.07133,0.844138,0,1,0,EPL,8.15,8.96
14766,,92,81,2021-05-03 19:15:00,,2020,1,2,Burnley,West Ham,1.68312,2.42477,0,0,1,EPL,10.9375,14.764705882352942
14779,,75,86,2021-05-07 19:00:00,,2020,2,4,Leicester,Newcastle United,2.315,2.87261,0,0,1,EPL,16.27777777777778,4.793103448275862
14778,,245,82,2021-05-08 11:30:00,,2020,3,1,Leeds,Tottenham,2.55216,1.03384,1,0,0,EPL,8.814814814814815,5.2894736842105265
14782,,238,78,2021-05-08 14:00:00,,2020,0,2,Sheffield United,Crystal Palace,0.639325,2.25382,0,0,1,EPL,15.0,7.551724137931035
14781,,88,80,2021-05-08 16:30:00,,2020,1,2,Manchester City,Chelsea,1.79168,0.619724,0,0,1,EPL,18.3,13.107142857142858
14780,,87,74,2021-05-08 19:15:00,,2020,2,0,Liverpool,Southampton,2.26367,1.2289,1,0,0,EPL,20.3125,11.0
14784,,229,220,2021-05-09 11:00:00,,2020,2,1,Wolverhampton Wanderers,Brighton,1.1199,0.27571,1,0,0,EPL,12.227272727272727,9.19047619047619
14776,,71,89,2021-05-09 13:05:00,,2020,1,3,Aston Villa,Manchester United,0.565472,1.88793,0,0,1,EPL,9.28,12.608695652173912
14783,,81,72,2021-05-09 15:30:00,,2020,0,1,West Ham,Everton,1.09704,1.56222,0,0,1,EPL,15.272727272727273,6.37037037037037
14775,,83,76,2021-05-09 18:00:00,,2020,3,1,Arsenal,West Bromwich Albion,1.07042,1.83076,1,0,0,EPL,16.7,9.933333333333334
14777,,228,92,2021-05-10 19:00:00,,2020,0,2,Fulham,Burnley,0.778074,1.65831,0,0,1,EPL,10.4,3.5238095238095237
14788,,89,75,2021-05-11 17:00:00,,2020,1,2,Manchester United,Leicester,0.212874,0.991522,0,0,1,EPL,11.96551724137931,20.46153846153846
14753,,74,78,2021-05-11 21:00:00,,2020,3,1,Southampton,Crystal Palace,1.58872,1.32586,1,0,0,EPL,12.310344827586206,5.565217391304348
14790,,80,83,2021-05-12 19:15:00,,2020,0,1,Chelsea,Arsenal,1.56786,0.692043,0,0,1,EPL,19.88888888888889,20.272727272727273
14770,,89,87,2021-05-13 19:15:00,,2020,2,4,Manchester United,Liverpool,1.71328,2.938,0,0,1,EPL,9.862068965517242,12.8
14616,,71,72,2021-05-13 21:00:00,,2020,0,0,Aston Villa,Everton,0.558976,0.975408,0,1,0,EPL,14.904761904761905,16.5
14791,,86,88,2021-05-14 19:00:00,,2020,3,4,Newcastle United,Manchester City,2.18312,1.477,0,0,1,EPL,2.914285714285714,47.55555555555556
14786,,92,245,2021-05-15 11:30:00,,2020,0,4,Burnley,Leeds,1.41338,1.85654,0,0,1,EPL,13.142857142857142,12.0
14792,,74,228,2021-05-15 14:00:00,,2020,3,1,Southampton,Fulham,2.29146,0.875957,1,0,0,EPL,10.0,12.7
14785,,220,81,2021-05-15 19:00:00,,2020,1,1,Brighton,West Ham,0.922587,1.92378,0,1,0,EPL,18.57894736842105,13.6
14794,,78,71,2021-05-16 11:00:00,,2020,3,2,Crystal Palace,Aston Villa,1.95285,1.2303,1,0,0,EPL,7.823529411764706,7.038461538461538
14793,,82,229,2021-05-16 13:05:00,,2020,2,0,Tottenham,Wolverhampton Wanderers,3.13947,1.09206,1,0,0,EPL,18.45,11.555555555555555
14789,,76,87,2021-05-16 15:30:00,,2020,1,2,West Bromwich Albion,Liverpool,1.14202,2.07854,0,0,1,EPL,4.052631578947368,21.857142857142858
14787,,72,238,2021-05-16 18:00:00,,2020,0,1,Everton,Sheffield United,1.24609,1.391,0,0,1,EPL,14.428571428571429,9.65
14800,,89,228,2021-05-18 17:00:00,,2020,1,1,Manchester United,Fulham,0.92243,0.872643,0,1,0,EPL,11.148148148148149,11.24
14802,,74,245,2021-05-18 17:00:00,,2020,0,2,Southampton,Leeds,1.3084,1.58132,0,0,1,EPL,6.193548387096774,7.193548387096774
14795,,220,88,2021-05-18 18:00:00,,2020,3,2,Brighton,Manchester City,1.22824,1.07139,1,0,0,EPL,18.3,7.392857142857143
14797,,80,75,2021-05-18 19:15:00,,2020,2,1,Chelsea,Leicester,2.86149,0.832596,1,0,0,EPL,10.966666666666667,6.964285714285714
14799,,72,229,2021-05-19 17:00:00,,2020,1,0,Everton,Wolverhampton Wanderers,0.670997,0.265526,1,0,0,EPL,8.869565217391305,11.555555555555555
14801,,86,238,2021-05-19 17:00:00,,2020,1,0,Newcastle United,Sheffield United,1.82508,0.882242,1,0,0,EPL,18.58823529411765,19.2
14803,,82,71,2021-05-19 17:00:00,,2020,1,2,Tottenham,Aston Villa,0.89279,1.63669,0,0,1,EPL,10.133333333333333,9.0
14798,,78,83,2021-05-19 18:00:00,,2020,1,3,Crystal Palace,Arsenal,0.998377,1.7945,0,0,1,EPL,9.846153846153847,16.05263157894737
14796,,92,87,2021-05-19 19:15:00,,2020,0,3,Burnley,Liverpool,0.837048,2.73316,0,0,1,EPL,13.153846153846153,11.64
14804,,76,81,2021-05-19 19:15:00,,2020,1,3,West Bromwich Albion,West Ham,1.10741,3.56991,0,0,1,EPL,9.352941176470589,8.823529411764707
14805,,83,220,2021-05-23 15:00:00,,2020,2,0,Arsenal,Brighton,0.772904,0.193968,1,0,0,EPL,18.941176470588236,17.333333333333332
14806,,71,80,2021-05-23 15:00:00,,2020,2,1,Aston Villa,Chelsea,0.980413,3.43414,1,0,0,EPL,6.333333333333333,18.375
14807,,228,86,2021-05-23 15:00:00,,2020,0,2,Fulham,Newcastle United,0.98902,1.60157,0,0,1,EPL,40.875,8.91304347826087
14808,,245,76,2021-05-23 15:00:00,,2020,3,1,Leeds,West Bromwich Albion,2.49009,1.02209,1,0,0,EPL,14.0,4.269230769230769
14809,,75,82,2021-05-23 15:00:00,,2020,2,4,Leicester,Tottenham,1.82554,1.85229,0,0,1,EPL,13.333333333333334,10.88888888888889
14810,,87,78,2021-05-23 15:00:00,,2020,2,0,Liverpool,Crystal Palace,2.20348,0.772317,1,0,0,EPL,16.75,5.391304347826087
14811,,88,72,2021-05-23 15:00:00,,2020,5,0,Manchester City,Everton,2.88355,1.07258,1,0,0,EPL,19.115384615384617,10.0
14812,,238,92,2021-05-23 15:00:00,,2020,1,0,Sheffield United,Burnley,0.420006,0.558508,1,0,0,EPL,9.352941176470589,8.653846153846153
14813,,81,74,2021-05-23 15:00:00,,2020,3,0,West Ham,Southampton,1.98344,1.35179,1,0,0,EPL,6.166666666666667,17.764705882352942
14814,,229,89,2021-05-23 15:00:00,,2020,1,2,Wolverhampton Wanderers,Manchester United,0.701256,2.05229,0,0,1,EPL,29.181818181818183,8.25
16376,,244,83,2021-08-13 19:00:00,,2021,2,0,Brentford,Arsenal,1.88818,1.02385,1,0,0,EPL,5.7727272727272725,16.11111111111111
16377,,89,245,2021-08-14 11:30:00,,2021,5,1,Manchester United,Leeds,1.64248,0.568342,1,0,0,EPL,7.242424242424242,12.590909090909092
16378,,92,220,2021-08-14 14:00:00,,2021,1,2,Burnley,Brighton,1.79548,1.6853,0,0,1,EPL,7.933333333333334,17.88888888888889
16379,,80,78,2021-08-14 14:00:00,,2021,3,0,Chelsea,Crystal Palace,1.18709,0.321701,1,0,0,EPL,71.0,6.595238095238095
16380,,72,74,2021-08-14 14:00:00,,2021,3,1,Everton,Southampton,2.38863,0.580601,1,0,0,EPL,5.592592592592593,6.869565217391305
16381,,75,229,2021-08-14 14:00:00,,2021,1,0,Leicester,Wolverhampton Wanderers,0.668082,1.32714,1,0,0,EPL,20.263157894736842,11.5
16382,,90,71,2021-08-14 14:00:00,,2021,3,2,Watford,Aston Villa,1.35036,1.13718,1,0,0,EPL,6.5,14.428571428571429
16383,,79,87,2021-08-14 16:30:00,,2021,0,3,Norwich,Liverpool,1.3333,1.78728,0,0,1,EPL,11.580645161290322,25.666666666666668
16384,,86,81,2021-08-15 13:00:00,,2021,2,4,Newcastle United,West Ham,1.67926,3.00939,0,0,1,EPL,11.619047619047619,24.5
16385,,82,88,2021-08-15 15:30:00,,2021,1,0,Tottenham,Manchester City,1.06014,2.10585,1,0,0,EPL,6.136363636363637,17.294117647058822
16386,,87,92,2021-08-21 11:30:00,,2021,2,0,Liverpool,Burnley,2.63945,0.690464,1,0,0,EPL,12.727272727272727,7.0
16387,,88,79,2021-08-21 14:00:00,,2021,5,0,Manchester City,Norwich,2.43928,0.0250088,1,0,0,EPL,27.583333333333332,7.617647058823529
16388,,71,86,2021-08-21 14:00:00,,2021,2,0,Aston Villa,Newcastle United,1.18426,0.63163,1,0,0,EPL,8.823529411764707,14.428571428571429
16389,,78,244,2021-08-21 14:00:00,,2021,0,0,Crystal Palace,Brentford,0.606313,0.712439,0,1,0,EPL,8.172413793103448,9.2
16390,,245,72,2021-08-21 14:00:00,,2021,2,2,Leeds,Everton,0.966093,1.85713,0,1,0,EPL,17.0,5.428571428571429
16391,,220,90,2021-08-21 16:30:00,,2021,2,0,Brighton,Watford,1.77896,0.407224,1,0,0,EPL,25.866666666666667,12.666666666666666
16392,,74,89,2021-08-22 13:00:00,,2021,1,1,Southampton,Manchester United,0.587526,2.26173,0,1,0,EPL,9.066666666666666,8.870967741935484
16393,,229,82,2021-08-22 13:00:00,,2021,0,1,Wolverhampton Wanderers,Tottenham,1.51127,1.72636,0,0,1,EPL,13.764705882352942,7.37037037037037
16394,,83,80,2021-08-22 15:30:00,,2021,0,2,Arsenal,Chelsea,0.630099,3.64132,0,0,1,EPL,10.4,16.347826086956523
16395,,81,75,2021-08-23 19:00:00,,2021,4,1,West Ham,Leicester,2.28613,0.62676,1,0,0,EPL,12.909090909090908,23.357142857142858
16396,,88,83,2021-08-28 11:30:00,,2021,5,0,Manchester City,Arsenal,4.47273,0.116805,1,0,0,EPL,52.142857142857146,5.055555555555555
16397,,86,74,2021-08-28 14:00:00,,2021,2,2,Newcastle United,Southampton,1.19077,3.46036,0,1,0,EPL,7.705882352941177,9.75
16398,,79,75,2021-08-28 14:00:00,,2021,1,2,Norwich,Leicester,1.44084,1.27371,0,0,1,EPL,8.772727272727273,10.96
16399,,71,244,2021-08-28 14:00:00,,2021,1,1,Aston Villa,Brentford,0.431464,1.13312,0,1,0,EPL,8.291666666666666,13.2
16400,,220,72,2021-08-28 14:00:00,,2021,0,2,Brighton,Everton,0.701622,1.54868,0,0,1,EPL,14.25925925925926,7.0
16401,,81,78,2021-08-28 14:00:00,,2021,2,2,West Ham,Crystal Palace,1.44748,1.67658,0,1,0,EPL,8.894736842105264,11.185185185185185
16402,,87,80,2021-08-28 16:30:00,,2021,1,1,Liverpool,Chelsea,2.08462,0.573638,0,1,0,EPL,28.09090909090909,7.275862068965517
16403,,92,245,2021-08-29 13:00:00,,2021,1,1,Burnley,Leeds,1.71102,1.52078,0,1,0,EPL,8.133333333333333,14.416666666666666
16404,,82,90,2021-08-29 13:00:00,,2021,1,0,Tottenham,Watford,0.920963,0.596016,1,0,0,EPL,19.25,11.523809523809524
16405,,229,89,2021-08-29 15:30:00,,2021,0,1,Wolverhampton Wanderers,Manchester United,1.79575,0.944083,0,0,1,EPL,9.153846153846153,24.642857142857142
16406,,78,82,2021-09-11 11:30:00,,2021,3,0,Crystal Palace,Tottenham,2.89372,0.0775646,1,0,0,EPL,12.761904761904763,6.035714285714286
16407,,83,79,2021-09-11 14:00:00,,2021,1,0,Arsenal,Norwich,2.68515,0.577292,1,0,0,EPL,19.363636363636363,12.5
16408,,244,220,2021-09-11 14:00:00,,2021,0,1,Brentford,Brighton,0.729786,0.287902,0,0,1,EPL,6.615384615384615,10.125
16409,,75,88,2021-09-11 14:00:00,,2021,0,1,Leicester,Manchester City,0.8001,2.75058,0,0,1,EPL,9.461538461538462,77.75
16410,,89,86,2021-09-11 14:00:00,,2021,4,1,Manchester United,Newcastle United,2.77326,0.622042,1,0,0,EPL,36.42857142857143,8.583333333333334
16411,,74,81,2021-09-11 14:00:00,,2021,0,0,Southampton,West Ham,0.692135,0.725407,0,1,0,EPL,7.7,23.916666666666668
16412,,90,229,2021-09-11 14:00:00,,2021,0,2,Watford,Wolverhampton Wanderers,0.185407,2.55922,0,0,1,EPL,7.225806451612903,14.047619047619047
16413,,80,71,2021-09-11 16:30:00,,2021,3,0,Chelsea,Aston Villa,1.22153,1.17349,1,0,0,EPL,9.870967741935484,9.894736842105264
16414,,245,87,2021-09-12 15:30:00,,2021,0,3,Leeds,Liverpool,0.652514,4.4016,0,0,1,EPL,16.8,38.0
16415,,72,92,2021-09-13 19:00:00,,2021,3,1,Everton,Burnley,1.80386,1.82061,1,0,0,EPL,10.85,11.9375
16416,,86,245,2021-09-17 19:00:00,,2021,1,1,Newcastle United,Leeds,1.17668,1.42995,0,1,0,EPL,5.538461538461538,16.9
16417,,229,244,2021-09-18 11:30:00,,2021,0,2,Wolverhampton Wanderers,Brentford,1.02316,2.32741,0,0,1,EPL,10.782608695652174,12.571428571428571
16418,,79,90,2021-09-18 14:00:00,,2021,1,3,Norwich,Watford,0.782665,2.42487,0,0,1,EPL,10.4,8.074074074074074
16419,,92,83,2021-09-18 14:00:00,,2021,0,1,Burnley,Arsenal,0.775574,1.09928,0,0,1,EPL,10.823529411764707,12.695652173913043
16420,,87,78,2021-09-18 14:00:00,,2021,3,0,Liverpool,Crystal Palace,2.76793,0.644168,1,0,0,EPL,20.333333333333332,5.166666666666667
16421,,88,74,2021-09-18 14:00:00,,2021,0,0,Manchester City,Southampton,1.22451,0.490923,0,1,0,EPL,16.5,11.533333333333333
16422,,71,72,2021-09-18 16:30:00,,2021,3,0,Aston Villa,Everton,0.777716,0.755035,1,0,0,EPL,11.882352941176471,8.222222222222221
16423,,220,75,2021-09-19 13:00:00,,2021,2,1,Brighton,Leicester,1.47438,1.25373,1,0,0,EPL,8.857142857142858,13.761904761904763
16424,,81,89,2021-09-19 13:00:00,,2021,1,2,West Ham,Manchester United,1.6671,1.8954,0,0,1,EPL,12.555555555555555,16.8
16425,,82,80,2021-09-19 15:30:00,,2021,0,3,Tottenham,Chelsea,0.70567,2.5869,0,0,1,EPL,9.3125,14.9
16426,,80,88,2021-09-25 11:30:00,,2021,0,1,Chelsea,Manchester City,0.194202,1.69244,0,0,1,EPL,9.133333333333333,21.4375
16431,,89,71,2021-09-25 11:30:00,,2021,0,1,Manchester United,Aston Villa,1.9251,1.57249,0,0,1,EPL,9.409090909090908,6.277777777777778
16427,,90,86,2021-09-25 14:00:00,,2021,1,1,Watford,Newcastle United,0.904061,2.52338,0,1,0,EPL,8.0,5.379310344827586
16428,,72,79,2021-09-25 14:00:00,,2021,2,0,Everton,Norwich,2.26681,0.800903,1,0,0,EPL,14.0,10.607142857142858
16429,,245,81,2021-09-25 14:00:00,,2021,1,2,Leeds,West Ham,1.1967,1.98962,0,0,1,EPL,20.333333333333332,13.642857142857142
16430,,75,92,2021-09-25 14:00:00,,2021,2,2,Leicester,Burnley,2.16233,0.428866,0,1,0,EPL,14.08695652173913,9.076923076923077
16432,,244,87,2021-09-25 16:30:00,,2021,3,3,Brentford,Liverpool,2.94058,2.25736,0,1,0,EPL,6.705882352941177,23.7
16433,,74,229,2021-09-26 13:00:00,,2021,0,1,Southampton,Wolverhampton Wanderers,0.909342,0.909833,0,0,1,EPL,32.375,8.363636363636363
16434,,83,82,2021-09-26 15:30:00,,2021,3,1,Arsenal,Tottenham,1.44499,0.980166,1,0,0,EPL,12.5,16.4
16435,,78,220,2021-09-27 19:00:00,,2021,1,1,Crystal Palace,Brighton,1.36836,0.649566,0,1,0,EPL,11.043478260869565,17.38095238095238
16442,,89,72,2021-10-02 11:30:00,,2021,1,1,Manchester United,Everton,1.0496,1.32211,0,1,0,EPL,19.8125,8.133333333333333
16437,,92,79,2021-10-02 14:00:00,,2021,0,0,Burnley,Norwich,0.584725,0.673617,0,1,0,EPL,16.166666666666668,7.6923076923076925
16438,,80,74,2021-10-02 14:00:00,,2021,3,1,Chelsea,Southampton,3.79243,1.52634,1,0,0,EPL,9.472222222222221,7.291666666666667
16440,,245,90,2021-10-02 14:00:00,,2021,1,0,Leeds,Watford,1.57388,0.192794,1,0,0,EPL,13.857142857142858,6.75
16445,,229,86,2021-10-02 14:00:00,,2021,2,1,Wolverhampton Wanderers,Newcastle United,1.15849,0.865217,1,0,0,EPL,13.142857142857142,10.666666666666666
16436,,220,83,2021-10-02 16:30:00,,2021,0,0,Brighton,Arsenal,1.11551,0.36431,0,1,0,EPL,30.125,8.75
16439,,78,75,2021-10-03 13:00:00,,2021,2,2,Crystal Palace,Leicester,1.1703,1.04322,0,1,0,EPL,9.323529411764707,6.8
16443,,82,71,2021-10-03 13:00:00,,2021,2,1,Tottenham,Aston Villa,1.78187,1.07395,1,0,0,EPL,7.2727272727272725,7.85
16444,,81,244,2021-10-03 13:00:00,,2021,1,2,West Ham,Brentford,1.37258,1.30098,0,0,1,EPL,13.428571428571429,6.0
16441,,87,88,2021-10-03 15:30:00,,2021,2,2,Liverpool,Manchester City,0.949368,1.04319,0,1,0,EPL,29.3,10.483870967741936
16455,,90,87,2021-10-16 11:30:00,,2021,0,5,Watford,Liverpool,0.302302,3.65553,0,0,1,EPL,4.88,45.09090909090909
16447,,71,229,2021-10-16 14:00:00,,2021,2,3,Aston Villa,Wolverhampton Wanderers,1.21276,2.19633,0,0,1,EPL,9.115384615384615,12.6875
16450,,75,89,2021-10-16 14:00:00,,2021,4,2,Leicester,Manchester United,2.96611,1.02494,1,0,0,EPL,12.346153846153847,13.285714285714286
16451,,88,92,2021-10-16 14:00:00,,2021,2,0,Manchester City,Burnley,2.15712,1.07719,1,0,0,EPL,23.466666666666665,8.529411764705882
16453,,79,220,2021-10-16 14:00:00,,2021,0,0,Norwich,Brighton,1.16088,1.17572,0,1,0,EPL,5.913043478260869,24.0
16454,,74,245,2021-10-16 14:00:00,,2021,1,0,Southampton,Leeds,1.83082,0.446173,1,0,0,EPL,5.612903225806452,7.647058823529412
16448,,244,80,2021-10-16 16:30:00,,2021,0,1,Brentford,Chelsea,1.62169,0.248256,0,0,1,EPL,13.866666666666667,14.263157894736842
16449,,72,81,2021-10-17 13:00:00,,2021,0,1,Everton,West Ham,0.854165,2.03034,0,0,1,EPL,11.307692307692308,18.41176470588235
16452,,86,82,2021-10-17 15:30:00,,2021,2,3,Newcastle United,Tottenham,0.645658,1.55008,0,0,1,EPL,9.15,11.5625
16446,,83,78,2021-10-18 19:00:00,,2021,2,2,Arsenal,Crystal Palace,1.7436,0.492239,0,1,0,EPL,21.384615384615383,16.894736842105264
16456,,83,71,2021-10-22 19:00:00,,2021,3,1,Arsenal,Aston Villa,3.4984,1.41088,1,0,0,EPL,13.25,9.73913043478261
16459,,80,79,2021-10-23 11:30:00,,2021,7,0,Chelsea,Norwich,3.10509,0.267429,1,0,0,EPL,18.166666666666668,6.888888888888889
16460,,78,86,2021-10-23 14:00:00,,2021,1,1,Crystal Palace,Newcastle United,2.25588,0.721813,0,1,0,EPL,25.666666666666668,5.117647058823529
16461,,72,90,2021-10-23 14:00:00,,2021,2,5,Everton,Watford,1.84089,3.10344,0,0,1,EPL,13.428571428571429,10.68421052631579
16462,,245,229,2021-10-23 14:00:00,,2021,1,1,Leeds,Wolverhampton Wanderers,1.71313,0.858644,0,1,0,EPL,15.555555555555555,3.6
16464,,74,92,2021-10-23 14:00:00,,2021,2,2,Southampton,Burnley,1.42567,0.673195,0,1,0,EPL,9.727272727272727,6.333333333333333
16458,,220,88,2021-10-23 16:30:00,,2021,1,4,Brighton,Manchester City,1.1695,3.57376,0,0,1,EPL,23.785714285714285,9.793103448275861
16457,,244,75,2021-10-24 13:00:00,,2021,1,2,Brentford,Leicester,1.16789,1.00254,0,0,1,EPL,21.333333333333332,5.837837837837838
16465,,81,82,2021-10-24 13:00:00,,2021,1,0,West Ham,Tottenham,1.73468,0.672198,1,0,0,EPL,11.3,21.58823529411765
16463,,89,87,2021-10-24 15:30:00,,2021,0,5,Manchester United,Liverpool,1.35584,4.04765,0,0,1,EPL,8.23076923076923,60.714285714285715
16468,,75,83,2021-10-30 11:30:00,,2021,0,2,Leicester,Arsenal,1.98801,1.10288,0,0,1,EPL,24.933333333333334,9.105263157894736
16467,,92,244,2021-10-30 14:00:00,,2021,3,1,Burnley,Brentford,2.72901,0.834312,1,0,0,EPL,9.210526315789474,16.263157894736842
16469,,87,220,2021-10-30 14:00:00,,2021,2,2,Liverpool,Brighton,1.39778,1.51032,0,1,0,EPL,26.4,11.826086956521738
16470,,88,78,2021-10-30 14:00:00,,2021,0,2,Manchester City,Crystal Palace,0.65739,1.05029,0,0,1,EPL,16.68421052631579,7.2
16471,,86,80,2021-10-30 14:00:00,,2021,0,3,Newcastle United,Chelsea,0.157616,2.16608,0,0,1,EPL,3.8947368421052633,21.066666666666666
16474,,90,74,2021-10-30 14:00:00,,2021,0,1,Watford,Southampton,0.852556,1.90757,0,0,1,EPL,7.052631578947368,10.038461538461538
16473,,82,89,2021-10-30 16:30:00,,2021,0,3,Tottenham,Manchester United,1.15787,1.38612,0,0,1,EPL,10.275862068965518,7.172413793103448
16472,,79,245,2021-10-31 14:00:00,,2021,1,2,Norwich,Leeds,0.661887,1.16855,0,0,1,EPL,4.285714285714286,8.727272727272727
16466,,71,81,2021-10-31 16:30:00,,2021,1,4,Aston Villa,West Ham,0.687551,2.66391,0,0,1,EPL,6.869565217391305,22.75
16475,,229,72,2021-11-01 20:00:00,,2021,2,1,Wolverhampton Wanderers,Everton,1.69344,1.69767,1,0,0,EPL,13.464285714285714,8.5
16484,,74,71,2021-11-05 20:00:00,,2021,1,0,Southampton,Aston Villa,0.89818,0.536077,1,0,0,EPL,10.652173913043478,5.458333333333333
16483,,89,88,2021-11-06 12:30:00,,2021,0,2,Manchester United,Manchester City,0.759561,2.04202,0,0,1,EPL,10.304347826086957,23.470588235294116
16477,,244,79,2021-11-06 15:00:00,,2021,1,2,Brentford,Norwich,2.79229,1.15797,0,0,1,EPL,14.722222222222221,6.782608695652174
16479,,80,92,2021-11-06 15:00:00,,2021,1,1,Chelsea,Burnley,3.00585,0.674072,0,1,0,EPL,15.904761904761905,13.6
16480,,78,229,2021-11-06 15:00:00,,2021,2,0,Crystal Palace,Wolverhampton Wanderers,2.65161,0.25416,1,0,0,EPL,16.047619047619047,6.419354838709677
16478,,220,86,2021-11-06 17:30:00,,2021,1,1,Brighton,Newcastle United,1.43123,0.227321,0,1,0,EPL,20.3,7.0344827586206895
16476,,83,90,2021-11-07 14:00:00,,2021,1,0,Arsenal,Watford,1.49208,0.491659,1,0,0,EPL,10.892857142857142,11.866666666666667
16481,,72,82,2021-11-07 14:00:00,,2021,0,0,Everton,Tottenham,0.597906,0.801798,0,1,0,EPL,9.041666666666666,10.419354838709678
16482,,245,75,2021-11-07 14:00:00,,2021,1,1,Leeds,Leicester,1.96551,0.795292,0,1,0,EPL,12.444444444444445,8.772727272727273
16485,,81,87,2021-11-07 16:30:00,,2021,3,2,West Ham,Liverpool,1.25298,1.45641,1,0,0,EPL,6.636363636363637,20.6
16488,,75,80,2021-11-20 12:30:00,,2021,0,3,Leicester,Chelsea,0.499504,2.57178,0,0,1,EPL,8.869565217391305,10.0
16486,,71,220,2021-11-20 15:00:00,,2021,2,0,Aston Villa,Brighton,1.06946,0.582787,1,0,0,EPL,7.590909090909091,17.818181818181817
16487,,92,78,2021-11-20 15:00:00,,2021,3,3,Burnley,Crystal Palace,1.04224,1.74839,0,1,0,EPL,17.875,11.782608695652174
16491,,86,244,2021-11-20 15:00:00,,2021,3,3,Newcastle United,Brentford,2.18388,1.23275,0,1,0,EPL,7.65,7.7
16492,,79,74,2021-11-20 15:00:00,,2021,2,1,Norwich,Southampton,0.43778,1.13118,1,0,0,EPL,7.764705882352941,10.75
16494,,90,89,2021-11-20 15:00:00,,2021,4,1,Watford,Manchester United,2.73393,1.66794,1,0,0,EPL,24.4,13.037037037037036
16495,,229,81,2021-11-20 15:00:00,,2021,1,0,Wolverhampton Wanderers,West Ham,1.31903,0.436331,1,0,0,EPL,11.714285714285714,21.692307692307693
16489,,87,83,2021-11-20 17:30:00,,2021,4,0,Liverpool,Arsenal,3.97374,0.268025,1,0,0,EPL,28.133333333333333,6.774193548387097
16490,,88,72,2021-11-21 14:00:00,,2021,3,0,Manchester City,Everton,2.61302,0.266894,1,0,0,EPL,58.0,6.833333333333333
16493,,82,245,2021-11-21 16:30:00,,2021,2,1,Tottenham,Leeds,2.31744,1.46689,1,0,0,EPL,7.419354838709677,9.59375
16496,,83,86,2021-11-27 12:30:00,,2021,2,0,Arsenal,Newcastle United,2.84493,0.185383,1,0,0,EPL,16.736842105263158,7.037037037037037
16501,,78,71,2021-11-27 15:00:00,,2021,1,2,Crystal Palace,Aston Villa,0.962129,0.454305,0,0,1,EPL,26.307692307692307,9.05
16503,,87,74,2021-11-27 15:00:00,,2021,4,0,Liverpool,Southampton,3.07278,0.966132,1,0,0,EPL,15.217391304347826,9.61111111111111
16505,,79,229,2021-11-27 15:00:00,,2021,0,0,Norwich,Wolverhampton Wanderers,1.4047,0.297157,0,1,0,EPL,16.0,13.333333333333334
16498,,220,245,2021-11-27 17:30:00,,2021,0,0,Brighton,Leeds,1.90498,0.864829,0,1,0,EPL,6.837837837837838,9.238095238095237
16497,,244,72,2021-11-28 14:00:00,,2021,1,0,Brentford,Everton,1.19813,0.968075,1,0,0,EPL,6.9655172413793105,13.210526315789474
16502,,75,90,2021-11-28 14:00:00,,2021,4,2,Leicester,Watford,2.16027,2.38383,1,0,0,EPL,5.0,11.8
16504,,88,81,2021-11-28 14:00:00,,2021,2,1,Manchester City,West Ham,2.72187,0.171763,1,0,0,EPL,23.88235294117647,7.333333333333333
16500,,80,89,2021-11-28 16:30:00,,2021,1,1,Chelsea,Manchester United,2.34525,0.563367,0,1,0,EPL,16.7,5.375
16513,,86,79,2021-11-30 19:30:00,,2021,1,1,Newcastle United,Norwich,1.15636,1.51084,0,1,0,EPL,4.923076923076923,36.625
16508,,245,78,2021-11-30 20:15:00,,2021,1,0,Leeds,Crystal Palace,1.9818,0.707328,1,0,0,EPL,12.636363636363637,3.8421052631578947
16509,,90,80,2021-12-01 19:30:00,,2021,1,2,Watford,Chelsea,0.990877,0.908574,0,0,1,EPL,7.875,6.9655172413793105
16510,,81,220,2021-12-01 19:30:00,,2021,1,1,West Ham,Brighton,1.14679,1.2607,0,1,0,EPL,3.5357142857142856,13.375
16511,,229,92,2021-12-01 19:30:00,,2021,0,0,Wolverhampton Wanderers,Burnley,0.711691,0.195537,0,1,0,EPL,14.0,7.0
16514,,74,75,2021-12-01 19:30:00,,2021,2,2,Southampton,Leicester,1.91169,1.4401,0,1,0,EPL,8.833333333333334,10.076923076923077
16506,,71,88,2021-12-01 20:15:00,,2021,1,2,Aston Villa,Manchester City,0.772083,1.01897,0,0,1,EPL,8.727272727272727,15.1
16507,,72,87,2021-12-01 20:15:00,,2021,1,4,Everton,Liverpool,0.512263,2.86067,0,0,1,EPL,4.461538461538462,15.636363636363637
16515,,82,244,2021-12-02 19:30:00,,2021,2,0,Tottenham,Brentford,2.07248,0.225492,1,0,0,EPL,15.8125,17.5
16512,,89,83,2021-12-02 20:15:00,,2021,3,2,Manchester United,Arsenal,1.85597,1.16638,1,0,0,EPL,11.647058823529411,14.85
16524,,81,80,2021-12-04 12:30:00,,2021,3,2,West Ham,Chelsea,2.0174,1.37049,1,0,0,EPL,9.45,12.6
16520,,86,92,2021-12-04 15:00:00,,2021,1,0,Newcastle United,Burnley,1.70609,0.604599,1,0,0,EPL,6.666666666666667,16.25
16521,,74,220,2021-12-04 15:00:00,,2021,1,1,Southampton,Brighton,1.34236,1.4872,0,1,0,EPL,4.24,8.652173913043478
16525,,229,87,2021-12-04 15:00:00,,2021,0,1,Wolverhampton Wanderers,Liverpool,0.095167,2.42332,0,0,1,EPL,7.333333333333333,39.625
16523,,90,88,2021-12-04 17:30:00,,2021,1,3,Watford,Manchester City,0.675105,4.03223,0,0,1,EPL,6.235294117647059,32.13333333333333
16518,,245,244,2021-12-05 14:00:00,,2021,2,2,Leeds,Brentford,1.41896,1.19959,0,1,0,EPL,11.08695652173913,4.785714285714286
16519,,89,78,2021-12-05 14:00:00,,2021,1,0,Manchester United,Crystal Palace,0.870376,0.520593,1,0,0,EPL,14.866666666666667,7.0
16522,,82,79,2021-12-05 14:00:00,,2021,3,0,Tottenham,Norwich,2.00668,1.06562,1,0,0,EPL,22.545454545454547,24.05263157894737
16516,,71,75,2021-12-05 16:30:00,,2021,2,1,Aston Villa,Leicester,1.84818,0.982614,1,0,0,EPL,4.076923076923077,13.5
16517,,72,83,2021-12-06 20:00:00,,2021,2,1,Everton,Arsenal,1.06108,1.05723,1,0,0,EPL,9.0,15.434782608695652
16527,,244,90,2021-12-10 20:00:00,,2021,2,1,Brentford,Watford,1.82799,0.561554,1,0,0,EPL,10.217391304347826,4.103448275862069
16534,,88,229,2021-12-11 12:30:00,,2021,1,0,Manchester City,Wolverhampton Wanderers,2.99915,0.0762839,1,0,0,EPL,47.42857142857143,6.25
16526,,83,74,2021-12-11 15:00:00,,2021,3,0,Arsenal,Southampton,2.08429,0.502215,1,0,0,EPL,20.0,21.375
16530,,80,245,2021-12-11 15:00:00,,2021,3,2,Chelsea,Leeds,2.74844,1.72934,1,0,0,EPL,11.722222222222221,7.0
16533,,87,71,2021-12-11 15:00:00,,2021,1,0,Liverpool,Aston Villa,2.71181,0.140573,1,0,0,EPL,24.727272727272727,5.233333333333333
16535,,79,89,2021-12-11 17:30:00,,2021,0,1,Norwich,Manchester United,0.986107,2.09817,0,0,1,EPL,8.551724137931034,24.7
16529,,92,81,2021-12-12 14:00:00,,2021,0,0,Burnley,West Ham,0.54801,0.998813,0,1,0,EPL,7.176470588235294,11.411764705882353
16532,,75,86,2021-12-12 14:00:00,,2021,4,0,Leicester,Newcastle United,2.05771,0.511934,1,0,0,EPL,7.387096774193548,12.166666666666666
16531,,78,72,2021-12-12 16:30:00,,2021,3,1,Crystal Palace,Everton,2.09864,1.27556,1,0,0,EPL,9.612903225806452,8.125
16541,,79,71,2021-12-14 19:45:00,,2021,0,2,Norwich,Aston Villa,0.502647,1.96261,0,0,1,EPL,14.15,8.772727272727273
16545,,88,245,2021-12-14 20:00:00,,2021,7,0,Manchester City,Leeds,3.31349,0.227498,1,0,0,EPL,27.0,11.65
16538,,220,229,2021-12-15 19:30:00,,2021,0,1,Brighton,Wolverhampton Wanderers,1.20118,1.11736,0,0,1,EPL,17.933333333333334,6.333333333333333
16542,,78,74,2021-12-15 19:30:00,,2021,2,2,Crystal Palace,Southampton,1.49244,0.625183,0,1,0,EPL,6.358974358974359,5.333333333333333
16536,,83,81,2021-12-15 20:00:00,,2021,2,0,Arsenal,West Ham,2.81482,0.338855,1,0,0,EPL,13.444444444444445,9.090909090909092
16543,,80,72,2021-12-16 19:45:00,,2021,1,1,Chelsea,Everton,3.20239,0.627528,0,1,0,EPL,25.235294117647058,5.066666666666666
16544,,87,86,2021-12-16 20:00:00,,2021,3,1,Liverpool,Newcastle United,2.93912,0.2064,1,0,0,EPL,35.3,5.12
16548,,245,83,2021-12-18 17:30:00,,2021,1,4,Leeds,Arsenal,1.31408,3.69008,0,0,1,EPL,7.483870967741935,14.125
16555,,229,80,2021-12-19 14:00:00,,2021,0,0,Wolverhampton Wanderers,Chelsea,0.321371,0.793952,0,1,0,EPL,10.416666666666666,33.5
16550,,86,88,2021-12-19 14:15:00,,2021,0,4,Newcastle United,Manchester City,0.174208,3.64686,0,0,1,EPL,9.588235294117647,23.263157894736842
16552,,82,87,2021-12-19 16:30:00,,2021,2,2,Tottenham,Liverpool,2.79777,1.54944,0,1,0,EPL,6.638888888888889,21.181818181818183
16560,,88,75,2021-12-26 15:00:00,,2021,6,3,Manchester City,Leicester,3.82869,2.43425,1,0,0,EPL,43.0,8.958333333333334
16562,,79,83,2021-12-26 15:00:00,,2021,0,5,Norwich,Arsenal,0.154212,2.87539,0,0,1,EPL,9.5625,13.88
16563,,82,78,2021-12-26 15:00:00,,2021,3,0,Tottenham,Crystal Palace,2.82148,0.178324,1,0,0,EPL,14.0,5.666666666666667
16564,,81,74,2021-12-26 15:00:00,,2021,2,3,West Ham,Southampton,1.53745,1.35643,0,0,1,EPL,9.363636363636363,9.555555555555555
16556,,71,80,2021-12-26 17:30:00,,2021,1,3,Aston Villa,Chelsea,0.474029,2.8285,0,0,1,EPL,9.233333333333333,23.0
16557,,220,244,2021-12-26 20:00:00,,2021,2,0,Brighton,Brentford,0.943363,1.10342,1,0,0,EPL,12.631578947368421,10.32
16561,,86,89,2021-12-27 20:00:00,,2021,1,1,Newcastle United,Manchester United,1.26586,1.75587,0,1,0,EPL,5.588235294117647,14.181818181818182
16569,,90,81,2021-12-28 15:00:00,,2021,1,4,Watford,West Ham,1.0143,2.84084,0,0,1,EPL,4.724137931034483,9.043478260869565
16570,,78,79,2021-12-28 15:00:00,,2021,3,0,Crystal Palace,Norwich,2.38978,0.594134,1,0,0,EPL,11.142857142857142,10.894736842105264
16575,,74,82,2021-12-28 15:00:00,,2021,1,1,Southampton,Tottenham,0.353043,2.80917,0,1,0,EPL,7.642857142857143,8.142857142857142
16573,,75,87,2021-12-28 20:00:00,,2021,1,0,Leicester,Liverpool,0.615892,2.72682,1,0,0,EPL,6.0,18.583333333333332
16568,,80,220,2021-12-29 19:30:00,,2021,1,1,Chelsea,Brighton,0.763458,0.78663,0,1,0,EPL,12.625,9.222222222222221
16567,,244,88,2021-12-29 20:15:00,,2021,0,1,Brentford,Manchester City,0.238829,1.01763,0,0,1,EPL,5.090909090909091,13.090909090909092
16574,,89,92,2021-12-30 20:15:00,,2021,3,1,Manchester United,Burnley,1.80776,0.871738,1,0,0,EPL,11.857142857142858,20.2
16576,,83,88,2022-01-01 12:30:00,,2021,1,2,Arsenal,Manchester City,0.836949,1.94623,0,0,1,EPL,7.0,13.12
16585,,90,82,2022-01-01 15:00:00,,2021,0,1,Watford,Tottenham,0.303514,1.93752,0,0,1,EPL,5.64,31.77777777777778
16579,,78,81,2022-01-01 17:30:00,,2021,2,3,Crystal Palace,West Ham,2.69204,2.23146,0,0,1,EPL,9.823529411764707,10.2
16577,,244,71,2022-01-02 14:00:00,,2021,2,1,Brentford,Aston Villa,0.501329,1.13821,1,0,0,EPL,12.941176470588236,8.1
16580,,72,220,2022-01-02 14:00:00,,2021,2,3,Everton,Brighton,1.82698,1.48397,0,0,1,EPL,8.08695652173913,11.31578947368421
16581,,245,92,2022-01-02 14:00:00,,2021,3,1,Leeds,Burnley,2.04186,0.960493,1,0,0,EPL,8.619047619047619,6.166666666666667
16578,,80,87,2022-01-02 16:30:00,,2021,2,2,Chelsea,Liverpool,1.389,1.78897,0,1,0,EPL,12.36,8.833333333333334
16583,,89,229,2022-01-03 17:30:00,,2021,0,1,Manchester United,Wolverhampton Wanderers,0.768752,0.840925,0,0,1,EPL,14.11111111111111,14.058823529411764
16551,,74,244,2022-01-11 21:45:00,,2021,4,1,Southampton,Brentford,1.59306,0.621466,1,0,0,EPL,9.777777777777779,8.576923076923077
16554,,81,79,2022-01-12 21:45:00,,2021,2,0,West Ham,Norwich,2.89217,0.343347,1,0,0,EPL,28.5,9.55
16587,,220,78,2022-01-14 20:00:00,,2021,1,1,Brighton,Crystal Palace,2.18053,0.509681,0,1,0,EPL,24.583333333333332,5.321428571428571
16590,,88,80,2022-01-15 12:30:00,,2021,1,0,Manchester City,Chelsea,0.901703,0.613757,1,0,0,EPL,16.9,13.347826086956522
16591,,86,90,2022-01-15 15:00:00,,2021,1,1,Newcastle United,Watford,1.03855,1.49623,0,1,0,EPL,10.238095238095237,7.34375
16592,,79,72,2022-01-15 15:00:00,,2021,2,1,Norwich,Everton,1.00153,0.541027,1,0,0,EPL,5.346153846153846,12.1
16595,,229,74,2022-01-15 15:00:00,,2021,3,1,Wolverhampton Wanderers,Southampton,2.29917,0.91728,1,0,0,EPL,12.846153846153847,9.48
16586,,71,89,2022-01-15 17:30:00,,2021,2,2,Aston Villa,Manchester United,1.82784,1.35378,0,1,0,EPL,10.655172413793103,14.368421052631579
16589,,87,244,2022-01-16 14:00:00,,2021,3,0,Liverpool,Brentford,3.49099,0.376656,1,0,0,EPL,15.15,8.823529411764707
16594,,81,245,2022-01-16 14:00:00,,2021,2,3,West Ham,Leeds,2.3549,2.26884,0,0,1,EPL,8.45,9.36
16607,,220,80,2022-01-18 09:45:00,,2021,1,1,Brighton,Chelsea,0.747557,0.572994,0,1,0,EPL,13.125,14.217391304347826
16540,,75,82,2022-01-19 19:30:00,,2021,2,3,Leicester,Tottenham,1.95031,4.24711,0,0,1,EPL,16.130434782608695,29.5
16537,,244,89,2022-01-19 20:00:00,,2021,1,3,Brentford,Manchester United,2.081,2.05969,0,0,1,EPL,12.0625,10.52
16605,,90,79,2022-01-21 20:00:00,,2021,0,3,Watford,Norwich,1.30606,0.925212,0,0,1,EPL,8.25,5.090909090909091
16600,,72,71,2022-01-22 12:30:00,,2021,0,1,Everton,Aston Villa,1.2384,0.860245,0,0,1,EPL,4.875,6.620689655172414
16597,,244,229,2022-01-22 15:00:00,,2021,1,2,Brentford,Wolverhampton Wanderers,0.742573,0.218211,0,0,1,EPL,15.933333333333334,10.08695652173913
16601,,245,86,2022-01-22 15:00:00,,2021,0,1,Leeds,Newcastle United,1.12992,1.15904,0,0,1,EPL,13.210526315789474,6.105263157894737
16603,,89,81,2022-01-22 15:00:00,,2021,1,0,Manchester United,West Ham,1.75857,0.238027,1,0,0,EPL,11.84,12.052631578947368
16604,,74,88,2022-01-22 17:30:00,,2021,1,1,Southampton,Manchester City,1.00222,1.62907,0,1,0,EPL,4.9,20.941176470588236
16596,,83,92,2022-01-23 14:00:00,,2021,0,0,Arsenal,Burnley,1.35507,0.388963,0,1,0,EPL,24.785714285714285,6.0
16599,,78,87,2022-01-23 14:00:00,,2021,1,3,Crystal Palace,Liverpool,1.62615,1.49697,0,0,1,EPL,13.571428571428571,10.88888888888889
16602,,75,220,2022-01-23 14:00:00,,2021,1,1,Leicester,Brighton,1.70979,1.19738,0,1,0,EPL,10.217391304347826,16.72222222222222
16598,,80,82,2022-01-23 16:30:00,,2021,2,0,Chelsea,Tottenham,1.04212,0.328818,1,0,0,EPL,16.956521739130434,5.645161290322581
16539,,92,90,2022-02-05 18:00:00,,2021,0,0,Burnley,Watford,0.765905,0.933965,0,1,0,EPL,9.19047619047619,8.31578947368421
16610,,81,90,2022-02-08 19:45:00,,2021,1,0,West Ham,Watford,0.905143,0.335474,1,0,0,EPL,22.8,7.7368421052631575
16612,,86,72,2022-02-08 19:45:00,,2021,3,1,Newcastle United,Everton,2.68732,0.823607,1,0,0,EPL,5.32,6.948717948717949
16608,,92,89,2022-02-08 20:00:00,,2021,1,1,Burnley,Manchester United,0.772721,1.83387,0,1,0,EPL,7.625,12.19047619047619
16609,,79,78,2022-02-09 19:45:00,,2021,1,1,Norwich,Crystal Palace,0.296411,1.22883,0,1,0,EPL,4.62962962962963,17.52173913043478
16613,,82,74,2022-02-09 19:45:00,,2021,2,3,Tottenham,Southampton,1.74286,1.73293,0,0,1,EPL,9.48,10.842105263157896
16615,,88,244,2022-02-09 19:45:00,,2021,2,0,Manchester City,Brentford,1.98246,0.461305,1,0,0,EPL,16.470588235294116,5.2
16606,,71,245,2022-02-09 20:00:00,,2021,3,3,Aston Villa,Leeds,1.5013,2.52914,0,1,0,EPL,9.866666666666667,13.857142857142858
16611,,229,83,2022-02-10 19:45:00,,2021,0,1,Wolverhampton Wanderers,Arsenal,0.641359,1.45247,0,0,1,EPL,15.75,9.052631578947368
16614,,87,75,2022-02-10 19:45:00,,2021,2,0,Liverpool,Leicester,2.72997,0.544954,1,0,0,EPL,23.666666666666668,4.523809523809524
16621,,89,74,2022-02-12 12:30:00,,2021,1,1,Manchester United,Southampton,2.99207,0.677386,0,1,0,EPL,9.068965517241379,10.608695652173912
16616,,244,78,2022-02-12 15:00:00,,2021,0,0,Brentford,Crystal Palace,1.97576,0.49802,0,1,0,EPL,5.7,9.08
16619,,72,245,2022-02-12 15:00:00,,2021,3,0,Everton,Leeds,2.58561,0.242668,1,0,0,EPL,6.043478260869565,11.148148148148149
16625,,90,220,2022-02-12 15:00:00,,2021,0,2,Watford,Brighton,0.532979,1.80456,0,0,1,EPL,5.703703703703703,10.8
16623,,79,88,2022-02-12 17:30:00,,2021,0,4,Norwich,Manchester City,0.356755,4.44653,0,0,1,EPL,9.235294117647058,39.111111111111114
16617,,92,87,2022-02-13 14:00:00,,2021,0,1,Burnley,Liverpool,1.16081,1.95722,0,0,1,EPL,8.1,13.62962962962963
16622,,86,71,2022-02-13 14:00:00,,2021,1,0,Newcastle United,Aston Villa,0.527571,0.455206,1,0,0,EPL,3.9615384615384617,6.757575757575758
16624,,82,229,2022-02-13 14:00:00,,2021,0,2,Tottenham,Wolverhampton Wanderers,0.838197,1.87026,0,0,1,EPL,18.38888888888889,9.68
16620,,75,81,2022-02-13 16:30:00,,2021,2,2,Leicester,West Ham,1.40693,0.745068,0,1,0,EPL,15.857142857142858,11.318181818181818
16549,,89,220,2022-02-15 20:15:00,,2021,2,0,Manchester United,Brighton,2.74936,1.26179,1,0,0,EPL,9.36,12.48
16634,,81,86,2022-02-19 12:30:00,,2021,1,1,West Ham,Newcastle United,0.847948,0.932574,0,1,0,EPL,12.0625,23.4
16626,,83,244,2022-02-19 15:00:00,,2021,2,1,Arsenal,Brentford,1.52247,0.640726,1,0,0,EPL,24.1,7.304347826086956
16627,,71,90,2022-02-19 15:00:00,,2021,0,1,Aston Villa,Watford,1.0267,1.82051,0,0,1,EPL,21.857142857142858,9.0
16628,,220,92,2022-02-19 15:00:00,,2021,0,3,Brighton,Burnley,0.44587,0.821228,0,0,1,EPL,13.695652173913043,5.15
16629,,78,80,2022-02-19 15:00:00,,2021,0,1,Crystal Palace,Chelsea,0.624023,1.12339,0,0,1,EPL,5.696969696969697,14.5
16631,,87,79,2022-02-19 15:00:00,,2021,3,1,Liverpool,Norwich,3.15449,0.66975,1,0,0,EPL,25.428571428571427,7.681818181818182
16633,,74,72,2022-02-19 15:00:00,,2021,2,0,Southampton,Everton,2.72851,0.19991,1,0,0,EPL,9.88888888888889,5.884615384615385
16632,,88,82,2022-02-19 17:30:00,,2021,2,3,Manchester City,Tottenham,2.31773,2.00235,0,0,1,EPL,62.0,8.541666666666666
16630,,245,89,2022-02-20 14:00:00,,2021,2,4,Leeds,Manchester United,1.74476,2.60999,0,0,1,EPL,8.310344827586206,5.133333333333334
16635,,229,75,2022-02-20 16:30:00,,2021,2,1,Wolverhampton Wanderers,Leicester,0.472777,1.55048,1,0,0,EPL,7.64,26.0
16499,,92,82,2022-02-23 19:30:00,,2021,1,0,Burnley,Tottenham,1.55576,0.691655,1,0,0,EPL,9.5,12.1
16553,,90,78,2022-02-23 19:30:00,,2021,1,4,Watford,Crystal Palace,1.71917,0.818403,0,0,1,EPL,10.92,26.76923076923077
16559,,87,245,2022-02-23 19:45:00,,2021,6,0,Liverpool,Leeds,5.3303,0.141547,1,0,0,EPL,25.58823529411765,11.272727272727273
16566,,83,229,2022-02-24 19:45:00,,2021,2,1,Arsenal,Wolverhampton Wanderers,2.50961,1.10934,1,0,0,EPL,12.857142857142858,9.26923076923077
16644,,74,79,2022-02-25 20:00:00,,2021,2,0,Southampton,Norwich,3.08863,0.424877,1,0,0,EPL,15.714285714285714,9.380952380952381
16642,,245,82,2022-02-26 12:30:00,,2021,0,4,Leeds,Tottenham,1.89569,2.47025,0,0,1,EPL,17.916666666666668,7.945945945945946
16637,,244,86,2022-02-26 15:00:00,,2021,0,2,Brentford,Newcastle United,0.494232,2.25373,0,0,1,EPL,5.631578947368421,11.619047619047619
16640,,78,92,2022-02-26 15:00:00,,2021,1,1,Crystal Palace,Burnley,1.03765,0.255988,0,1,0,EPL,8.333333333333334,21.625
16643,,89,90,2022-02-26 15:00:00,,2021,0,0,Manchester United,Watford,2.41457,0.437185,0,1,0,EPL,15.380952380952381,9.11111111111111
16638,,220,71,2022-02-26 15:30:00,,2021,0,2,Brighton,Aston Villa,0.627107,1.3027,0,0,1,EPL,16.7,6.28
16641,,72,88,2022-02-26 17:30:00,,2021,0,1,Everton,Manchester City,0.770819,1.93422,0,0,1,EPL,6.0,16.136363636363637
16645,,81,229,2022-02-27 14:00:00,,2021,1,0,West Ham,Wolverhampton Wanderers,1.62241,0.892018,1,0,0,EPL,31.0,13.192307692307692
16588,,92,75,2022-03-01 19:45:00,,2021,0,2,Burnley,Leicester,1.04214,1.79558,0,0,1,EPL,7.9523809523809526,8.0
16648,,75,245,2022-03-05 12:30:00,,2021,1,0,Leicester,Leeds,0.359129,2.14389,1,0,0,EPL,11.208333333333334,11.619047619047619
16646,,71,74,2022-03-05 15:00:00,,2021,4,0,Aston Villa,Southampton,2.85379,1.32947,1,0,0,EPL,8.227272727272727,16.88888888888889
16647,,92,80,2022-03-05 15:00:00,,2021,0,4,Burnley,Chelsea,0.849232,2.2868,0,0,1,EPL,10.0,16.133333333333333
16651,,86,220,2022-03-05 15:00:00,,2021,2,1,Newcastle United,Brighton,1.58028,1.64995,1,0,0,EPL,7.388888888888889,17.58823529411765
16652,,79,244,2022-03-05 15:00:00,,2021,1,3,Norwich,Brentford,0.77334,2.22064,0,0,1,EPL,9.48,7.421052631578948
16655,,229,78,2022-03-05 15:00:00,,2021,0,2,Wolverhampton Wanderers,Crystal Palace,0.710865,2.53759,0,0,1,EPL,14.8,4.818181818181818
16649,,87,81,2022-03-05 17:30:00,,2021,1,0,Liverpool,West Ham,2.18865,1.33829,1,0,0,EPL,34.0,10.555555555555555
16654,,90,83,2022-03-06 14:00:00,,2021,2,3,Watford,Arsenal,1.29603,1.00457,0,0,1,EPL,7.193548387096774,15.333333333333334
16650,,88,89,2022-03-06 16:30:00,,2021,4,1,Manchester City,Manchester United,2.74434,0.361782,1,0,0,EPL,22.80952380952381,6.433333333333334
16653,,82,72,2022-03-07 20:00:00,,2021,5,0,Tottenham,Everton,3.24279,0.208263,1,0,0,EPL,21.428571428571427,9.928571428571429
16565,,229,90,2022-03-10 19:30:00,,2021,4,0,Wolverhampton Wanderers,Watford,1.55037,0.498696,1,0,0,EPL,31.2,9.0
16584,,74,86,2022-03-10 19:30:00,,2021,1,2,Southampton,Newcastle United,1.79835,0.812233,0,0,1,EPL,14.636363636363637,8.11111111111111
16672,,79,80,2022-03-10 19:30:00,,2021,1,3,Norwich,Chelsea,0.965723,2.1308,0,0,1,EPL,10.5,27.933333333333334
16572,,245,71,2022-03-10 19:45:00,,2021,0,3,Leeds,Aston Villa,0.194028,1.2729,0,0,1,EPL,11.85,6.542857142857143
16658,,220,87,2022-03-12 12:30:00,,2021,0,2,Brighton,Liverpool,0.629316,2.48312,0,0,1,EPL,9.923076923076923,11.529411764705882
16657,,244,92,2022-03-12 15:00:00,,2021,2,0,Brentford,Burnley,1.82002,0.825311,1,0,0,EPL,16.866666666666667,12.23076923076923
16663,,89,82,2022-03-12 17:30:00,,2021,3,2,Manchester United,Tottenham,1.0181,1.62374,1,0,0,EPL,11.380952380952381,27.0
16659,,80,86,2022-03-13 14:00:00,,2021,1,0,Chelsea,Newcastle United,1.07072,0.246037,1,0,0,EPL,14.666666666666666,4.0
16661,,72,229,2022-03-13 14:00:00,,2021,0,1,Everton,Wolverhampton Wanderers,0.397268,0.712135,0,0,1,EPL,9.125,17.428571428571427
16662,,245,79,2022-03-13 14:00:00,,2021,2,1,Leeds,Norwich,3.11755,1.40148,1,0,0,EPL,11.777777777777779,5.555555555555555
16664,,74,90,2022-03-13 14:00:00,,2021,1,2,Southampton,Watford,1.25696,1.29385,0,0,1,EPL,13.823529411764707,6.555555555555555
16665,,81,71,2022-03-13 14:00:00,,2021,2,1,West Ham,Aston Villa,1.58468,1.05391,1,0,0,EPL,14.647058823529411,16.25
16656,,83,75,2022-03-13 16:30:00,,2021,2,0,Arsenal,Leicester,2.93665,0.54911,1,0,0,EPL,16.473684210526315,22.625
16660,,78,88,2022-03-14 20:00:00,,2021,0,0,Crystal Palace,Manchester City,0.474002,2.04021,0,1,0,EPL,4.290322580645161,32.36363636363637
16528,,220,82,2022-03-16 19:30:00,,2021,0,2,Brighton,Tottenham,1.04171,2.05196,0,0,1,EPL,17.0,10.612903225806452
16636,,83,87,2022-03-16 20:15:00,,2021,0,2,Arsenal,Liverpool,0.534265,1.27681,0,0,1,EPL,11.68,16.25
16571,,72,86,2022-03-17 19:45:00,,2021,1,0,Everton,Newcastle United,0.708809,0.75803,1,0,0,EPL,7.176470588235294,10.636363636363637
16675,,229,245,2022-03-18 20:00:00,,2021,2,3,Wolverhampton Wanderers,Leeds,1.24075,2.82103,0,0,1,EPL,8.366666666666667,13.6
16666,,71,83,2022-03-19 12:30:00,,2021,0,1,Aston Villa,Arsenal,0.309375,1.14522,0,0,1,EPL,13.666666666666666,21.571428571428573
16668,,75,244,2022-03-20 14:00:00,,2021,2,1,Leicester,Brentford,1.27865,1.72466,1,0,0,EPL,15.2,11.043478260869565
16673,,82,81,2022-03-20 16:30:00,,2021,3,1,Tottenham,West Ham,2.54795,0.644964,1,0,0,EPL,24.733333333333334,19.705882352941178
16680,,87,90,2022-04-02 11:30:00,,2021,2,0,Liverpool,Watford,2.23651,0.753307,1,0,0,EPL,28.142857142857142,4.769230769230769
16676,,229,71,2022-04-02 14:00:00,,2021,2,1,Wolverhampton Wanderers,Aston Villa,1.62151,1.91256,1,0,0,EPL,12.090909090909092,12.181818181818182
16681,,245,74,2022-04-02 14:00:00,,2021,1,1,Leeds,Southampton,1.50715,2.06387,0,1,0,EPL,19.846153846153847,6.476190476190476
16683,,80,244,2022-04-02 14:00:00,,2021,1,4,Chelsea,Brentford,1.29014,2.43422,0,0,1,EPL,20.2,7.529411764705882
16684,,92,88,2022-04-02 14:00:00,,2021,0,2,Burnley,Manchester City,0.0591223,1.62008,0,0,1,EPL,12.0,30.333333333333332
16685,,220,79,2022-04-02 14:00:00,,2021,0,0,Brighton,Norwich,2.38297,0.494112,0,1,0,EPL,16.9,6.208333333333333
16679,,89,75,2022-04-02 16:30:00,,2021,1,1,Manchester United,Leicester,0.902127,1.07638,0,1,0,EPL,12.192307692307692,14.894736842105264
16677,,81,72,2022-04-03 13:00:00,,2021,2,1,West Ham,Everton,1.49657,0.657846,1,0,0,EPL,24.846153846153847,29.571428571428573
16678,,82,86,2022-04-03 15:30:00,,2021,5,1,Tottenham,Newcastle United,3.6081,0.538152,1,0,0,EPL,27.133333333333333,13.4375
16682,,78,83,2022-04-04 19:00:00,,2021,3,0,Crystal Palace,Arsenal,1.39707,1.05199,1,0,0,EPL,5.555555555555555,22.375
16558,,92,72,2022-04-06 18:30:00,,2021,3,2,Burnley,Everton,2.24439,2.31574,1,0,0,EPL,5.7272727272727275,3.8181818181818183
16689,,86,229,2022-04-08 19:00:00,,2021,1,0,Newcastle United,Wolverhampton Wanderers,1.43878,0.306867,1,0,0,EPL,10.318181818181818,28.333333333333332
16692,,72,89,2022-04-09 11:30:00,,2021,1,0,Everton,Manchester United,0.357295,0.762357,1,0,0,EPL,6.0,18.6875
16686,,90,245,2022-04-09 14:00:00,,2021,0,3,Watford,Leeds,1.07422,0.895612,0,0,1,EPL,4.5,6.857142857142857
16687,,74,80,2022-04-09 14:00:00,,2021,0,6,Southampton,Chelsea,0.564726,4.39683,0,0,1,EPL,6.208333333333333,24.470588235294116
16695,,83,220,2022-04-09 14:00:00,,2021,1,2,Arsenal,Brighton,2.35153,0.596106,0,0,1,EPL,9.571428571428571,6.5
16694,,71,82,2022-04-09 16:30:00,,2021,0,4,Aston Villa,Tottenham,1.48712,0.983601,0,0,1,EPL,15.142857142857142,10.96551724137931
16688,,79,92,2022-04-10 13:00:00,,2021,2,0,Norwich,Burnley,1.6723,1.44652,1,0,0,EPL,6.578947368421052,13.583333333333334
16691,,75,78,2022-04-10 13:00:00,,2021,2,1,Leicester,Crystal Palace,0.879235,1.52767,1,0,0,EPL,16.15,10.757575757575758
16693,,244,81,2022-04-10 13:00:00,,2021,2,0,Brentford,West Ham,1.85534,0.244824,1,0,0,EPL,20.5,32.45454545454545
16690,,88,87,2022-04-10 15:30:00,,2021,2,2,Manchester City,Liverpool,1.34647,1.29983,0,1,0,EPL,18.85,16.625
16699,,82,220,2022-04-16 11:30:00,,2021,0,1,Tottenham,Brighton,0.58624,0.711155,0,0,1,EPL,10.6,9.892857142857142
16698,,90,244,2022-04-16 14:00:00,,2021,1,2,Watford,Brentford,1.50381,2.12457,0,0,1,EPL,9.68421052631579,7.2592592592592595
16700,,74,83,2022-04-16 14:00:00,,2021,1,0,Southampton,Arsenal,1.04007,1.35002,1,0,0,EPL,7.636363636363637,25.166666666666668
16702,,89,79,2022-04-16 14:00:00,,2021,3,2,Manchester United,Norwich,1.66737,1.79754,1,0,0,EPL,14.15,10.590909090909092
16697,,81,92,2022-04-17 13:15:00,,2021,1,1,West Ham,Burnley,2.79175,1.88137,0,1,0,EPL,16.176470588235293,14.777777777777779
16701,,86,75,2022-04-17 13:15:00,,2021,2,1,Newcastle United,Leicester,2.54294,0.541084,1,0,0,EPL,3.3448275862068964,12.607142857142858
16669,,87,89,2022-04-19 19:00:00,,2021,4,0,Liverpool,Manchester United,2.25967,0.110227,1,0,0,EPL,30.05263157894737,11.944444444444445
16547,,72,75,2022-04-20 18:45:00,,2021,1,1,Everton,Leicester,1.68819,0.786333,0,1,0,EPL,7.3478260869565215,15.73913043478261
16618,,80,83,2022-04-20 18:45:00,,2021,2,4,Chelsea,Arsenal,0.593801,1.87331,0,0,1,EPL,16.476190476190474,8.473684210526315
16671,,86,78,2022-04-20 18:45:00,,2021,1,0,Newcastle United,Crystal Palace,0.767855,0.432788,1,0,0,EPL,5.393939393939394,14.148148148148149
16670,,88,220,2022-04-20 19:00:00,,2021,3,0,Manchester City,Brighton,1.52844,0.117354,1,0,0,EPL,19.833333333333332,8.36
16667,,92,74,2022-04-21 18:45:00,,2021,2,0,Burnley,Southampton,2.14743,1.31837,1,0,0,EPL,9.882352941176471,15.6
16715,,83,89,2022-04-23 11:30:00,,2021,3,1,Arsenal,Manchester United,2.54173,2.04244,1,0,0,EPL,17.625,15.266666666666667
16706,,79,86,2022-04-23 14:00:00,,2021,0,3,Norwich,Newcastle United,0.657661,1.87558,0,0,1,EPL,10.142857142857142,11.25925925925926
16707,,88,90,2022-04-23 14:00:00,,2021,5,1,Manchester City,Watford,3.68,0.42632,1,0,0,EPL,25.133333333333333,4.0
16709,,75,71,2022-04-23 14:00:00,,2021,0,0,Leicester,Aston Villa,0.235635,0.593202,0,1,0,EPL,25.53846153846154,4.56
16714,,244,82,2022-04-23 16:30:00,,2021,0,0,Brentford,Tottenham,1.3153,0.517755,0,1,0,EPL,14.357142857142858,14.875
16711,,80,81,2022-04-24 13:00:00,,2021,1,0,Chelsea,West Ham,2.34959,0.388975,1,0,0,EPL,27.0,9.647058823529411
16712,,92,229,2022-04-24 13:00:00,,2021,1,0,Burnley,Wolverhampton Wanderers,1.27298,0.592902,1,0,0,EPL,6.4,12.642857142857142
16713,,220,74,2022-04-24 13:00:00,,2021,2,2,Brighton,Southampton,1.87343,0.926764,0,1,0,EPL,8.125,6.818181818181818
16708,,87,72,2022-04-24 15:30:00,,2021,2,0,Liverpool,Everton,1.70397,0.424961,1,0,0,EPL,29.153846153846153,3.6
16710,,78,245,2022-04-25 19:00:00,,2021,0,0,Crystal Palace,Leeds,1.61656,0.374044,0,1,0,EPL,6.121951219512195,5.628571428571429
16742,,89,80,2022-04-28 18:45:00,,2021,1,1,Manchester United,Chelsea,0.618456,2.46868,0,1,0,EPL,7.375,22.46153846153846
16721,,86,87,2022-04-30 11:30:00,,2021,0,1,Newcastle United,Liverpool,0.115353,2.73435,0,0,1,EPL,3.6666666666666665,14.545454545454545
16716,,229,220,2022-04-30 14:00:00,,2021,0,3,Wolverhampton Wanderers,Brighton,0.525912,2.90679,0,0,1,EPL,12.347826086956522,16.75
16718,,90,92,2022-04-30 14:00:00,,2021,1,2,Watford,Burnley,0.785742,1.37022,0,0,1,EPL,8.625,8.222222222222221
16720,,74,78,2022-04-30 14:00:00,,2021,1,2,Southampton,Crystal Palace,0.650256,0.756217,0,0,1,EPL,10.642857142857142,10.666666666666666
16725,,71,79,2022-04-30 14:00:00,,2021,2,0,Aston Villa,Norwich,2.31192,0.352212,1,0,0,EPL,14.214285714285714,9.129032258064516
16723,,245,88,2022-04-30 16:30:00,,2021,0,4,Leeds,Manchester City,1.03608,3.01431,0,0,1,EPL,16.5,23.375
16719,,82,75,2022-05-01 13:00:00,,2021,3,1,Tottenham,Leicester,1.65338,0.274133,1,0,0,EPL,11.047619047619047,13.96551724137931
16724,,72,80,2022-05-01 13:00:00,,2021,1,0,Everton,Chelsea,1.11712,1.21141,1,0,0,EPL,4.4375,17.136363636363637
16717,,81,83,2022-05-01 15:30:00,,2021,1,2,West Ham,Arsenal,0.451976,0.964564,0,0,1,EPL,16.63157894736842,17.5
16722,,89,244,2022-05-02 19:00:00,,2021,3,0,Manchester United,Brentford,1.84111,0.681425,1,0,0,EPL,39.45454545454545,15.615384615384615
16730,,78,90,2022-05-07 14:00:00,,2021,1,0,Crystal Palace,Watford,2.49142,0.255373,1,0,0,EPL,12.52,7.529411764705882
16731,,80,229,2022-05-07 14:00:00,,2021,2,2,Chelsea,Wolverhampton Wanderers,1.82098,1.6842,0,1,0,EPL,18.3125,9.636363636363637
16732,,92,71,2022-05-07 14:00:00,,2021,1,3,Burnley,Aston Villa,1.31028,1.81256,0,0,1,EPL,13.894736842105264,9.25
16734,,244,74,2022-05-07 14:00:00,,2021,3,0,Brentford,Southampton,3.68223,0.988574,1,0,0,EPL,9.3125,8.458333333333334
16733,,220,89,2022-05-07 16:30:00,,2021,4,0,Brighton,Manchester United,2.82636,0.930715,1,0,0,EPL,11.733333333333333,12.23076923076923
16728,,87,82,2022-05-07 18:45:00,,2021,1,1,Liverpool,Tottenham,1.0481,0.982635,0,1,0,EPL,22.333333333333332,6.3
16726,,79,81,2022-05-08 13:00:00,,2021,0,4,Norwich,West Ham,0.77895,3.25894,0,0,1,EPL,16.642857142857142,22.57894736842105
16729,,75,72,2022-05-08 13:00:00,,2021,1,2,Leicester,Everton,1.47479,1.55635,0,0,1,EPL,22.533333333333335,7.555555555555555
16735,,83,245,2022-05-08 13:00:00,,2021,2,1,Arsenal,Leeds,2.7227,0.696785,1,0,0,EPL,20.4,8.821428571428571
16727,,88,86,2022-05-08 15:30:00,,2021,5,0,Manchester City,Newcastle United,4.05613,0.995099,1,0,0,EPL,28.0,8.352941176470589
16705,,71,87,2022-05-10 19:00:00,,2021,1,2,Aston Villa,Liverpool,1.44726,1.75417,0,0,1,EPL,6.392857142857143,20.214285714285715
16703,,245,80,2022-05-11 18:30:00,,2021,0,3,Leeds,Chelsea,0.499789,1.46853,0,0,1,EPL,9.846153846153847,21.347826086956523
16582,,75,79,2022-05-11 18:45:00,,2021,3,0,Leicester,Norwich,2.57058,1.21966,1,0,0,EPL,37.0,7.642857142857143
16674,,90,72,2022-05-11 18:45:00,,2021,0,0,Watford,Everton,0.232236,0.812193,0,1,0,EPL,10.392857142857142,18.642857142857142
16696,,229,88,2022-05-11 19:15:00,,2021,1,5,Wolverhampton Wanderers,Manchester City,0.411857,3.39304,0,0,1,EPL,9.25,36.2
16593,,82,83,2022-05-12 18:45:00,,2021,3,0,Tottenham,Arsenal,3.42522,0.387446,1,0,0,EPL,35.3,10.523809523809524
16739,,82,92,2022-05-15 11:00:00,,2021,1,0,Tottenham,Burnley,2.39449,0.629888,1,0,0,EPL,16.136363636363637,9.058823529411764
16736,,229,79,2022-05-15 13:00:00,,2021,1,1,Wolverhampton Wanderers,Norwich,0.999066,1.53212,0,1,0,EPL,22.384615384615383,13.466666666666667
16737,,81,88,2022-05-15 13:00:00,,2021,2,2,West Ham,Manchester City,1.0088,2.14723,0,1,0,EPL,6.769230769230769,36.714285714285715
16738,,90,75,2022-05-15 13:00:00,,2021,1,5,Watford,Leicester,2.58968,2.27297,0,0,1,EPL,8.85,18.72222222222222
16743,,245,220,2022-05-15 13:00:00,,2021,1,1,Leeds,Brighton,2.22282,2.25898,0,1,0,EPL,13.928571428571429,6.76
16745,,71,78,2022-05-15 13:00:00,,2021,1,1,Aston Villa,Crystal Palace,0.799443,1.39009,0,1,0,EPL,8.785714285714286,13.727272727272727
16744,,72,244,2022-05-15 15:30:00,,2021,2,3,Everton,Brentford,2.69589,1.81626,0,0,1,EPL,5.857142857142857,27.545454545454547
16741,,86,83,2022-05-16 19:00:00,,2021,2,0,Newcastle United,Arsenal,1.68299,0.492454,1,0,0,EPL,11.142857142857142,7.260869565217392
16740,,74,87,2022-05-17 18:45:00,,2021,1,2,Southampton,Liverpool,0.121506,1.19178,0,0,1,EPL,7.75,19.0
16704,,72,78,2022-05-19 18:45:00,,2021,3,2,Everton,Crystal Palace,0.813157,1.6023,1,0,0,EPL,7.117647058823529,13.55
16546,,71,92,2022-05-19 19:00:00,,2021,1,1,Aston Villa,Burnley,0.996403,1.63117,0,1,0,EPL,20.0,7.071428571428571
16639,,80,75,2022-05-19 19:00:00,,2021,1,1,Chelsea,Leicester,1.61996,0.0417972,0,1,0,EPL,36.166666666666664,8.88
16746,,83,72,2022-05-22 15:00:00,,2021,5,1,Arsenal,Everton,4.35597,1.08601,1,0,0,EPL,49.666666666666664,4.8
16747,,244,245,2022-05-22 15:00:00,,2021,1,2,Brentford,Leeds,0.844985,1.47786,0,0,1,EPL,13.1,9.80952380952381
16748,,220,81,2022-05-22 15:00:00,,2021,3,1,Brighton,West Ham,1.67774,0.268845,1,0,0,EPL,16.642857142857142,17.285714285714285
16749,,92,86,2022-05-22 15:00:00,,2021,1,2,Burnley,Newcastle United,1.49164,1.74291,0,0,1,EPL,7.473684210526316,21.0
16750,,80,90,2022-05-22 15:00:00,,2021,2,1,Chelsea,Watford,2.59231,0.575755,1,0,0,EPL,30.071428571428573,6.375
16751,,78,89,2022-05-22 15:00:00,,2021,1,0,Crystal Palace,Manchester United,0.354618,0.782005,1,0,0,EPL,5.888888888888889,15.5
16752,,75,74,2022-05-22 15:00:00,,2021,4,1,Leicester,Southampton,3.42058,1.05141,1,0,0,EPL,12.6,12.4375
16753,,87,229,2022-05-22 15:00:00,,2021,3,1,Liverpool,Wolverhampton Wanderers,3.19385,1.11708,1,0,0,EPL,33.36363636363637,10.28
16754,,88,71,2022-05-22 15:00:00,,2021,3,2,Manchester City,Aston Villa,3.3209,0.247841,1,0,0,EPL,23.5,7.294117647058823
16755,,79,82,2022-05-22 15:00:00,,2021,0,5,Norwich,Tottenham,0.310789,3.815,0,0,1,EPL,17.071428571428573,16.791666666666668
18202,,78,83,2022-08-05 19:00:00,,2022,0,2,Crystal Palace,Arsenal,1.20637,1.43601,0,0,1,EPL,12.678571428571429,10.25
18203,,228,87,2022-08-06 11:30:00,,2022,2,2,Fulham,Liverpool,1.26822,2.34111,0,1,0,EPL,6.333333333333333,18.473684210526315
18204,,73,71,2022-08-06 14:00:00,,2022,2,0,Bournemouth,Aston Villa,0.588341,0.488895,1,0,0,EPL,6.608695652173913,11.68
18205,,245,229,2022-08-06 14:00:00,,2022,2,1,Leeds,Wolverhampton Wanderers,0.88917,1.10119,1,0,0,EPL,10.647058823529411,9.285714285714286
18206,,86,249,2022-08-06 14:00:00,,2022,2,0,Newcastle United,Nottingham Forest,1.8591,0.235825,1,0,0,EPL,13.333333333333334,6.08
18207,,82,74,2022-08-06 14:00:00,,2022,4,1,Tottenham,Southampton,1.6172,0.386546,1,0,0,EPL,15.545454545454545,5.7
18208,,72,80,2022-08-06 16:30:00,,2022,0,1,Everton,Chelsea,0.541983,1.92315,0,0,1,EPL,6.1923076923076925,12.0
18209,,89,220,2022-08-07 13:00:00,,2022,1,2,Manchester United,Brighton,1.42103,1.7289,0,0,1,EPL,9.961538461538462,10.090909090909092
18210,,75,244,2022-08-07 13:00:00,,2022,2,2,Leicester,Brentford,0.455695,0.931067,0,1,0,EPL,22.214285714285715,17.705882352941178
18211,,81,88,2022-08-07 15:30:00,,2022,0,2,West Ham,Manchester City,0.246188,2.58739,0,0,1,EPL,25.5,26.0
18212,,71,72,2022-08-13 11:30:00,,2022,2,1,Aston Villa,Everton,2.66696,1.37507,1,0,0,EPL,18.615384615384617,9.304347826086957
18213,,220,86,2022-08-13 14:00:00,,2022,0,0,Brighton,Newcastle United,1.60835,0.183952,0,1,0,EPL,9.294117647058824,6.291666666666667
18214,,88,73,2022-08-13 14:00:00,,2022,4,0,Manchester City,Bournemouth,1.69064,0.123946,1,0,0,EPL,51.166666666666664,12.157894736842104
18215,,74,245,2022-08-13 14:00:00,,2022,2,2,Southampton,Leeds,1.40906,1.99694,0,1,0,EPL,4.852941176470588,13.263157894736842
18216,,229,228,2022-08-13 14:00:00,,2022,0,0,Wolverhampton Wanderers,Fulham,0.975375,1.08813,0,1,0,EPL,14.714285714285714,11.733333333333333
18217,,83,75,2022-08-13 14:00:00,,2022,4,2,Arsenal,Leicester,3.0107,0.690679,1,0,0,EPL,14.0,10.333333333333334
18218,,244,89,2022-08-13 16:30:00,,2022,4,0,Brentford,Manchester United,1.38785,0.896038,1,0,0,EPL,6.6923076923076925,20.4
18219,,249,81,2022-08-14 13:00:00,,2022,1,0,Nottingham Forest,West Ham,1.9717,2.08634,1,0,0,EPL,8.2,10.8125
18220,,80,82,2022-08-14 15:30:00,,2022,2,2,Chelsea,Tottenham,1.83945,1.58708,0,1,0,EPL,12.285714285714286,6.655172413793103
18221,,87,78,2022-08-15 19:00:00,,2022,1,1,Liverpool,Crystal Palace,2.23596,1.64468,0,1,0,EPL,41.27272727272727,3.4146341463414633
18222,,82,229,2022-08-20 11:30:00,,2022,1,0,Tottenham,Wolverhampton Wanderers,1.46608,0.686123,1,0,0,EPL,20.642857142857142,11.6
18223,,78,71,2022-08-20 14:00:00,,2022,3,1,Crystal Palace,Aston Villa,2.91137,0.803828,1,0,0,EPL,7.411764705882353,13.944444444444445
18224,,72,249,2022-08-20 14:00:00,,2022,1,1,Everton,Nottingham Forest,1.43408,0.918315,0,1,0,EPL,15.785714285714286,18.615384615384617
18225,,228,244,2022-08-20 14:00:00,,2022,3,2,Fulham,Brentford,2.89934,1.59352,1,0,0,EPL,11.153846153846153,9.625
18226,,75,74,2022-08-20 14:00:00,,2022,1,2,Leicester,Southampton,0.242948,1.24155,0,0,1,EPL,15.761904761904763,4.806451612903226
18227,,73,83,2022-08-20 16:30:00,,2022,0,3,Bournemouth,Arsenal,0.211335,1.71081,0,0,1,EPL,8.72,15.652173913043478
18228,,245,80,2022-08-21 13:00:00,,2022,3,0,Leeds,Chelsea,2.20971,0.692492,1,0,0,EPL,4.633333333333334,8.5625
18229,,81,220,2022-08-21 13:00:00,,2022,0,2,West Ham,Brighton,0.768634,1.82645,0,0,1,EPL,18.857142857142858,26.1
18230,,86,88,2022-08-21 15:30:00,,2022,3,3,Newcastle United,Manchester City,2.2127,3.67382,0,1,0,EPL,6.777777777777778,12.068965517241379
18231,,89,87,2022-08-22 19:00:00,,2022,2,1,Manchester United,Liverpool,2.01764,1.52301,1,0,0,EPL,6.578947368421052,17.7
18232,,74,89,2022-08-27 11:30:00,,2022,0,1,Southampton,Manchester United,1.35887,1.34359,0,0,1,EPL,8.333333333333334,12.5625
18233,,244,72,2022-08-27 14:00:00,,2022,1,1,Brentford,Everton,2.28391,1.65465,0,1,0,EPL,17.4,11.5
18234,,220,245,2022-08-27 14:00:00,,2022,1,0,Brighton,Leeds,1.60986,1.14874,1,0,0,EPL,5.5,12.35
18235,,80,75,2022-08-27 14:00:00,,2022,2,1,Chelsea,Leicester,1.74916,1.96023,1,0,0,EPL,21.5,11.24
18236,,87,73,2022-08-27 14:00:00,,2022,9,0,Liverpool,Bournemouth,4.86035,0.180991,1,0,0,EPL,29.583333333333332,8.88888888888889
18237,,88,78,2022-08-27 14:00:00,,2022,4,2,Manchester City,Crystal Palace,2.3853,0.091976,1,0,0,EPL,56.0,6.904761904761905
18238,,83,228,2022-08-27 16:30:00,,2022,2,1,Arsenal,Fulham,2.47427,0.926007,1,0,0,EPL,14.863636363636363,5.421052631578948
18239,,71,81,2022-08-28 13:00:00,,2022,0,1,Aston Villa,West Ham,0.304555,0.334589,0,0,1,EPL,17.55,13.5
18240,,229,86,2022-08-28 13:00:00,,2022,1,1,Wolverhampton Wanderers,Newcastle United,1.13248,1.93362,0,1,0,EPL,9.461538461538462,18.923076923076923
18241,,249,82,2022-08-28 15:30:00,,2022,0,2,Nottingham Forest,Tottenham,0.801369,2.44473,0,0,1,EPL,15.11111111111111,9.724137931034482
18242,,228,220,2022-08-30 18:30:00,,2022,2,1,Fulham,Brighton,1.07093,1.75359,1,0,0,EPL,6.6,14.090909090909092
18243,,78,244,2022-08-30 18:30:00,,2022,1,1,Crystal Palace,Brentford,0.777363,1.61808,0,1,0,EPL,14.473684210526315,13.0
18244,,74,80,2022-08-30 18:45:00,,2022,2,1,Southampton,Chelsea,1.44086,1.5047,1,0,0,EPL,3.4074074074074074,12.125
18245,,245,72,2022-08-30 19:00:00,,2022,1,1,Leeds,Everton,1.04551,1.17189,0,1,0,EPL,13.64,5.857142857142857
18246,,88,249,2022-08-31 18:30:00,,2022,6,0,Manchester City,Nottingham Forest,3.83759,0.729752,1,0,0,EPL,46.4,6.391304347826087
18247,,83,71,2022-08-31 18:30:00,,2022,2,1,Arsenal,Aston Villa,2.79971,0.297168,1,0,0,EPL,14.631578947368421,9.882352941176471
18248,,73,229,2022-08-31 18:30:00,,2022,0,0,Bournemouth,Wolverhampton Wanderers,0.362035,1.53246,0,1,0,EPL,6.833333333333333,17.61111111111111
18249,,81,82,2022-08-31 18:45:00,,2022,1,1,West Ham,Tottenham,1.52267,0.723285,0,1,0,EPL,18.9,28.25
18250,,87,86,2022-08-31 19:00:00,,2022,2,1,Liverpool,Newcastle United,1.76119,0.643546,1,0,0,EPL,21.235294117647058,9.916666666666666
18251,,75,89,2022-09-01 19:00:00,,2022,0,1,Leicester,Manchester United,0.615266,1.09969,0,0,1,EPL,22.941176470588236,12.0
18252,,72,87,2022-09-03 11:30:00,,2022,0,0,Everton,Liverpool,1.39169,1.38617,0,1,0,EPL,6.083333333333333,23.09090909090909
18253,,86,78,2022-09-03 14:00:00,,2022,0,0,Newcastle United,Crystal Palace,2.90672,0.920595,0,1,0,EPL,11.866666666666667,6.303030303030303
18254,,249,73,2022-09-03 14:00:00,,2022,2,3,Nottingham Forest,Bournemouth,1.32895,0.905041,0,0,1,EPL,15.6875,13.647058823529411
18255,,82,228,2022-09-03 14:00:00,,2022,2,1,Tottenham,Fulham,2.67823,0.381556,1,0,0,EPL,16.22222222222222,12.052631578947368
18256,,229,74,2022-09-03 14:00:00,,2022,1,0,Wolverhampton Wanderers,Southampton,1.10039,1.20838,1,0,0,EPL,7.517241379310345,9.368421052631579
18257,,244,245,2022-09-03 14:00:00,,2022,5,2,Brentford,Leeds,2.7485,1.796,1,0,0,EPL,3.3548387096774195,6.7
18260,,80,81,2022-09-03 14:00:00,,2022,2,1,Chelsea,West Ham,0.707333,1.4196,1,0,0,EPL,23.357142857142858,9.647058823529411
18258,,71,88,2022-09-03 16:30:00,,2022,1,1,Aston Villa,Manchester City,0.279392,1.92143,0,1,0,EPL,13.545454545454545,43.90909090909091
18259,,220,75,2022-09-04 13:00:00,,2022,5,2,Brighton,Leicester,2.73166,1.06549,1,0,0,EPL,45.0,11.84
18261,,89,83,2022-09-04 15:30:00,,2022,3,1,Manchester United,Arsenal,2.02904,1.42238,1,0,0,EPL,8.444444444444445,16.066666666666666
18272,,71,74,2022-09-16 19:00:00,,2022,1,0,Aston Villa,Southampton,1.34365,0.218302,1,0,0,EPL,8.04,5.948717948717949
18273,,249,228,2022-09-16 19:00:00,,2022,2,3,Nottingham Forest,Fulham,1.41541,1.3496,0,0,1,EPL,12.11111111111111,16.105263157894736
18274,,229,88,2022-09-17 11:30:00,,2022,0,3,Wolverhampton Wanderers,Manchester City,0.310995,1.4242,0,0,1,EPL,14.333333333333334,18.217391304347824
18275,,86,73,2022-09-17 14:00:00,,2022,1,1,Newcastle United,Bournemouth,1.54758,0.976948,0,1,0,EPL,20.357142857142858,4.241379310344827
18278,,82,75,2022-09-17 16:30:00,,2022,6,2,Tottenham,Leicester,1.98619,1.59449,1,0,0,EPL,17.11111111111111,21.214285714285715
18280,,244,83,2022-09-18 11:00:00,,2022,0,3,Brentford,Arsenal,0.54011,1.32021,0,0,1,EPL,10.055555555555555,11.541666666666666
18277,,72,81,2022-09-18 13:15:00,,2022,1,0,Everton,West Ham,0.39773,0.655351,1,0,0,EPL,11.380952380952381,15.461538461538462
18282,,83,82,2022-10-01 11:30:00,,2022,3,1,Arsenal,Tottenham,2.48403,1.5027,1,0,0,EPL,18.46153846153846,10.38888888888889
18283,,73,244,2022-10-01 14:00:00,,2022,0,0,Bournemouth,Brentford,0.758128,1.046,0,1,0,EPL,7.64,19.0625
18284,,78,80,2022-10-01 14:00:00,,2022,1,2,Crystal Palace,Chelsea,0.70987,1.25506,0,0,1,EPL,7.8076923076923075,17.0
18285,,228,86,2022-10-01 14:00:00,,2022,1,4,Fulham,Newcastle United,0.683701,4.67198,0,0,1,EPL,8.166666666666666,32.18181818181818
18288,,87,220,2022-10-01 14:00:00,,2022,3,3,Liverpool,Brighton,2.1515,2.36567,0,1,0,EPL,17.333333333333332,12.95
18290,,74,72,2022-10-01 14:00:00,,2022,1,2,Southampton,Everton,1.95961,1.99979,0,0,1,EPL,14.4375,9.238095238095237
18291,,81,229,2022-10-01 16:30:00,,2022,2,0,West Ham,Wolverhampton Wanderers,1.03934,0.575988,1,0,0,EPL,20.2,21.384615384615383
18289,,88,89,2022-10-02 13:00:00,,2022,6,3,Manchester City,Manchester United,3.01103,1.71335,1,0,0,EPL,19.57894736842105,15.157894736842104
18286,,245,71,2022-10-02 15:30:00,,2022,0,0,Leeds,Aston Villa,0.298626,1.89645,0,1,0,EPL,9.583333333333334,13.333333333333334
18287,,75,249,2022-10-03 19:00:00,,2022,4,0,Leicester,Nottingham Forest,1.2497,1.22169,1,0,0,EPL,21.53846153846154,10.03448275862069
18293,,73,75,2022-10-08 14:00:00,,2022,2,1,Bournemouth,Leicester,1.14891,1.18125,1,0,0,EPL,8.678571428571429,37.55555555555556
18295,,80,229,2022-10-08 14:00:00,,2022,3,0,Chelsea,Wolverhampton Wanderers,2.43092,0.748449,1,0,0,EPL,39.125,11.291666666666666
18298,,88,74,2022-10-08 14:00:00,,2022,4,0,Manchester City,Southampton,2.73536,0.101148,1,0,0,EPL,26.736842105263158,15.133333333333333
18299,,86,244,2022-10-08 14:00:00,,2022,5,1,Newcastle United,Brentford,2.44631,1.13466,1,0,0,EPL,9.15,7.7272727272727275
18294,,220,82,2022-10-08 16:30:00,,2022,0,1,Brighton,Tottenham,0.899735,0.771641,0,0,1,EPL,14.166666666666666,14.333333333333334
18296,,78,245,2022-10-09 13:00:00,,2022,2,1,Crystal Palace,Leeds,1.65194,1.06564,1,0,0,EPL,6.368421052631579,7.105263157894737
18301,,81,228,2022-10-09 13:00:00,,2022,3,1,West Ham,Fulham,3.43676,0.549848,1,0,0,EPL,17.933333333333334,30.77777777777778
18292,,83,87,2022-10-09 15:30:00,,2022,3,2,Arsenal,Liverpool,2.81968,0.765151,1,0,0,EPL,10.875,16.764705882352942
18297,,72,89,2022-10-09 18:00:00,,2022,1,2,Everton,Manchester United,0.365844,1.82612,0,0,1,EPL,8.782608695652174,19.88235294117647
18300,,249,71,2022-10-10 19:00:00,,2022,1,1,Nottingham Forest,Aston Villa,0.221346,0.657187,0,1,0,EPL,7.136363636363637,25.272727272727273
18303,,244,220,2022-10-14 19:00:00,,2022,2,0,Brentford,Brighton,1.90636,2.15668,1,0,0,EPL,3.96,13.0
18306,,75,78,2022-10-15 11:30:00,,2022,0,0,Leicester,Crystal Palace,0.973426,0.346808,0,1,0,EPL,24.357142857142858,7.7105263157894735
18304,,228,73,2022-10-15 14:00:00,,2022,2,2,Fulham,Bournemouth,1.61738,1.62829,0,1,0,EPL,14.95,8.25
18311,,229,249,2022-10-15 14:00:00,,2022,1,0,Wolverhampton Wanderers,Nottingham Forest,1.22368,1.24761,1,0,0,EPL,9.6,10.5
18310,,82,72,2022-10-15 16:30:00,,2022,2,0,Tottenham,Everton,2.49409,0.560039,1,0,0,EPL,25.071428571428573,12.5
18302,,71,80,2022-10-16 13:00:00,,2022,0,2,Aston Villa,Chelsea,2.44542,1.23643,0,0,1,EPL,13.533333333333333,14.037037037037036
18305,,245,83,2022-10-16 13:00:00,,2022,0,1,Leeds,Arsenal,2.02232,0.821757,0,0,1,EPL,10.473684210526315,12.142857142857142
18308,,89,86,2022-10-16 13:00:00,,2022,0,0,Manchester United,Newcastle United,1.41606,0.78815,0,1,0,EPL,13.277777777777779,9.0
18309,,74,81,2022-10-16 13:00:00,,2022,1,1,Southampton,West Ham,0.524479,1.70727,0,1,0,EPL,11.23076923076923,18.0
18307,,87,88,2022-10-16 15:30:00,,2022,1,0,Liverpool,Manchester City,1.9992,0.911493,1,0,0,EPL,12.578947368421053,28.5
18315,,220,249,2022-10-18 18:30:00,,2022,0,0,Brighton,Nottingham Forest,2.10188,0.195003,0,1,0,EPL,20.0,7.764705882352941
18318,,78,229,2022-10-18 19:15:00,,2022,2,1,Crystal Palace,Wolverhampton Wanderers,1.25617,0.857837,1,0,0,EPL,8.366666666666667,7.7272727272727275
18313,,73,74,2022-10-19 18:30:00,,2022,0,1,Bournemouth,Southampton,0.810452,1.23878,0,0,1,EPL,13.65,11.761904761904763
18314,,244,80,2022-10-19 18:30:00,,2022,0,0,Brentford,Chelsea,1.45228,0.557405,0,1,0,EPL,10.5,16.705882352941178
18319,,86,72,2022-10-19 18:30:00,,2022,1,0,Newcastle United,Everton,1.13393,0.0609567,1,0,0,EPL,10.9,9.576923076923077
18320,,87,81,2022-10-19 18:30:00,,2022,1,0,Liverpool,West Ham,2.24066,2.48649,1,0,0,EPL,26.714285714285715,12.76
18321,,89,82,2022-10-19 19:15:00,,2022,2,0,Manchester United,Tottenham,1.70973,0.658526,1,0,0,EPL,18.357142857142858,18.41176470588235
18316,,228,71,2022-10-20 18:30:00,,2022,3,0,Fulham,Aston Villa,2.892,0.711487,1,0,0,EPL,18.6,11.266666666666667
18317,,75,245,2022-10-20 19:15:00,,2022,2,0,Leicester,Leeds,0.655249,1.19464,1,0,0,EPL,8.7,10.678571428571429
18327,,249,87,2022-10-22 11:30:00,,2022,1,0,Nottingham Forest,Liverpool,2.50163,2.19752,1,0,0,EPL,5.45,24.8
18324,,72,78,2022-10-22 14:00:00,,2022,3,0,Everton,Crystal Palace,1.93396,0.597167,1,0,0,EPL,8.583333333333334,9.655172413793103
18326,,88,220,2022-10-22 14:00:00,,2022,3,1,Manchester City,Brighton,1.86239,0.52863,1,0,0,EPL,13.588235294117647,12.0
18323,,80,89,2022-10-22 15:30:00,,2022,1,1,Chelsea,Manchester United,1.20238,0.730935,0,1,0,EPL,16.307692307692307,16.0
18322,,71,244,2022-10-23 13:00:00,,2022,4,0,Aston Villa,Brentford,3.45617,1.00462,1,0,0,EPL,7.363636363636363,7.172413793103448
18325,,245,228,2022-10-23 13:00:00,,2022,2,3,Leeds,Fulham,1.96384,2.47512,0,0,1,EPL,14.68421052631579,6.033333333333333
18328,,74,83,2022-10-23 13:00:00,,2022,1,1,Southampton,Arsenal,0.622653,1.57897,0,1,0,EPL,9.565217391304348,21.066666666666666
18331,,229,75,2022-10-23 13:00:00,,2022,0,4,Wolverhampton Wanderers,Leicester,1.61785,0.989075,0,0,1,EPL,19.529411764705884,24.714285714285715
18329,,82,86,2022-10-23 15:30:00,,2022,1,2,Tottenham,Newcastle United,1.56513,1.1294,0,0,1,EPL,15.055555555555555,8.5
18330,,81,73,2022-10-24 19:00:00,,2022,2,0,West Ham,Bournemouth,1.97715,0.730443,1,0,0,EPL,15.68421052631579,11.318181818181818
18338,,75,88,2022-10-29 11:30:00,,2022,0,1,Leicester,Manchester City,0.693597,0.703827,0,0,1,EPL,14.941176470588236,31.875
18333,,73,82,2022-10-29 14:00:00,,2022,2,3,Bournemouth,Tottenham,0.887533,2.1946,0,0,1,EPL,18.4,20.5625
18334,,244,229,2022-10-29 14:00:00,,2022,1,1,Brentford,Wolverhampton Wanderers,1.29257,0.557605,0,1,0,EPL,12.722222222222221,5.84
18335,,220,80,2022-10-29 14:00:00,,2022,4,1,Brighton,Chelsea,2.881,1.07554,1,0,0,EPL,12.5,22.692307692307693
18336,,78,74,2022-10-29 14:00:00,,2022,1,0,Crystal Palace,Southampton,1.00384,1.35803,1,0,0,EPL,7.3,11.608695652173912
18341,,86,71,2022-10-29 14:00:00,,2022,4,0,Newcastle United,Aston Villa,4.18808,0.270814,1,0,0,EPL,17.5,10.722222222222221
18337,,228,72,2022-10-29 16:30:00,,2022,0,0,Fulham,Everton,1.76438,1.19166,0,1,0,EPL,22.636363636363637,11.15
18339,,87,245,2022-10-29 18:45:00,,2022,1,2,Liverpool,Leeds,1.90889,1.61271,0,0,1,EPL,29.285714285714285,10.916666666666666
18332,,83,249,2022-10-30 14:00:00,,2022,5,0,Arsenal,Nottingham Forest,3.00699,0.206127,1,0,0,EPL,26.25,7.7894736842105265
18340,,89,81,2022-10-30 16:15:00,,2022,1,0,Manchester United,West Ham,1.7514,1.00033,1,0,0,EPL,16.466666666666665,13.5
18345,,245,73,2022-11-05 15:00:00,,2022,4,3,Leeds,Bournemouth,2.22532,1.55594,1,0,0,EPL,15.384615384615385,4.757575757575758
18346,,88,228,2022-11-05 15:00:00,,2022,2,1,Manchester City,Fulham,2.39332,0.843884,1,0,0,EPL,35.46153846153846,12.0625
18347,,249,244,2022-11-05 15:00:00,,2022,2,2,Nottingham Forest,Brentford,1.29696,1.2204,0,1,0,EPL,13.357142857142858,16.235294117647058
18351,,229,220,2022-11-05 15:00:00,,2022,2,3,Wolverhampton Wanderers,Brighton,1.29252,1.87375,0,0,1,EPL,8.928571428571429,21.944444444444443
18344,,72,75,2022-11-05 17:30:00,,2022,0,2,Everton,Leicester,1.3729,2.2679,0,0,1,EPL,15.733333333333333,22.533333333333335
18343,,80,83,2022-11-06 12:00:00,,2022,0,1,Chelsea,Arsenal,0.278815,2.37846,0,0,1,EPL,5.967741935483871,8.551724137931034
18342,,71,89,2022-11-06 14:00:00,,2022,3,1,Aston Villa,Manchester United,0.578563,0.517189,1,0,0,EPL,10.956521739130435,18.0
18348,,74,86,2022-11-06 14:00:00,,2022,1,4,Southampton,Newcastle United,1.65228,1.42101,0,0,1,EPL,14.266666666666667,9.045454545454545
18350,,81,78,2022-11-06 14:00:00,,2022,1,2,West Ham,Crystal Palace,0.192579,1.03344,0,0,1,EPL,31.333333333333332,18.055555555555557
18349,,82,87,2022-11-06 16:30:00,,2022,1,2,Tottenham,Liverpool,1.81736,1.46548,0,0,1,EPL,17.058823529411764,15.458333333333334
18356,,88,244,2022-11-12 12:30:00,,2022,1,2,Manchester City,Brentford,1.605,3.29012,0,0,1,EPL,16.46153846153846,4.2
18352,,73,72,2022-11-12 15:00:00,,2022,3,0,Bournemouth,Everton,2.45642,0.768756,1,0,0,EPL,5.5,22.428571428571427
18355,,87,74,2022-11-12 15:00:00,,2022,3,1,Liverpool,Southampton,2.74418,1.43427,1,0,0,EPL,21.8,20.0
18358,,249,78,2022-11-12 15:00:00,,2022,1,0,Nottingham Forest,Crystal Palace,1.23752,1.14552,1,0,0,EPL,8.2,25.6
18359,,82,245,2022-11-12 15:00:00,,2022,4,3,Tottenham,Leeds,2.58046,1.71731,1,0,0,EPL,21.533333333333335,16.727272727272727
18360,,81,75,2022-11-12 15:00:00,,2022,0,2,West Ham,Leicester,0.720721,1.60566,0,0,1,EPL,11.652173913043478,12.238095238095237
18357,,86,80,2022-11-12 17:30:00,,2022,1,0,Newcastle United,Chelsea,1.3601,0.359105,1,0,0,EPL,10.681818181818182,8.485714285714286
18361,,229,83,2022-11-12 19:45:00,,2022,0,2,Wolverhampton Wanderers,Arsenal,0.512339,2.27996,0,0,1,EPL,13.142857142857142,18.11764705882353
18353,,220,71,2022-11-13 14:00:00,,2022,1,2,Brighton,Aston Villa,0.829107,1.15437,0,0,1,EPL,16.38888888888889,4.96875
18354,,228,89,2022-11-13 16:30:00,,2022,1,2,Fulham,Manchester United,1.70218,3.37664,0,0,1,EPL,20.416666666666668,11.857142857142858
18364,,244,82,2022-12-26 12:30:00,,2022,2,2,Brentford,Tottenham,2.25263,0.883787,0,1,0,EPL,8.8125,11.583333333333334
18366,,78,228,2022-12-26 15:00:00,,2022,0,3,Crystal Palace,Fulham,0.421754,2.69927,0,0,1,EPL,8.678571428571429,18.11111111111111
18367,,72,229,2022-12-26 15:00:00,,2022,1,2,Everton,Wolverhampton Wanderers,1.22653,1.22076,0,0,1,EPL,9.4,8.590909090909092
18369,,75,86,2022-12-26 15:00:00,,2022,0,3,Leicester,Newcastle United,0.31099,1.76382,0,0,1,EPL,23.2,6.966666666666667
18371,,74,220,2022-12-26 15:00:00,,2022,1,3,Southampton,Brighton,1.70709,1.00714,0,0,1,EPL,11.0625,20.227272727272727
18363,,71,87,2022-12-26 17:30:00,,2022,1,3,Aston Villa,Liverpool,1.69155,3.50694,0,0,1,EPL,12.318181818181818,30.0
18362,,83,81,2022-12-26 20:00:00,,2022,3,1,Arsenal,West Ham,1.88828,1.02652,1,0,0,EPL,19.526315789473685,7.576923076923077
18365,,80,73,2022-12-27 17:30:00,,2022,2,0,Chelsea,Bournemouth,1.91378,0.44307,1,0,0,EPL,15.291666666666666,10.470588235294118
18370,,89,249,2022-12-27 20:00:00,,2022,3,0,Manchester United,Nottingham Forest,2.13668,0.477076,1,0,0,EPL,41.625,5.695652173913044
18368,,245,88,2022-12-28 20:00:00,,2022,1,3,Leeds,Manchester City,0.603751,4.16249,0,0,1,EPL,7.9,27.0
18380,,81,244,2022-12-30 19:45:00,,2022,0,2,West Ham,Brentford,1.13979,1.51436,0,0,1,EPL,30.444444444444443,10.0
18375,,87,75,2022-12-30 20:00:00,,2022,2,1,Liverpool,Leicester,2.02463,0.863312,1,0,0,EPL,22.0625,14.65
18381,,229,89,2022-12-31 12:30:00,,2022,0,1,Wolverhampton Wanderers,Manchester United,0.587672,2.44728,0,0,1,EPL,8.73076923076923,11.181818181818182
18372,,73,78,2022-12-31 15:00:00,,2022,0,2,Bournemouth,Crystal Palace,0.895819,1.75264,0,0,1,EPL,9.73076923076923,7.05
18374,,228,74,2022-12-31 15:00:00,,2022,2,1,Fulham,Southampton,1.49305,0.698711,1,0,0,EPL,13.590909090909092,7.523809523809524
18376,,88,72,2022-12-31 15:00:00,,2022,1,1,Manchester City,Everton,2.36333,0.0760019,0,1,0,EPL,33.9,5.0
18377,,86,245,2022-12-31 15:00:00,,2022,0,0,Newcastle United,Leeds,2.78846,0.517099,0,1,0,EPL,9.08695652173913,6.391304347826087
18373,,220,83,2022-12-31 17:30:00,,2022,2,4,Brighton,Arsenal,1.15663,3.22106,0,0,1,EPL,15.5,8.125
18379,,82,71,2023-01-01 14:00:00,,2022,0,2,Tottenham,Aston Villa,0.569383,1.21733,0,0,1,EPL,17.27777777777778,10.272727272727273
18378,,249,80,2023-01-01 16:30:00,,2022,1,1,Nottingham Forest,Chelsea,0.985219,1.37305,0,1,0,EPL,6.136363636363637,19.291666666666668
18384,,244,87,2023-01-02 17:30:00,,2022,3,1,Brentford,Liverpool,2.0991,2.10461,1,0,0,EPL,4.777777777777778,16.11764705882353
18382,,83,86,2023-01-03 19:45:00,,2022,0,0,Arsenal,Newcastle United,0.970637,0.959523,0,1,0,EPL,11.909090909090908,7.466666666666667
18387,,72,220,2023-01-03 19:45:00,,2022,1,4,Everton,Brighton,1.16896,2.50731,0,0,1,EPL,21.2,22.333333333333332
18389,,75,228,2023-01-03 19:45:00,,2022,0,1,Leicester,Fulham,1.45221,1.33493,0,0,1,EPL,15.227272727272727,6.25
18390,,89,73,2023-01-03 20:00:00,,2022,3,0,Manchester United,Bournemouth,2.97383,0.679022,1,0,0,EPL,24.071428571428573,10.761904761904763
18391,,74,249,2023-01-04 19:30:00,,2022,0,1,Southampton,Nottingham Forest,0.62937,1.22324,0,0,1,EPL,11.85,5.565217391304348
18388,,245,81,2023-01-04 19:45:00,,2022,2,2,Leeds,West Ham,1.2577,1.29245,0,1,0,EPL,9.592592592592593,4.260869565217392
18383,,71,229,2023-01-04 20:00:00,,2022,1,1,Aston Villa,Wolverhampton Wanderers,1.03226,0.832522,0,1,0,EPL,13.7,18.692307692307693
18386,,78,82,2023-01-04 20:00:00,,2022,0,4,Crystal Palace,Tottenham,0.787525,1.66514,0,0,1,EPL,14.235294117647058,14.75
18385,,80,88,2023-01-05 20:00:00,,2022,0,1,Chelsea,Manchester City,0.493576,1.71972,0,0,1,EPL,12.76923076923077,13.583333333333334
18262,,228,80,2023-01-12 19:00:00,,2022,2,1,Fulham,Chelsea,0.711266,2.39911,1,0,0,EPL,8.73076923076923,14.590909090909092
18392,,71,245,2023-01-13 20:00:00,,2022,2,1,Aston Villa,Leeds,1.64599,2.46295,1,0,0,EPL,6.219512195121951,7.45
18397,,89,88,2023-01-14 12:30:00,,2022,2,1,Manchester United,Manchester City,1.98228,0.73695,1,0,0,EPL,16.545454545454547,28.8125
18394,,220,87,2023-01-14 15:00:00,,2022,3,0,Brighton,Liverpool,2.40062,1.28853,1,0,0,EPL,15.481481481481481,13.0
18396,,72,74,2023-01-14 15:00:00,,2022,1,2,Everton,Southampton,1.18191,1.08412,0,0,1,EPL,6.84,13.071428571428571
18399,,249,75,2023-01-14 15:00:00,,2022,2,0,Nottingham Forest,Leicester,1.75313,0.803421,1,0,0,EPL,11.625,17.05263157894737
18401,,229,81,2023-01-14 15:00:00,,2022,1,0,Wolverhampton Wanderers,West Ham,0.806232,0.735105,1,0,0,EPL,14.80952380952381,15.307692307692308
18393,,244,73,2023-01-14 17:30:00,,2022,2,0,Brentford,Bournemouth,1.29815,0.269283,1,0,0,EPL,10.142857142857142,13.0
18395,,80,78,2023-01-15 14:00:00,,2022,1,0,Chelsea,Crystal Palace,2.12987,0.837366,1,0,0,EPL,11.5,5.739130434782608
18398,,86,228,2023-01-15 14:00:00,,2022,1,0,Newcastle United,Fulham,1.96256,0.989872,1,0,0,EPL,14.733333333333333,6.166666666666667
18400,,82,83,2023-01-15 16:30:00,,2022,0,2,Tottenham,Arsenal,1.71032,2.04232,0,0,1,EPL,11.5,16.923076923076923
18270,,78,89,2023-01-18 15:30:00,,2022,1,1,Crystal Palace,Manchester United,0.413339,1.39437,0,1,0,EPL,7.958333333333333,13.068965517241379
18267,,88,82,2023-01-19 19:00:00,,2022,4,2,Manchester City,Tottenham,2.34166,1.16499,1,0,0,EPL,19.58823529411765,12.619047619047619
18408,,87,80,2023-01-21 12:30:00,,2022,0,0,Liverpool,Chelsea,1.30125,1.84467,0,1,0,EPL,9.814814814814815,10.5625
18403,,73,249,2023-01-21 15:00:00,,2022,1,1,Bournemouth,Nottingham Forest,1.80549,1.57544,0,1,0,EPL,10.0,19.5
18407,,75,220,2023-01-21 15:00:00,,2022,2,2,Leicester,Brighton,1.35941,1.94491,0,1,0,EPL,9.80952380952381,32.81818181818182
18410,,74,71,2023-01-21 15:00:00,,2022,0,1,Southampton,Aston Villa,0.672444,1.16432,0,0,1,EPL,7.571428571428571,12.035714285714286
18411,,81,72,2023-01-21 15:00:00,,2022,2,0,West Ham,Everton,2.46879,0.286826,1,0,0,EPL,10.526315789473685,21.2
18404,,78,86,2023-01-21 17:30:00,,2022,0,0,Crystal Palace,Newcastle United,0.333154,1.44384,0,1,0,EPL,6.842105263157895,7.870967741935484
18406,,245,244,2023-01-22 14:00:00,,2022,0,0,Leeds,Brentford,0.374736,0.17114,0,1,0,EPL,7.037037037037037,7.260869565217392
18409,,88,229,2023-01-22 14:00:00,,2022,3,0,Manchester City,Wolverhampton Wanderers,3.32757,0.469277,1,0,0,EPL,19.0,20.066666666666666
18402,,83,89,2023-01-22 16:30:00,,2022,3,2,Arsenal,Manchester United,2.90273,0.272246,1,0,0,EPL,13.777777777777779,11.833333333333334
18405,,228,82,2023-01-23 20:00:00,,2022,0,1,Fulham,Tottenham,1.09339,0.993805,0,0,1,EPL,12.952380952380953,9.275862068965518
18415,,80,228,2023-02-03 20:00:00,,2022,0,0,Chelsea,Fulham,1.41471,0.493341,0,1,0,EPL,19.727272727272727,4.2727272727272725
18416,,72,83,2023-02-04 12:30:00,,2022,1,0,Everton,Arsenal,2.09191,0.690102,1,0,0,EPL,5.777777777777778,18.0
18412,,71,75,2023-02-04 15:00:00,,2022,2,4,Aston Villa,Leicester,1.4989,2.49784,0,0,1,EPL,13.333333333333334,7.72
18413,,244,74,2023-02-04 15:00:00,,2022,3,0,Brentford,Southampton,2.36747,0.644385,1,0,0,EPL,8.578947368421053,12.058823529411764
18414,,220,73,2023-02-04 15:00:00,,2022,1,0,Brighton,Bournemouth,2.55696,0.908298,1,0,0,EPL,23.266666666666666,6.947368421052632
18417,,89,78,2023-02-04 15:00:00,,2022,2,1,Manchester United,Crystal Palace,2.07035,1.3798,1,0,0,EPL,16.466666666666665,13.823529411764707
18421,,229,87,2023-02-04 15:00:00,,2022,3,0,Wolverhampton Wanderers,Liverpool,2.63328,1.30193,1,0,0,EPL,11.7,27.818181818181817
18418,,86,81,2023-02-04 17:30:00,,2022,1,1,Newcastle United,West Ham,1.22883,1.27831,0,1,0,EPL,10.576923076923077,8.05
18419,,249,245,2023-02-05 14:00:00,,2022,1,0,Nottingham Forest,Leeds,0.3325,1.12331,1,0,0,EPL,3.3333333333333335,14.428571428571429
18420,,82,88,2023-02-05 16:30:00,,2022,1,0,Tottenham,Manchester City,1.42168,0.773747,1,0,0,EPL,5.8,20.214285714285715
18279,,89,245,2023-02-08 19:00:00,,2022,2,2,Manchester United,Leeds,2.00007,0.554798,0,1,0,EPL,12.222222222222221,5.65
18431,,81,80,2023-02-11 12:30:00,,2022,1,1,West Ham,Chelsea,1.07615,0.900465,0,1,0,EPL,5.65,21.333333333333332
18422,,83,244,2023-02-11 15:00:00,,2022,1,1,Arsenal,Brentford,1.36738,2.17538,0,1,0,EPL,12.0,6.466666666666667
18424,,78,220,2023-02-11 15:00:00,,2022,1,1,Crystal Palace,Brighton,0.928279,2.64981,0,1,0,EPL,3.6333333333333333,21.61904761904762
18425,,228,249,2023-02-11 15:00:00,,2022,2,0,Fulham,Nottingham Forest,1.69704,0.686824,1,0,0,EPL,11.45,11.217391304347826
18427,,75,82,2023-02-11 15:00:00,,2022,4,1,Leicester,Tottenham,1.41208,1.11709,1,0,0,EPL,16.1875,7.073170731707317
18430,,74,229,2023-02-11 15:00:00,,2022,1,2,Southampton,Wolverhampton Wanderers,1.30203,0.615651,0,0,1,EPL,5.947368421052632,8.470588235294118
18423,,73,86,2023-02-11 17:30:00,,2022,1,1,Bournemouth,Newcastle United,1.54458,1.54853,0,1,0,EPL,4.592592592592593,15.5
18426,,245,89,2023-02-12 14:00:00,,2022,0,2,Leeds,Manchester United,1.89163,1.30375,0,0,1,EPL,5.75,11.266666666666667
18429,,88,71,2023-02-12 16:30:00,,2022,3,1,Manchester City,Aston Villa,3.60987,0.275348,1,0,0,EPL,23.6,8.090909090909092
18428,,87,72,2023-02-13 20:00:00,,2022,2,0,Liverpool,Everton,2.23291,0.402331,1,0,0,EPL,14.407407407407407,10.916666666666666
18312,,83,88,2023-02-15 18:30:00,,2022,1,3,Arsenal,Manchester City,1.70139,2.00841,0,0,1,EPL,12.384615384615385,8.777777777777779
18432,,71,83,2023-02-18 12:30:00,,2022,2,4,Aston Villa,Arsenal,0.335752,2.85981,0,0,1,EPL,9.157894736842104,14.68421052631579
18433,,244,78,2023-02-18 15:00:00,,2022,1,1,Brentford,Crystal Palace,0.610105,1.12202,0,1,0,EPL,19.733333333333334,7.32
18434,,220,228,2023-02-18 15:00:00,,2022,0,1,Brighton,Fulham,2.71375,0.224214,0,0,1,EPL,22.058823529411764,6.2
18435,,80,74,2023-02-18 15:00:00,,2022,0,1,Chelsea,Southampton,1.61723,0.619532,0,0,1,EPL,7.119047619047619,5.862068965517241
18436,,72,245,2023-02-18 15:00:00,,2022,1,0,Everton,Leeds,1.53811,0.597403,1,0,0,EPL,12.117647058823529,10.157894736842104
18439,,249,88,2023-02-18 15:00:00,,2022,1,1,Nottingham Forest,Manchester City,1.12735,2.80966,0,1,0,EPL,7.470588235294118,39.625
18441,,229,73,2023-02-18 15:00:00,,2022,0,1,Wolverhampton Wanderers,Bournemouth,0.911415,1.15274,0,0,1,EPL,21.235294117647058,6.6
18438,,86,87,2023-02-18 17:30:00,,2022,0,2,Newcastle United,Liverpool,1.74852,2.16549,0,0,1,EPL,7.076923076923077,41.2
18437,,89,75,2023-02-19 14:00:00,,2022,3,0,Manchester United,Leicester,4.24663,1.39678,1,0,0,EPL,11.586206896551724,10.545454545454545
18440,,82,81,2023-02-19 16:30:00,,2022,2,0,Tottenham,West Ham,1.43042,0.365173,1,0,0,EPL,10.821428571428571,6.592592592592593
18445,,228,229,2023-02-24 20:00:00,,2022,1,1,Fulham,Wolverhampton Wanderers,0.913133,0.997097,0,1,0,EPL,8.655172413793103,9.481481481481481
18444,,72,71,2023-02-25 15:00:00,,2022,0,2,Everton,Aston Villa,1.54109,2.06037,0,0,1,EPL,11.0,7.105263157894737
18446,,245,74,2023-02-25 15:00:00,,2022,1,0,Leeds,Southampton,0.720048,0.391128,1,0,0,EPL,10.961538461538462,5.444444444444445
18447,,75,83,2023-02-25 15:00:00,,2022,0,1,Leicester,Arsenal,0.0203463,0.722059,0,0,1,EPL,7.947368421052632,15.722222222222221
18451,,81,249,2023-02-25 15:00:00,,2022,4,0,West Ham,Nottingham Forest,3.05032,0.350849,1,0,0,EPL,14.692307692307692,10.409090909090908
18442,,73,88,2023-02-25 17:30:00,,2022,1,4,Bournemouth,Manchester City,1.08527,2.98206,0,0,1,EPL,7.571428571428571,32.357142857142854
18443,,78,87,2023-02-25 19:45:00,,2022,0,0,Crystal Palace,Liverpool,0.989086,1.35123,0,1,0,EPL,8.31578947368421,18.681818181818183
18450,,82,80,2023-02-26 13:30:00,,2022,2,0,Tottenham,Chelsea,0.926313,0.262281,1,0,0,EPL,8.033333333333333,11.48
18264,,87,229,2023-03-01 20:00:00,,2022,2,0,Liverpool,Wolverhampton Wanderers,2.70191,0.78681,1,0,0,EPL,8.461538461538462,7.628571428571429
18269,,83,72,2023-03-01 20:00:00,,2022,4,0,Arsenal,Everton,3.06919,1.604,1,0,0,EPL,22.0,7.647058823529412
18458,,88,86,2023-03-04 12:30:00,,2022,2,0,Manchester City,Newcastle United,1.34144,0.359809,1,0,0,EPL,14.545454545454545,10.545454545454545
18452,,83,73,2023-03-04 15:00:00,,2022,3,2,Arsenal,Bournemouth,2.46279,1.74267,1,0,0,EPL,14.2,4.0
18453,,71,78,2023-03-04 15:00:00,,2022,1,0,Aston Villa,Crystal Palace,0.890605,0.152761,1,0,0,EPL,9.405405405405405,8.576923076923077
18455,,220,81,2023-03-04 15:00:00,,2022,4,0,Brighton,West Ham,3.49993,0.250045,1,0,0,EPL,19.363636363636363,10.473684210526315
18456,,80,245,2023-03-04 15:00:00,,2022,1,0,Chelsea,Leeds,1.8678,0.633995,1,0,0,EPL,17.894736842105264,8.44
18461,,229,82,2023-03-04 15:00:00,,2022,1,0,Wolverhampton Wanderers,Tottenham,0.562477,1.25588,1,0,0,EPL,10.521739130434783,19.357142857142858
18460,,74,75,2023-03-04 17:30:00,,2022,1,0,Southampton,Leicester,1.34332,1.67051,1,0,0,EPL,5.964285714285714,13.115384615384615
18459,,249,72,2023-03-05 14:00:00,,2022,2,2,Nottingham Forest,Everton,0.799733,1.70877,0,1,0,EPL,7.909090909090909,6.904761904761905
18457,,87,89,2023-03-05 16:30:00,,2022,7,0,Liverpool,Manchester United,3.44269,0.837542,1,0,0,EPL,13.210526315789474,5.956521739130435
18454,,244,228,2023-03-06 20:00:00,,2022,3,2,Brentford,Fulham,2.44358,1.67531,1,0,0,EPL,4.521739130434782,6.2105263157894735
18462,,73,87,2023-03-11 12:30:00,,2022,1,0,Bournemouth,Liverpool,1.10128,2.13465,1,0,0,EPL,5.0,27.53846153846154
18464,,72,244,2023-03-11 15:00:00,,2022,1,0,Everton,Brentford,1.71599,1.95088,1,0,0,EPL,6.055555555555555,11.5
18466,,245,220,2023-03-11 15:00:00,,2022,2,2,Leeds,Brighton,0.596738,1.51388,0,1,0,EPL,7.88,11.689655172413794
18467,,75,80,2023-03-11 15:00:00,,2022,1,3,Leicester,Chelsea,2.36139,1.49478,0,0,1,EPL,13.181818181818182,10.67741935483871
18470,,82,249,2023-03-11 15:00:00,,2022,3,1,Tottenham,Nottingham Forest,1.73482,1.62805,1,0,0,EPL,16.263157894736842,8.75
18463,,78,88,2023-03-11 17:30:00,,2022,0,1,Crystal Palace,Manchester City,0.185498,2.1884,0,0,1,EPL,5.433333333333334,17.41176470588235
18465,,228,83,2023-03-12 14:00:00,,2022,0,3,Fulham,Arsenal,0.61832,2.64355,0,0,1,EPL,11.043478260869565,17.05
18468,,89,74,2023-03-12 14:00:00,,2022,0,0,Manchester United,Southampton,0.910911,1.18053,0,1,0,EPL,8.92,9.153846153846153
18471,,81,71,2023-03-12 14:00:00,,2022,1,1,West Ham,Aston Villa,2.14634,1.99139,0,1,0,EPL,23.0,12.37037037037037
18469,,86,229,2023-03-12 16:30:00,,2022,2,1,Newcastle United,Wolverhampton Wanderers,2.45527,0.709895,1,0,0,EPL,13.090909090909092,10.652173913043478
18265,,74,244,2023-03-15 19:30:00,,2022,0,2,Southampton,Brentford,0.358977,1.66591,0,0,1,EPL,11.807692307692308,5.4
18276,,220,78,2023-03-15 19:30:00,,2022,1,0,Brighton,Crystal Palace,0.588727,1.21452,1,0,0,EPL,10.5,8.481481481481481
18479,,249,86,2023-03-17 20:00:00,,2022,1,2,Nottingham Forest,Newcastle United,0.531985,2.50027,0,0,1,EPL,4.925925925925926,10.818181818181818
18473,,71,73,2023-03-18 15:00:00,,2022,3,0,Aston Villa,Bournemouth,3.45474,0.50014,1,0,0,EPL,7.771428571428571,8.24
18474,,244,75,2023-03-18 15:00:00,,2022,1,1,Brentford,Leicester,0.476467,1.42133,0,1,0,EPL,9.88,9.133333333333333
18480,,74,82,2023-03-18 15:00:00,,2022,3,3,Southampton,Tottenham,2.52077,1.88473,0,1,0,EPL,7.576923076923077,10.444444444444445
18481,,229,245,2023-03-18 15:00:00,,2022,2,4,Wolverhampton Wanderers,Leeds,2.76358,1.6549,0,0,1,EPL,18.5,4.466666666666667
18476,,80,72,2023-03-18 17:30:00,,2022,2,2,Chelsea,Everton,1.90027,1.64675,0,1,0,EPL,12.958333333333334,7.133333333333334
18472,,83,78,2023-03-19 14:00:00,,2022,4,1,Arsenal,Crystal Palace,1.53568,1.19194,1,0,0,EPL,17.22222222222222,12.6875
18488,,88,87,2023-04-01 11:30:00,,2022,4,1,Manchester City,Liverpool,3.01243,0.318171,1,0,0,EPL,25.444444444444443,11.0
18482,,83,245,2023-04-01 14:00:00,,2022,4,1,Arsenal,Leeds,3.29548,0.497609,1,0,0,EPL,16.8,8.444444444444445
18483,,73,228,2023-04-01 14:00:00,,2022,2,1,Bournemouth,Fulham,3.14054,0.601049,1,0,0,EPL,7.038461538461538,12.041666666666666
18484,,220,244,2023-04-01 14:00:00,,2022,3,3,Brighton,Brentford,3.8195,1.2788,0,1,0,EPL,11.956521739130435,6.3125
18486,,78,75,2023-04-01 14:00:00,,2022,2,1,Crystal Palace,Leicester,1.93471,0.198959,1,0,0,EPL,8.407407407407407,12.952380952380953
18490,,249,229,2023-04-01 14:00:00,,2022,1,1,Nottingham Forest,Wolverhampton Wanderers,1.11441,0.383739,0,1,0,EPL,5.5,16.307692307692307
18485,,80,71,2023-04-01 16:30:00,,2022,0,2,Chelsea,Aston Villa,2.38024,0.765794,0,0,1,EPL,12.291666666666666,4.542857142857143
18491,,81,74,2023-04-02 13:00:00,,2022,1,0,West Ham,Southampton,1.40363,0.318261,1,0,0,EPL,7.758620689655173,8.972972972972974
18489,,86,89,2023-04-02 15:30:00,,2022,2,0,Newcastle United,Manchester United,3.33162,0.334127,1,0,0,EPL,6.230769230769231,7.323529411764706
18487,,72,82,2023-04-03 19:00:00,,2022,1,1,Everton,Tottenham,0.823365,1.39177,0,1,0,EPL,8.61111111111111,12.655172413793103
18263,,75,71,2023-04-04 18:45:00,,2022,1,2,Leicester,Aston Villa,0.671597,1.00159,0,0,1,EPL,10.4,10.222222222222221
18266,,73,220,2023-04-04 18:45:00,,2022,0,2,Bournemouth,Brighton,1.15322,2.63392,0,0,1,EPL,11.0,11.5
18271,,245,249,2023-04-04 18:45:00,,2022,2,1,Leeds,Nottingham Forest,2.43248,0.613917,1,0,0,EPL,10.434782608695652,5.392857142857143
18281,,80,87,2023-04-04 19:00:00,,2022,0,0,Chelsea,Liverpool,2.18903,0.202217,0,1,0,EPL,10.419354838709678,15.75
18268,,81,86,2023-04-05 19:00:00,,2022,1,5,West Ham,Newcastle United,0.83342,2.84091,0,0,1,EPL,6.36,11.583333333333334
18448,,89,244,2023-04-05 19:00:00,,2022,1,0,Manchester United,Brentford,1.1445,0.64499,1,0,0,EPL,17.705882352941178,9.473684210526315
18498,,89,72,2023-04-08 11:30:00,,2022,2,0,Manchester United,Everton,4.38578,0.949183,1,0,0,EPL,12.214285714285714,10.642857142857142
18492,,71,249,2023-04-08 14:00:00,,2022,2,0,Aston Villa,Nottingham Forest,1.42718,0.232452,1,0,0,EPL,12.391304347826088,6.052631578947368
18493,,244,86,2023-04-08 14:00:00,,2022,1,2,Brentford,Newcastle United,2.06521,1.02337,0,0,1,EPL,5.481481481481482,12.5625
18494,,228,81,2023-04-08 14:00:00,,2022,0,1,Fulham,West Ham,0.456524,1.23261,0,0,1,EPL,16.57894736842105,4.277777777777778
18496,,75,73,2023-04-08 14:00:00,,2022,0,1,Leicester,Bournemouth,0.731965,1.92396,0,0,1,EPL,10.681818181818182,12.176470588235293
18500,,82,220,2023-04-08 14:00:00,,2022,2,1,Tottenham,Brighton,0.594139,1.47549,1,0,0,EPL,6.392857142857143,13.571428571428571
18501,,229,80,2023-04-08 14:00:00,,2022,1,0,Wolverhampton Wanderers,Chelsea,0.601153,0.815308,1,0,0,EPL,10.176470588235293,10.035714285714286
18499,,74,88,2023-04-08 16:30:00,,2022,1,4,Southampton,Manchester City,0.492801,3.05999,0,0,1,EPL,8.88888888888889,54.888888888888886
18495,,245,78,2023-04-09 13:00:00,,2022,1,5,Leeds,Crystal Palace,1.02075,3.22687,0,0,1,EPL,11.0,5.186046511627907
18497,,87,83,2023-04-09 15:30:00,,2022,2,2,Liverpool,Arsenal,4.64012,1.53631,0,1,0,EPL,13.238095238095237,7.423076923076923
18502,,71,86,2023-04-15 11:30:00,,2022,3,0,Aston Villa,Newcastle United,1.91802,0.425086,1,0,0,EPL,5.7631578947368425,6.962962962962963
18503,,80,220,2023-04-15 14:00:00,,2022,1,2,Chelsea,Brighton,0.46331,2.52107,0,0,1,EPL,10.375,15.55
18504,,72,228,2023-04-15 14:00:00,,2022,1,3,Everton,Fulham,2.24262,1.92209,0,0,1,EPL,13.466666666666667,13.5625
18508,,74,78,2023-04-15 14:00:00,,2022,0,2,Southampton,Crystal Palace,0.678449,0.86306,0,0,1,EPL,9.090909090909092,8.478260869565217
18509,,82,73,2023-04-15 14:00:00,,2022,2,3,Tottenham,Bournemouth,2.30604,1.20598,0,0,1,EPL,13.157894736842104,8.909090909090908
18511,,229,244,2023-04-15 14:00:00,,2022,2,0,Wolverhampton Wanderers,Brentford,0.93912,1.5133,1,0,0,EPL,12.952380952380953,14.0
18506,,88,75,2023-04-15 16:30:00,,2022,3,1,Manchester City,Leicester,1.60702,1.92692,1,0,0,EPL,21.789473684210527,9.6
18510,,81,83,2023-04-16 13:00:00,,2022,2,2,West Ham,Arsenal,1.96095,2.71782,0,1,0,EPL,6.5,15.8
18507,,249,89,2023-04-16 15:30:00,,2022,0,2,Nottingham Forest,Manchester United,1.05289,3.33747,0,0,1,EPL,6.888888888888889,16.529411764705884
18505,,245,87,2023-04-17 19:00:00,,2022,1,6,Leeds,Liverpool,1.16748,2.65476,0,0,1,EPL,4.28125,32.35294117647059
18512,,83,74,2023-04-21 19:00:00,,2022,3,3,Arsenal,Southampton,2.39609,1.43063,0,1,0,EPL,18.928571428571427,4.16
18517,,228,245,2023-04-22 11:30:00,,2022,2,1,Fulham,Leeds,1.43763,1.07482,1,0,0,EPL,6.3125,12.176470588235293
18514,,244,71,2023-04-22 14:00:00,,2022,1,1,Brentford,Aston Villa,2.03162,1.66602,0,1,0,EPL,8.3125,9.23076923076923
18516,,78,72,2023-04-22 14:00:00,,2022,0,0,Crystal Palace,Everton,0.368137,0.433712,0,1,0,EPL,8.818181818181818,9.4375
18518,,75,229,2023-04-22 14:00:00,,2022,2,1,Leicester,Wolverhampton Wanderers,2.66929,0.59626,1,0,0,EPL,6.482758620689655,14.157894736842104
18519,,87,249,2023-04-22 14:00:00,,2022,3,2,Liverpool,Nottingham Forest,3.32745,0.724666,1,0,0,EPL,32.45454545454545,2.5294117647058822
18513,,73,81,2023-04-23 13:00:00,,2022,0,4,Bournemouth,West Ham,0.974687,2.52322,0,0,1,EPL,14.0,9.352941176470589
18521,,86,82,2023-04-23 13:00:00,,2022,6,1,Newcastle United,Tottenham,3.98532,0.883001,1,0,0,EPL,14.166666666666666,14.176470588235293
18527,,229,78,2023-04-25 18:30:00,,2022,2,0,Wolverhampton Wanderers,Crystal Palace,1.12829,0.580294,1,0,0,EPL,8.75,9.5
18528,,71,228,2023-04-25 18:45:00,,2022,1,0,Aston Villa,Fulham,0.839159,0.079864,1,0,0,EPL,8.125,15.3125
18523,,245,75,2023-04-25 19:00:00,,2022,1,1,Leeds,Leicester,2.09645,2.08594,0,1,0,EPL,5.12,7.275862068965517
18524,,249,220,2023-04-26 18:30:00,,2022,3,1,Nottingham Forest,Brighton,2.43846,2.33064,1,0,0,EPL,4.52,20.35
18526,,81,87,2023-04-26 18:45:00,,2022,1,2,West Ham,Liverpool,0.939348,1.7045,0,0,1,EPL,4.78125,25.842105263157894
18529,,80,244,2023-04-26 18:45:00,,2022,0,2,Chelsea,Brentford,1.21124,0.695344,0,0,1,EPL,14.4,8.333333333333334
18531,,88,83,2023-04-26 19:00:00,,2022,4,1,Manchester City,Arsenal,2.01168,0.398372,1,0,0,EPL,16.842105263157894,10.464285714285714
18522,,72,86,2023-04-27 18:45:00,,2022,1,4,Everton,Newcastle United,0.777008,2.86368,0,0,1,EPL,9.0,11.363636363636363
18530,,74,73,2023-04-27 18:45:00,,2022,0,1,Southampton,Bournemouth,0.477034,0.988554,0,0,1,EPL,10.222222222222221,7.884615384615385
18525,,82,89,2023-04-27 19:15:00,,2022,2,2,Tottenham,Manchester United,2.37239,1.96508,0,1,0,EPL,12.470588235294118,15.285714285714286
18536,,78,81,2023-04-29 11:30:00,,2022,4,3,Crystal Palace,West Ham,2.31888,1.98262,1,0,0,EPL,8.75,7.55
18534,,244,249,2023-04-29 14:00:00,,2022,2,1,Brentford,Nottingham Forest,1.32059,0.939693,1,0,0,EPL,18.75,11.583333333333334
18535,,220,229,2023-04-29 14:00:00,,2022,6,0,Brighton,Wolverhampton Wanderers,3.60471,0.603985,1,0,0,EPL,15.285714285714286,7.133333333333334
18533,,73,245,2023-04-30 13:00:00,,2022,4,1,Bournemouth,Leeds,2.51723,1.33691,1,0,0,EPL,6.870967741935484,12.55
18537,,228,88,2023-04-30 13:00:00,,2022,1,2,Fulham,Manchester City,0.431813,2.32338,0,0,1,EPL,9.333333333333334,18.952380952380953
18540,,89,71,2023-04-30 13:00:00,,2022,1,0,Manchester United,Aston Villa,1.3056,0.434738,1,0,0,EPL,23.642857142857142,9.56
18541,,86,74,2023-04-30 13:00:00,,2022,3,1,Newcastle United,Southampton,3.91457,0.897175,1,0,0,EPL,15.352941176470589,6.08
18539,,87,82,2023-04-30 15:30:00,,2022,4,3,Liverpool,Tottenham,2.42911,1.44927,1,0,0,EPL,27.733333333333334,8.75
18538,,75,72,2023-05-01 19:00:00,,2022,2,2,Leicester,Everton,3.32486,3.28648,0,1,0,EPL,8.692307692307692,7.523809523809524
18532,,83,80,2023-05-02 19:00:00,,2022,3,1,Arsenal,Chelsea,2.7832,0.785202,1,0,0,EPL,23.76923076923077,12.458333333333334
18477,,87,228,2023-05-03 19:00:00,,2022,1,0,Liverpool,Fulham,1.67372,0.740125,1,0,0,EPL,28.416666666666668,9.964285714285714
18478,,88,81,2023-05-03 19:00:00,,2022,3,0,Manchester City,West Ham,2.99908,0.492075,1,0,0,EPL,32.75,6.833333333333333
18475,,220,89,2023-05-04 19:00:00,,2022,1,0,Brighton,Manchester United,2.09953,1.32105,1,0,0,EPL,17.095238095238095,6.642857142857143
18542,,73,80,2023-05-06 14:00:00,,2022,1,3,Bournemouth,Chelsea,1.21755,1.76852,0,0,1,EPL,6.3478260869565215,19.3125
18546,,88,245,2023-05-06 14:00:00,,2022,2,1,Manchester City,Leeds,2.83472,0.140924,1,0,0,EPL,22.842105263157894,7.5
18549,,82,78,2023-05-06 14:00:00,,2022,1,0,Tottenham,Crystal Palace,1.15665,0.306669,1,0,0,EPL,10.793103448275861,7.814814814814815
18551,,229,71,2023-05-06 14:00:00,,2022,1,0,Wolverhampton Wanderers,Aston Villa,0.80605,1.50158,1,0,0,EPL,7.142857142857143,8.357142857142858
18545,,87,244,2023-05-06 16:30:00,,2022,1,0,Liverpool,Brentford,1.992,0.183892,1,0,0,EPL,9.0,7.695652173913044
18547,,86,83,2023-05-07 15:30:00,,2022,0,2,Newcastle United,Arsenal,1.37224,1.29061,0,0,1,EPL,7.961538461538462,8.208333333333334
18550,,81,89,2023-05-07 18:00:00,,2022,1,0,West Ham,Manchester United,1.76618,1.1942,1,0,0,EPL,7.739130434782608,28.846153846153847
18544,,228,75,2023-05-08 14:00:00,,2022,5,3,Fulham,Leicester,1.75276,2.92566,1,0,0,EPL,10.642857142857142,7.296296296296297
18543,,220,72,2023-05-08 16:30:00,,2022,1,5,Brighton,Everton,3.23717,2.94223,0,0,1,EPL,17.05,3.0588235294117645
18548,,249,74,2023-05-08 19:00:00,,2022,4,3,Nottingham Forest,Southampton,1.91326,3.31096,1,0,0,EPL,10.857142857142858,13.0
18558,,245,86,2023-05-13 11:30:00,,2022,2,2,Leeds,Newcastle United,2.01567,2.35118,0,1,0,EPL,3.6206896551724137,7.892857142857143
18553,,71,82,2023-05-13 14:00:00,,2022,2,1,Aston Villa,Tottenham,1.79987,1.18505,1,0,0,EPL,8.875,10.423076923076923
18555,,80,249,2023-05-13 14:00:00,,2022,2,2,Chelsea,Nottingham Forest,0.999181,1.96797,0,1,0,EPL,13.884615384615385,5.15
18556,,78,73,2023-05-13 14:00:00,,2022,2,0,Crystal Palace,Bournemouth,1.40237,0.262022,1,0,0,EPL,13.347826086956522,14.31578947368421
18560,,89,229,2023-05-13 14:00:00,,2022,2,0,Manchester United,Wolverhampton Wanderers,3.10118,0.268789,1,0,0,EPL,13.5,8.580645161290322
18561,,74,228,2023-05-13 14:00:00,,2022,0,2,Southampton,Fulham,0.149649,1.27085,0,0,1,EPL,7.869565217391305,12.777777777777779
18554,,244,81,2023-05-14 13:00:00,,2022,2,0,Brentford,West Ham,4.42571,0.203312,1,0,0,EPL,19.133333333333333,12.947368421052632
18557,,72,88,2023-05-14 13:00:00,,2022,0,3,Everton,Manchester City,1.18597,1.04338,0,0,1,EPL,17.153846153846153,25.4
18552,,83,220,2023-05-14 15:30:00,,2022,0,3,Arsenal,Brighton,0.958651,2.21276,0,0,1,EPL,9.55,10.484848484848484
18559,,75,87,2023-05-15 19:00:00,,2022,0,3,Leicester,Liverpool,0.527496,1.77085,0,0,1,EPL,5.466666666666667,12.166666666666666
18449,,86,220,2023-05-18 18:30:00,,2022,4,1,Newcastle United,Brighton,4.11359,0.593493,1,0,0,EPL,7.0,9.27027027027027
18569,,82,244,2023-05-20 11:30:00,,2022,1,3,Tottenham,Brentford,1.61667,1.15344,0,0,1,EPL,19.625,13.266666666666667
18562,,73,89,2023-05-20 14:00:00,,2022,0,1,Bournemouth,Manchester United,0.815723,1.71783,0,0,1,EPL,13.227272727272727,20.0
18564,,228,78,2023-05-20 14:00:00,,2022,2,2,Fulham,Crystal Palace,1.95519,1.70785,0,1,0,EPL,11.933333333333334,9.136363636363637
18565,,87,71,2023-05-20 14:00:00,,2022,1,1,Liverpool,Aston Villa,0.918508,1.46948,0,1,0,EPL,12.681818181818182,3.0789473684210527
18571,,229,72,2023-05-20 14:00:00,,2022,1,1,Wolverhampton Wanderers,Everton,1.28976,2.46976,0,1,0,EPL,9.03125,8.19047619047619
18568,,249,83,2023-05-20 16:30:00,,2022,1,0,Nottingham Forest,Arsenal,1.1397,0.4902,1,0,0,EPL,2.789473684210526,16.88235294117647
18570,,81,245,2023-05-21 12:30:00,,2022,3,1,West Ham,Leeds,2.48001,0.645828,1,0,0,EPL,9.89655172413793,9.705882352941176
18563,,220,74,2023-05-21 13:00:00,,2022,3,1,Brighton,Southampton,2.41418,0.863659,1,0,0,EPL,19.11111111111111,10.857142857142858
18566,,88,80,2023-05-21 15:00:00,,2022,1,0,Manchester City,Chelsea,1.20557,1.15648,1,0,0,EPL,22.842105263157894,9.695652173913043
18567,,86,75,2023-05-22 19:00:00,,2022,0,0,Newcastle United,Leicester,2.05089,0.0839072,0,1,0,EPL,28.727272727272727,4.1875
18515,,220,88,2023-05-24 19:00:00,,2022,1,1,Brighton,Manchester City,2.11486,1.92973,0,1,0,EPL,13.066666666666666,11.878787878787879
18520,,89,80,2023-05-25 19:00:00,,2022,4,1,Manchester United,Chelsea,4.92231,1.68364,1,0,0,EPL,11.7,14.538461538461538
18572,,83,229,2023-05-28 15:30:00,,2022,5,0,Arsenal,Wolverhampton Wanderers,3.02466,0.38772,1,0,0,EPL,15.928571428571429,12.625
18573,,71,220,2023-05-28 15:30:00,,2022,2,1,Aston Villa,Brighton,2.55845,1.23117,1,0,0,EPL,5.909090909090909,8.32258064516129
18574,,244,88,2023-05-28 15:30:00,,2022,1,0,Brentford,Manchester City,1.43893,1.18649,1,0,0,EPL,14.666666666666666,8.125
18575,,80,86,2023-05-28 15:30:00,,2022,1,1,Chelsea,Newcastle United,2.01924,1.51899,0,1,0,EPL,16.333333333333332,6.724137931034483
18576,,78,249,2023-05-28 15:30:00,,2022,1,1,Crystal Palace,Nottingham Forest,1.00786,0.436439,0,1,0,EPL,16.5625,7.380952380952381
18577,,72,73,2023-05-28 15:30:00,,2022,1,0,Everton,Bournemouth,1.12933,0.432084,1,0,0,EPL,7.45,13.884615384615385
18578,,245,82,2023-05-28 15:30:00,,2022,1,4,Leeds,Tottenham,1.19151,2.03315,0,0,1,EPL,13.733333333333333,8.689655172413794
18579,,75,81,2023-05-28 15:30:00,,2022,2,1,Leicester,West Ham,2.03013,0.970352,1,0,0,EPL,15.65,14.666666666666666
18580,,89,228,2023-05-28 15:30:00,,2022,2,1,Manchester United,Fulham,2.74766,1.88167,1,0,0,EPL,16.875,7.67741935483871
18581,,74,87,2023-05-28 15:30:00,,2022,4,4,Southampton,Liverpool,1.33964,4.00345,0,1,0,EPL,3.75,31.09090909090909
22275,,92,88,2023-08-11 19:00:00,,2023,0,3,Burnley,Manchester City,0.311032,2.40074,0,0,1,EPL,15.8,33.07142857142857
22276,,83,249,2023-08-12 11:30:00,,2023,2,1,Arsenal,Nottingham Forest,0.84262,0.966305,1,0,0,EPL,44.1,4.0
22277,,73,81,2023-08-12 14:00:00,,2023,1,1,Bournemouth,West Ham,1.51025,1.4834,0,1,0,EPL,9.733333333333333,5.111111111111111
22278,,220,256,2023-08-12 14:00:00,,2023,4,1,Brighton,Luton,4.36748,1.88594,1,0,0,EPL,23.0625,6.875
22279,,72,228,2023-08-12 14:00:00,,2023,0,1,Everton,Fulham,2.59001,1.58144,0,0,1,EPL,17.4,14.826086956521738
22280,,238,78,2023-08-12 14:00:00,,2023,0,1,Sheffield United,Crystal Palace,0.422704,2.27616,0,0,1,EPL,4.391304347826087,14.181818181818182
22281,,86,71,2023-08-12 16:30:00,,2023,5,1,Newcastle United,Aston Villa,4.32208,1.486,1,0,0,EPL,11.571428571428571,15.0
22282,,244,82,2023-08-13 13:00:00,,2023,2,2,Brentford,Tottenham,1.90756,1.45316,0,1,0,EPL,5.870967741935484,14.1
22283,,80,87,2023-08-13 15:30:00,,2023,1,1,Chelsea,Liverpool,1.93258,1.29994,0,1,0,EPL,20.047619047619047,8.947368421052632
22284,,89,229,2023-08-14 19:00:00,,2023,1,0,Manchester United,Wolverhampton Wanderers,1.97087,1.72228,1,0,0,EPL,13.5,7.28125
22285,,249,238,2023-08-18 18:45:00,,2023,2,1,Nottingham Forest,Sheffield United,1.37181,0.551038,1,0,0,EPL,12.526315789473685,15.866666666666667
22286,,229,220,2023-08-19 14:00:00,,2023,1,4,Wolverhampton Wanderers,Brighton,2.68821,3.15562,0,0,1,EPL,7.514285714285714,13.625
22287,,228,244,2023-08-19 14:00:00,,2023,0,3,Fulham,Brentford,0.399899,3.46888,0,0,1,EPL,12.789473684210526,10.478260869565217
22288,,87,73,2023-08-19 14:00:00,,2023,3,1,Liverpool,Bournemouth,3.25448,1.3867,1,0,0,EPL,11.125,7.260869565217392
22290,,82,89,2023-08-19 16:30:00,,2023,2,0,Tottenham,Manchester United,2.53904,2.44604,1,0,0,EPL,12.52,9.85
22291,,88,86,2023-08-19 19:00:00,,2023,1,0,Manchester City,Newcastle United,1.22528,0.257154,1,0,0,EPL,15.518518518518519,13.619047619047619
22292,,71,72,2023-08-20 13:00:00,,2023,4,0,Aston Villa,Everton,3.24336,0.721465,1,0,0,EPL,16.73913043478261,17.0
22293,,81,80,2023-08-20 15:30:00,,2023,3,1,West Ham,Chelsea,1.71234,1.60916,1,0,0,EPL,5.2727272727272725,27.0
22294,,78,83,2023-08-21 19:00:00,,2023,0,1,Crystal Palace,Arsenal,1.06916,2.20593,0,0,1,EPL,9.6,14.375
22295,,80,256,2023-08-25 19:00:00,,2023,3,0,Chelsea,Luton,3.41419,0.465741,1,0,0,EPL,19.130434782608695,7.1
22296,,73,82,2023-08-26 11:30:00,,2023,0,2,Bournemouth,Tottenham,0.483582,2.26115,0,0,1,EPL,7.6923076923076925,10.193548387096774
22297,,83,228,2023-08-26 14:00:00,,2023,2,2,Arsenal,Fulham,3.23088,0.849817,0,1,0,EPL,35.55555555555556,8.0
22298,,244,78,2023-08-26 14:00:00,,2023,1,1,Brentford,Crystal Palace,0.948011,1.06061,0,1,0,EPL,12.72,6.4
22299,,72,229,2023-08-26 14:00:00,,2023,0,1,Everton,Wolverhampton Wanderers,1.89792,1.40228,0,0,1,EPL,10.210526315789474,13.041666666666666
22300,,89,249,2023-08-26 14:00:00,,2023,3,2,Manchester United,Nottingham Forest,3.02803,0.960354,1,0,0,EPL,19.846153846153847,8.421052631578947
22301,,220,81,2023-08-26 16:30:00,,2023,1,3,Brighton,West Ham,1.3743,2.9527,0,0,1,EPL,28.3,3.8095238095238093
22302,,92,71,2023-08-27 13:00:00,,2023,1,3,Burnley,Aston Villa,0.630605,2.83691,0,0,1,EPL,24.333333333333332,8.193548387096774
22303,,238,88,2023-08-27 13:00:00,,2023,1,2,Sheffield United,Manchester City,0.762232,3.84804,0,0,1,EPL,6.571428571428571,36.90909090909091
22304,,86,87,2023-08-27 15:30:00,,2023,1,2,Newcastle United,Liverpool,1.62037,0.856121,0,0,1,EPL,16.08695652173913,10.80952380952381
21925,,256,81,2023-09-01 19:00:00,,2023,1,2,Luton,West Ham,2.02244,1.22528,0,0,1,EPL,6.869565217391305,21.3125
21926,,238,72,2023-09-02 11:30:00,,2023,2,2,Sheffield United,Everton,1.575,2.73871,0,1,0,EPL,8.653846153846153,12.8
21927,,88,228,2023-09-02 14:00:00,,2023,5,1,Manchester City,Fulham,2.00152,1.46427,1,0,0,EPL,24.5,7.964285714285714
21928,,244,73,2023-09-02 14:00:00,,2023,2,2,Brentford,Bournemouth,3.07185,2.11013,0,1,0,EPL,14.0,5.708333333333333
21929,,92,82,2023-09-02 14:00:00,,2023,2,5,Burnley,Tottenham,1.66604,2.39785,0,0,1,EPL,12.318181818181818,8.368421052631579
21930,,80,249,2023-09-02 14:00:00,,2023,0,1,Chelsea,Nottingham Forest,2.28442,1.1505,0,0,1,EPL,19.27777777777778,6.2105263157894735
21931,,220,86,2023-09-02 16:30:00,,2023,3,1,Brighton,Newcastle United,1.32258,0.90476,1,0,0,EPL,12.0,10.11111111111111
21932,,78,229,2023-09-03 13:00:00,,2023,3,2,Crystal Palace,Wolverhampton Wanderers,2.32935,1.13911,1,0,0,EPL,6.586206896551724,11.84
21933,,87,71,2023-09-03 13:00:00,,2023,3,0,Liverpool,Aston Villa,2.73138,0.615503,1,0,0,EPL,67.875,8.551724137931034
21934,,83,89,2023-09-03 15:30:00,,2023,3,1,Arsenal,Manchester United,1.90973,0.966109,1,0,0,EPL,26.1,19.4375
21935,,229,87,2023-09-16 11:30:00,,2023,1,3,Wolverhampton Wanderers,Liverpool,0.538833,2.82701,0,0,1,EPL,10.0,18.363636363636363
21936,,82,238,2023-09-16 14:00:00,,2023,2,1,Tottenham,Sheffield United,2.15909,0.790655,1,0,0,EPL,14.571428571428571,4.75
21937,,81,88,2023-09-16 14:00:00,,2023,1,3,West Ham,Manchester City,0.895632,4.15046,0,0,1,EPL,11.4,42.25
21938,,71,78,2023-09-16 14:00:00,,2023,3,1,Aston Villa,Crystal Palace,2.31518,1.11696,1,0,0,EPL,9.533333333333333,4.548387096774194
21939,,228,256,2023-09-16 14:00:00,,2023,1,0,Fulham,Luton,1.75704,1.45705,1,0,0,EPL,38.916666666666664,6.611111111111111
21940,,89,220,2023-09-16 14:00:00,,2023,1,3,Manchester United,Brighton,0.719951,1.93908,0,0,1,EPL,13.136363636363637,22.47826086956522
21943,,86,244,2023-09-16 16:30:00,,2023,1,0,Newcastle United,Brentford,1.50126,0.633678,1,0,0,EPL,7.962962962962963,7.6521739130434785
21942,,73,80,2023-09-17 13:00:00,,2023,0,0,Bournemouth,Chelsea,1.32515,1.39677,0,1,0,EPL,5.714285714285714,16.333333333333332
21941,,72,83,2023-09-17 15:30:00,,2023,0,1,Everton,Arsenal,0.28317,0.802605,0,0,1,EPL,7.0,23.764705882352942
21944,,249,92,2023-09-18 18:45:00,,2023,1,1,Nottingham Forest,Burnley,0.705795,0.807651,0,1,0,EPL,9.0,15.25
21945,,256,229,2023-09-23 14:00:00,,2023,1,1,Luton,Wolverhampton Wanderers,2.24101,0.762984,0,1,0,EPL,12.4,6.821428571428571
21946,,88,249,2023-09-23 14:00:00,,2023,2,0,Manchester City,Nottingham Forest,1.33984,0.729109,1,0,0,EPL,14.157894736842104,21.0
21948,,78,228,2023-09-23 14:00:00,,2023,0,0,Crystal Palace,Fulham,0.37236,0.542678,0,1,0,EPL,9.166666666666666,14.055555555555555
21949,,244,72,2023-09-23 16:30:00,,2023,1,3,Brentford,Everton,1.57402,2.51497,0,0,1,EPL,14.36,14.0
21950,,92,89,2023-09-23 19:00:00,,2023,0,1,Burnley,Manchester United,0.935444,0.840273,0,0,1,EPL,20.842105263157894,17.923076923076923
21947,,80,71,2023-09-24 13:00:00,,2023,0,1,Chelsea,Aston Villa,1.19716,1.13479,0,0,1,EPL,21.76923076923077,8.84
21951,,220,73,2023-09-24 13:00:00,,2023,3,1,Brighton,Bournemouth,2.14533,1.58984,1,0,0,EPL,10.057142857142857,5.571428571428571
21952,,83,82,2023-09-24 13:00:00,,2023,2,2,Arsenal,Tottenham,2.3429,2.21166,0,1,0,EPL,6.678571428571429,9.096774193548388
21953,,87,81,2023-09-24 13:00:00,,2023,3,1,Liverpool,West Ham,4.14262,1.53878,1,0,0,EPL,18.4,6.057142857142857
21954,,238,86,2023-09-24 15:30:00,,2023,0,8,Sheffield United,Newcastle United,0.579392,5.1082,0,0,1,EPL,8.733333333333333,14.92
21955,,71,220,2023-09-30 11:30:00,,2023,6,1,Aston Villa,Brighton,1.90746,1.72819,1,0,0,EPL,4.294117647058823,9.727272727272727
21956,,72,256,2023-09-30 14:00:00,,2023,1,2,Everton,Luton,3.65377,1.5102,0,0,1,EPL,12.5,5.6
21957,,89,78,2023-09-30 14:00:00,,2023,0,1,Manchester United,Crystal Palace,1.55408,1.19015,0,0,1,EPL,20.94736842105263,3.6551724137931036
21958,,86,92,2023-09-30 14:00:00,,2023,2,0,Newcastle United,Burnley,3.08516,0.801849,1,0,0,EPL,18.22222222222222,10.666666666666666
21959,,73,83,2023-09-30 14:00:00,,2023,0,4,Bournemouth,Arsenal,0.644443,4.0742,0,0,1,EPL,5.964285714285714,15.0
21960,,81,238,2023-09-30 14:00:00,,2023,2,0,West Ham,Sheffield United,3.19753,0.911997,1,0,0,EPL,21.266666666666666,14.125
21961,,229,88,2023-09-30 14:00:00,,2023,2,1,Wolverhampton Wanderers,Manchester City,0.673985,0.98075,1,0,0,EPL,5.321428571428571,16.076923076923077
21962,,82,87,2023-09-30 16:30:00,,2023,2,1,Tottenham,Liverpool,2.18823,1.12299,1,0,0,EPL,16.0,7.517241379310345
21963,,249,244,2023-10-01 13:00:00,,2023,1,1,Nottingham Forest,Brentford,0.800317,1.75862,0,1,0,EPL,15.642857142857142,40.875
21964,,228,80,2023-10-02 19:00:00,,2023,0,2,Fulham,Chelsea,0.889383,1.98461,0,0,1,EPL,14.44,10.551724137931034
22289,,256,92,2023-10-03 18:30:00,,2023,1,2,Luton,Burnley,1.53058,0.920206,0,0,1,EPL,8.0,12.846153846153847
21971,,256,82,2023-10-07 11:30:00,,2023,0,1,Luton,Tottenham,0.848118,2.37947,0,0,1,EPL,4.714285714285714,12.0
21967,,92,80,2023-10-07 14:00:00,,2023,1,4,Burnley,Chelsea,0.956642,1.97566,0,0,1,EPL,7.828571428571428,22.95
21969,,72,73,2023-10-07 14:00:00,,2023,3,0,Everton,Bournemouth,3.16482,0.981732,1,0,0,EPL,8.681818181818182,7.147058823529412
21970,,228,238,2023-10-07 14:00:00,,2023,3,1,Fulham,Sheffield United,2.26612,0.251809,1,0,0,EPL,10.521739130434783,6.222222222222222
21972,,89,244,2023-10-07 14:00:00,,2023,2,1,Manchester United,Brentford,1.29356,1.02509,1,0,0,EPL,8.434782608695652,8.55
21968,,78,249,2023-10-07 16:30:00,,2023,0,0,Crystal Palace,Nottingham Forest,0.982452,1.22105,0,1,0,EPL,14.090909090909092,16.58823529411765
21966,,220,87,2023-10-08 13:00:00,,2023,2,2,Brighton,Liverpool,2.23187,2.51029,0,1,0,EPL,7.694444444444445,15.428571428571429
21973,,81,86,2023-10-08 13:00:00,,2023,2,2,West Ham,Newcastle United,0.931345,1.97865,0,1,0,EPL,6.304347826086956,25.642857142857142
21974,,229,71,2023-10-08 13:00:00,,2023,1,1,Wolverhampton Wanderers,Aston Villa,1.76232,1.81618,0,1,0,EPL,14.866666666666667,11.380952380952381
21965,,83,88,2023-10-08 15:30:00,,2023,1,0,Arsenal,Manchester City,0.386558,0.858071,1,0,0,EPL,15.368421052631579,12.571428571428571
21979,,87,72,2023-10-21 11:30:00,,2023,2,0,Liverpool,Everton,2.28568,0.0937725,1,0,0,EPL,29.153846153846153,3.3461538461538463
21975,,73,229,2023-10-21 14:00:00,,2023,1,2,Bournemouth,Wolverhampton Wanderers,1.01839,2.30454,0,0,1,EPL,6.476190476190476,14.19047619047619
21977,,244,92,2023-10-21 14:00:00,,2023,3,0,Brentford,Burnley,3.15685,0.693129,1,0,0,EPL,14.666666666666666,9.678571428571429
21980,,88,220,2023-10-21 14:00:00,,2023,2,1,Manchester City,Brighton,0.962509,0.963733,1,0,0,EPL,14.652173913043478,14.583333333333334
21981,,86,78,2023-10-21 14:00:00,,2023,4,0,Newcastle United,Crystal Palace,3.73336,1.08795,1,0,0,EPL,12.607142857142858,12.0
21982,,249,256,2023-10-21 14:00:00,,2023,2,2,Nottingham Forest,Luton,3.27549,1.49555,0,1,0,EPL,16.22222222222222,8.88888888888889
21978,,80,83,2023-10-21 16:30:00,,2023,2,2,Chelsea,Arsenal,1.71838,1.05791,0,1,0,EPL,9.3,31.363636363636363
21983,,238,89,2023-10-21 19:00:00,,2023,1,2,Sheffield United,Manchester United,1.41074,1.46187,0,0,1,EPL,12.272727272727273,14.095238095238095
21976,,71,81,2023-10-22 15:30:00,,2023,4,1,Aston Villa,West Ham,2.34143,0.659622,1,0,0,EPL,14.421052631578947,11.823529411764707
21984,,82,228,2023-10-23 19:00:00,,2023,2,0,Tottenham,Fulham,1.63523,0.745838,1,0,0,EPL,13.678571428571429,12.347826086956522
21990,,78,82,2023-10-27 19:00:00,,2023,1,2,Crystal Palace,Tottenham,0.561834,0.989103,0,0,1,EPL,4.130434782608695,13.911764705882353
21989,,80,244,2023-10-28 11:30:00,,2023,0,2,Chelsea,Brentford,1.71801,2.48137,0,0,1,EPL,20.76923076923077,6.0344827586206895
21985,,73,92,2023-10-28 14:00:00,,2023,2,1,Bournemouth,Burnley,1.10052,0.90255,1,0,0,EPL,11.333333333333334,9.3
21986,,83,238,2023-10-28 14:00:00,,2023,5,0,Arsenal,Sheffield United,3.03496,0.0281554,1,0,0,EPL,30.923076923076923,11.9375
21994,,229,86,2023-10-28 16:30:00,,2023,2,2,Wolverhampton Wanderers,Newcastle United,0.863393,2.31987,0,1,0,EPL,7.233333333333333,11.821428571428571
21993,,81,72,2023-10-29 13:00:00,,2023,0,1,West Ham,Everton,0.618578,0.733813,0,0,1,EPL,15.076923076923077,12.9375
21987,,71,256,2023-10-29 14:00:00,,2023,3,1,Aston Villa,Luton,3.07654,0.453117,1,0,0,EPL,24.647058823529413,13.4
21988,,220,228,2023-10-29 14:00:00,,2023,1,1,Brighton,Fulham,1.31996,0.552523,0,1,0,EPL,19.655172413793103,7.625
21991,,87,249,2023-10-29 14:00:00,,2023,3,0,Liverpool,Nottingham Forest,2.70428,0.642014,1,0,0,EPL,31.285714285714285,7.947368421052632
21992,,89,88,2023-10-29 15:30:00,,2023,0,3,Manchester United,Manchester City,0.714628,4.54595,0,0,1,EPL,19.083333333333332,21.214285714285715
21998,,228,89,2023-11-04 12:30:00,,2023,0,1,Fulham,Manchester United,1.18241,0.697095,0,0,1,EPL,8.363636363636363,16.933333333333334
21995,,244,81,2023-11-04 15:00:00,,2023,3,2,Brentford,West Ham,1.82944,1.75505,1,0,0,EPL,13.304347826086957,12.0
21996,,92,78,2023-11-04 15:00:00,,2023,0,2,Burnley,Crystal Palace,1.4998,1.43653,0,0,1,EPL,25.357142857142858,8.0
21997,,72,220,2023-11-04 15:00:00,,2023,1,1,Everton,Brighton,0.617607,0.442489,0,1,0,EPL,9.333333333333334,41.07692307692308
22000,,88,73,2023-11-04 15:00:00,,2023,6,1,Manchester City,Bournemouth,2.39949,0.643127,1,0,0,EPL,29.076923076923077,21.5
22003,,238,229,2023-11-04 15:00:00,,2023,2,1,Sheffield United,Wolverhampton Wanderers,1.10165,1.14803,1,0,0,EPL,24.0,9.6875
22001,,86,83,2023-11-04 17:30:00,,2023,1,0,Newcastle United,Arsenal,1.12355,0.535473,1,0,0,EPL,8.95,8.125
22002,,249,71,2023-11-05 14:00:00,,2023,2,0,Nottingham Forest,Aston Villa,0.592447,1.33116,1,0,0,EPL,7.2105263157894735,27.166666666666668
21999,,256,87,2023-11-05 16:30:00,,2023,1,1,Luton,Liverpool,1.3411,3.03925,0,1,0,EPL,3.769230769230769,21.705882352941178
22004,,82,80,2023-11-06 20:00:00,,2023,1,4,Tottenham,Chelsea,0.959108,4.05865,0,0,1,EPL,5.5,10.0
22014,,229,82,2023-11-11 12:30:00,,2023,2,1,Wolverhampton Wanderers,Tottenham,1.90884,0.432315,1,0,0,EPL,8.827586206896552,10.297297297297296
22006,,83,92,2023-11-11 15:00:00,,2023,3,1,Arsenal,Burnley,2.63194,0.327706,1,0,0,EPL,19.692307692307693,9.842105263157896
22010,,78,72,2023-11-11 15:00:00,,2023,2,3,Crystal Palace,Everton,1.89194,1.7904,0,0,1,EPL,14.48,6.2
22012,,89,256,2023-11-11 15:00:00,,2023,1,0,Manchester United,Luton,2.74105,0.408265,1,0,0,EPL,20.307692307692307,8.19047619047619
22005,,73,86,2023-11-11 17:30:00,,2023,2,0,Bournemouth,Newcastle United,2.78424,0.306141,1,0,0,EPL,23.1,9.555555555555555
22007,,71,228,2023-11-12 14:00:00,,2023,3,1,Aston Villa,Fulham,2.86039,0.648745,1,0,0,EPL,9.457142857142857,16.444444444444443
22008,,220,238,2023-11-12 14:00:00,,2023,1,1,Brighton,Sheffield United,1.08601,0.84434,0,1,0,EPL,12.515151515151516,12.5625
22011,,87,244,2023-11-12 14:00:00,,2023,3,0,Liverpool,Brentford,1.56004,1.44954,1,0,0,EPL,10.590909090909092,6.592592592592593
22013,,81,249,2023-11-12 14:00:00,,2023,3,2,West Ham,Nottingham Forest,2.06402,1.42128,1,0,0,EPL,18.88235294117647,15.8125
22009,,80,88,2023-11-12 16:30:00,,2023,4,4,Chelsea,Manchester City,3.47238,3.19324,0,1,0,EPL,12.208333333333334,17.875
22020,,88,87,2023-11-25 12:30:00,,2023,1,1,Manchester City,Liverpool,1.79622,0.766278,0,1,0,EPL,23.0,11.714285714285714
22016,,92,81,2023-11-25 15:00:00,,2023,1,2,Burnley,West Ham,1.44228,1.36963,0,0,1,EPL,22.857142857142858,10.72
22019,,256,78,2023-11-25 15:00:00,,2023,2,1,Luton,Crystal Palace,0.996153,1.83546,1,0,0,EPL,6.461538461538462,13.130434782608695
22021,,86,80,2023-11-25 15:00:00,,2023,4,1,Newcastle United,Chelsea,2.15227,0.968061,1,0,0,EPL,9.74074074074074,9.444444444444445
22022,,249,220,2023-11-25 15:00:00,,2023,2,3,Nottingham Forest,Brighton,2.22655,1.21792,0,0,1,EPL,17.571428571428573,26.0
22023,,238,73,2023-11-25 15:00:00,,2023,1,3,Sheffield United,Bournemouth,0.816227,3.13975,0,0,1,EPL,17.545454545454547,10.576923076923077
22015,,244,83,2023-11-25 17:30:00,,2023,0,1,Brentford,Arsenal,1.66315,1.82699,0,0,1,EPL,7.666666666666667,8.523809523809524
22024,,82,71,2023-11-26 14:00:00,,2023,1,2,Tottenham,Aston Villa,2.22542,2.39755,0,0,1,EPL,18.6,9.375
22017,,72,89,2023-11-26 16:30:00,,2023,0,3,Everton,Manchester United,2.49764,2.07334,0,0,1,EPL,13.75,10.458333333333334
22018,,228,229,2023-11-27 20:00:00,,2023,3,2,Fulham,Wolverhampton Wanderers,2.49057,1.57875,1,0,0,EPL,34.63636363636363,8.548387096774194
22026,,83,229,2023-12-02 15:00:00,,2023,2,1,Arsenal,Wolverhampton Wanderers,3.30368,1.07886,1,0,0,EPL,17.058823529411764,8.625
22027,,244,256,2023-12-02 15:00:00,,2023,3,1,Brentford,Luton,3.25952,0.227176,1,0,0,EPL,30.0,4.862068965517241
22028,,92,238,2023-12-02 15:00:00,,2023,5,0,Burnley,Sheffield United,2.60469,0.618131,1,0,0,EPL,15.277777777777779,11.411764705882353
22033,,249,72,2023-12-02 17:30:00,,2023,0,1,Nottingham Forest,Everton,0.673085,0.623789,0,0,1,EPL,13.0,9.0625
22032,,86,89,2023-12-02 20:00:00,,2023,1,0,Newcastle United,Manchester United,2.90191,0.422674,1,0,0,EPL,15.666666666666666,8.5
22025,,73,71,2023-12-03 14:00:00,,2023,2,2,Bournemouth,Aston Villa,2.54937,0.89511,0,1,0,EPL,4.75,7.735294117647059
22029,,80,220,2023-12-03 14:00:00,,2023,3,2,Chelsea,Brighton,1.66304,0.855058,1,0,0,EPL,7.083333333333333,22.4375
22030,,87,228,2023-12-03 14:00:00,,2023,4,3,Liverpool,Fulham,2.72831,1.51005,1,0,0,EPL,14.291666666666666,8.347826086956522
22034,,81,78,2023-12-03 14:00:00,,2023,1,1,West Ham,Crystal Palace,1.1466,0.987682,0,1,0,EPL,14.863636363636363,9.916666666666666
22031,,88,82,2023-12-03 16:30:00,,2023,3,3,Manchester City,Tottenham,2.90729,0.433077,0,1,0,EPL,21.692307692307693,14.130434782608695
22042,,229,92,2023-12-05 19:30:00,,2023,1,0,Wolverhampton Wanderers,Burnley,1.11886,0.781542,1,0,0,EPL,11.56,11.368421052631579
22039,,256,83,2023-12-05 20:15:00,,2023,3,4,Luton,Arsenal,0.526254,2.58815,0,0,1,EPL,6.08,15.521739130434783
22036,,220,244,2023-12-06 19:30:00,,2023,2,1,Brighton,Brentford,1.54099,1.22007,1,0,0,EPL,11.461538461538462,8.958333333333334
22038,,228,249,2023-12-06 19:30:00,,2023,5,0,Fulham,Nottingham Forest,3.09427,0.218659,1,0,0,EPL,20.842105263157894,10.91304347826087
22040,,238,87,2023-12-06 19:30:00,,2023,0,2,Sheffield United,Liverpool,0.834172,1.80116,0,0,1,EPL,3.1666666666666665,25.928571428571427
22043,,78,73,2023-12-06 19:30:00,,2023,0,2,Crystal Palace,Bournemouth,1.26441,1.79997,0,0,1,EPL,9.419354838709678,7.565217391304348
22035,,71,88,2023-12-06 20:15:00,,2023,1,0,Aston Villa,Manchester City,2.1922,1.00198,1,0,0,EPL,9.035714285714286,13.73913043478261
22044,,89,80,2023-12-06 20:15:00,,2023,2,1,Manchester United,Chelsea,4.03949,2.3512,1,0,0,EPL,11.222222222222221,14.73913043478261
22037,,72,86,2023-12-07 19:30:00,,2023,3,0,Everton,Newcastle United,2.95393,1.29564,1,0,0,EPL,12.083333333333334,9.0
22041,,82,81,2023-12-07 20:15:00,,2023,1,2,Tottenham,West Ham,1.61268,1.7409,0,0,1,EPL,18.470588235294116,4.206896551724138
22047,,78,87,2023-12-09 12:30:00,,2023,1,2,Crystal Palace,Liverpool,1.79152,1.3708,0,0,1,EPL,3.1904761904761907,16.0
22046,,220,92,2023-12-09 15:00:00,,2023,1,1,Brighton,Burnley,2.96247,1.05162,0,1,0,EPL,29.214285714285715,7.619047619047619
22051,,89,73,2023-12-09 15:00:00,,2023,0,3,Manchester United,Bournemouth,1.11296,1.9742,0,0,1,EPL,13.916666666666666,6.409090909090909
22052,,238,244,2023-12-09 15:00:00,,2023,1,0,Sheffield United,Brentford,0.841976,0.644638,1,0,0,EPL,7.35,12.181818181818182
22054,,229,249,2023-12-09 15:00:00,,2023,1,1,Wolverhampton Wanderers,Nottingham Forest,1.02199,1.21801,0,1,0,EPL,18.857142857142858,8.777777777777779
22045,,71,83,2023-12-09 17:30:00,,2023,1,0,Aston Villa,Arsenal,0.628499,1.71667,1,0,0,EPL,5.346153846153846,9.620689655172415
22048,,72,80,2023-12-10 14:00:00,,2023,2,0,Everton,Chelsea,1.11437,0.885512,1,0,0,EPL,4.48,14.535714285714286
22049,,228,81,2023-12-10 14:00:00,,2023,5,0,Fulham,West Ham,2.1884,0.983,1,0,0,EPL,20.208333333333332,18.6
22050,,256,88,2023-12-10 14:00:00,,2023,1,2,Luton,Manchester City,0.689037,2.23353,0,0,1,EPL,9.5625,10.607142857142858
22053,,82,86,2023-12-10 16:30:00,,2023,4,1,Tottenham,Newcastle United,4.40118,1.61368,1,0,0,EPL,8.5,7.3
22063,,249,82,2023-12-15 20:00:00,,2023,0,2,Nottingham Forest,Tottenham,1.70569,1.60738,0,0,1,EPL,7.0,10.857142857142858
22059,,80,238,2023-12-16 15:00:00,,2023,2,0,Chelsea,Sheffield United,3.27322,0.44014,1,0,0,EPL,21.40909090909091,3.740740740740741
22061,,88,78,2023-12-16 15:00:00,,2023,2,2,Manchester City,Crystal Palace,2.41646,1.64977,0,1,0,EPL,31.9,7.6
22062,,86,228,2023-12-16 15:00:00,,2023,3,0,Newcastle United,Fulham,4.27933,0.471042,1,0,0,EPL,30.09090909090909,8.11111111111111
22058,,92,72,2023-12-16 17:30:00,,2023,0,2,Burnley,Everton,0.811435,2.22305,0,0,1,EPL,22.928571428571427,12.285714285714286
22056,,83,220,2023-12-17 14:00:00,,2023,2,0,Arsenal,Brighton,2.76976,0.663054,1,0,0,EPL,19.416666666666668,13.76
22057,,244,71,2023-12-17 14:00:00,,2023,1,2,Brentford,Aston Villa,0.796812,1.4664,0,0,1,EPL,6.333333333333333,5.205128205128205
22064,,81,229,2023-12-17 14:00:00,,2023,3,0,West Ham,Wolverhampton Wanderers,1.03828,0.556206,1,0,0,EPL,8.037037037037036,11.56
22060,,87,89,2023-12-17 16:30:00,,2023,0,0,Liverpool,Manchester United,1.97111,0.632715,0,1,0,EPL,23.384615384615383,5.178571428571429
22066,,78,220,2023-12-21 20:00:00,,2023,1,1,Crystal Palace,Brighton,1.65409,1.33653,0,1,0,EPL,7.6,35.07692307692308
22065,,71,238,2023-12-22 20:00:00,,2023,1,1,Aston Villa,Sheffield United,1.21861,0.646159,0,1,0,EPL,15.636363636363637,4.333333333333333
22072,,81,89,2023-12-23 12:30:00,,2023,2,0,West Ham,Manchester United,1.51468,0.730496,1,0,0,EPL,6.12,16.61904761904762
22067,,228,92,2023-12-23 15:00:00,,2023,0,2,Fulham,Burnley,1.38096,0.41714,0,0,1,EPL,11.848484848484848,11.9375
22069,,256,86,2023-12-23 15:00:00,,2023,1,0,Luton,Newcastle United,1.81844,1.41488,1,0,0,EPL,5.318181818181818,11.107142857142858
22070,,249,73,2023-12-23 15:00:00,,2023,2,3,Nottingham Forest,Bournemouth,0.791806,1.89067,0,0,1,EPL,3.923076923076923,12.842105263157896
22071,,82,72,2023-12-23 15:00:00,,2023,2,1,Tottenham,Everton,1.57527,1.98385,1,0,0,EPL,8.636363636363637,7.681818181818182
22068,,87,83,2023-12-23 17:30:00,,2023,1,1,Liverpool,Arsenal,0.982901,0.851681,0,1,0,EPL,12.857142857142858,7.303030303030303
22073,,229,80,2023-12-24 13:00:00,,2023,2,1,Wolverhampton Wanderers,Chelsea,1.74626,1.75447,1,0,0,EPL,6.705882352941177,11.517241379310345
22083,,86,249,2023-12-26 12:30:00,,2023,1,3,Newcastle United,Nottingham Forest,2.79106,3.1074,0,0,1,EPL,12.75,6.933333333333334
22075,,73,228,2023-12-26 15:00:00,,2023,3,0,Bournemouth,Fulham,2.07911,0.324365,1,0,0,EPL,8.206896551724139,10.964285714285714
22084,,238,256,2023-12-26 15:00:00,,2023,2,3,Sheffield United,Luton,3.61788,0.715575,0,0,1,EPL,7.428571428571429,7.48
22079,,92,87,2023-12-26 17:30:00,,2023,0,2,Burnley,Liverpool,0.972389,1.68451,0,0,1,EPL,9.2,15.6
22082,,89,71,2023-12-26 20:00:00,,2023,3,2,Manchester United,Aston Villa,1.20104,1.83637,1,0,0,EPL,15.214285714285714,7.444444444444445
22077,,244,229,2023-12-27 19:30:00,,2023,1,4,Brentford,Wolverhampton Wanderers,2.59347,1.89483,0,0,1,EPL,13.545454545454545,10.476190476190476
22080,,80,78,2023-12-27 19:30:00,,2023,2,1,Chelsea,Crystal Palace,2.73005,0.958077,1,0,0,EPL,12.870967741935484,7.291666666666667
22081,,72,88,2023-12-27 20:15:00,,2023,1,3,Everton,Manchester City,1.23529,2.28321,0,0,1,EPL,11.76923076923077,22.130434782608695
22078,,220,82,2023-12-28 19:30:00,,2023,4,2,Brighton,Tottenham,3.84702,2.06955,1,0,0,EPL,12.409090909090908,8.030303030303031
22076,,83,81,2023-12-28 20:15:00,,2023,0,2,Arsenal,West Ham,2.7884,1.59711,0,0,1,EPL,33.55555555555556,5.230769230769231
22089,,256,80,2023-12-30 12:30:00,,2023,2,3,Luton,Chelsea,2.64093,1.57463,0,0,1,EPL,8.88,7.71875
22085,,71,92,2023-12-30 15:00:00,,2023,3,2,Aston Villa,Burnley,2.92587,1.11923,1,0,0,EPL,19.071428571428573,8.333333333333334
22086,,78,244,2023-12-30 15:00:00,,2023,3,1,Crystal Palace,Brentford,1.61057,1.28731,1,0,0,EPL,9.3,9.142857142857142
22090,,88,238,2023-12-30 15:00:00,,2023,2,0,Manchester City,Sheffield United,2.24229,0.263211,1,0,0,EPL,116.75,9.571428571428571
22094,,229,72,2023-12-30 15:00:00,,2023,3,0,Wolverhampton Wanderers,Everton,2.64477,0.519641,1,0,0,EPL,8.25,10.818181818181818
22091,,249,89,2023-12-30 17:30:00,,2023,2,1,Nottingham Forest,Manchester United,0.744348,0.651905,1,0,0,EPL,13.125,15.333333333333334
22087,,228,83,2023-12-31 14:00:00,,2023,2,1,Fulham,Arsenal,1.52829,1.6591,1,0,0,EPL,12.15,21.88235294117647
22092,,82,73,2023-12-31 14:00:00,,2023,3,1,Tottenham,Bournemouth,2.15027,1.58229,1,0,0,EPL,5.95,10.65
22088,,87,86,2024-01-01 19:00:00,,2023,4,2,Liverpool,Newcastle United,6.67151,0.910974,1,0,0,EPL,14.947368421052632,4.825
22093,,81,220,2024-01-02 18:30:00,,2023,0,0,West Ham,Brighton,0.9831,2.1552,0,1,0,EPL,10.19047619047619,37.69230769230769
22096,,92,256,2024-01-12 19:45:00,,2023,1,1,Burnley,Luton,1.52023,0.965167,0,1,0,EPL,6.666666666666667,19.0625
22097,,80,228,2024-01-13 12:30:00,,2023,1,0,Chelsea,Fulham,2.0456,0.697847,1,0,0,EPL,10.72,8.37037037037037
22100,,86,88,2024-01-13 17:30:00,,2023,2,3,Newcastle United,Manchester City,1.23638,2.55452,0,0,1,EPL,9.235294117647058,17.1875
22098,,72,71,2024-01-14 14:00:00,,2023,0,0,Everton,Aston Villa,1.03664,1.3435,0,1,0,EPL,7.923076923076923,8.944444444444445
22099,,89,82,2024-01-14 16:30:00,,2023,2,2,Manchester United,Tottenham,0.923233,1.31224,0,1,0,EPL,6.5,19.36842105263158
22103,,83,78,2024-01-20 12:30:00,,2023,5,0,Arsenal,Crystal Palace,3.52167,0.288083,1,0,0,EPL,20.25,9.772727272727273
22104,,244,249,2024-01-20 17:30:00,,2023,3,2,Brentford,Nottingham Forest,1.94219,1.22251,1,0,0,EPL,13.0,8.0
22101,,238,81,2024-01-21 14:00:00,,2023,2,2,Sheffield United,West Ham,2.61362,2.4241,0,1,0,EPL,11.291666666666666,8.521739130434783
22102,,73,87,2024-01-21 16:30:00,,2023,0,4,Bournemouth,Liverpool,0.834585,1.53344,0,0,1,EPL,4.806451612903226,10.035714285714286
22095,,220,229,2024-01-22 19:45:00,,2023,0,0,Brighton,Wolverhampton Wanderers,1.3701,1.14116,0,1,0,EPL,25.375,8.863636363636363
22108,,249,83,2024-01-30 19:30:00,,2023,1,2,Nottingham Forest,Arsenal,0.631618,1.39143,0,0,1,EPL,8.555555555555555,39.714285714285715
22106,,228,72,2024-01-30 19:45:00,,2023,0,0,Fulham,Everton,2.37499,2.83317,0,1,0,EPL,11.633333333333333,11.9
22107,,256,220,2024-01-30 19:45:00,,2023,4,0,Luton,Brighton,3.63312,1.01366,1,0,0,EPL,7.083333333333333,12.96
22112,,78,238,2024-01-30 20:00:00,,2023,3,2,Crystal Palace,Sheffield United,1.1601,0.768467,1,0,0,EPL,7.838709677419355,8.96
22105,,71,86,2024-01-30 20:15:00,,2023,1,3,Aston Villa,Newcastle United,1.44485,3.3224,0,0,1,EPL,11.0,9.347826086956522
22109,,82,244,2024-01-31 19:30:00,,2023,3,2,Tottenham,Brentford,3.36194,1.59637,1,0,0,EPL,9.454545454545455,5.428571428571429
22114,,88,92,2024-01-31 19:30:00,,2023,3,1,Manchester City,Burnley,1.84756,1.49114,1,0,0,EPL,22.59090909090909,13.416666666666666
22113,,87,80,2024-01-31 20:15:00,,2023,4,1,Liverpool,Chelsea,3.6627,0.477972,1,0,0,EPL,19.6,10.054054054054054
22110,,81,73,2024-02-01 19:30:00,,2023,1,1,West Ham,Bournemouth,1.3128,1.13487,0,1,0,EPL,8.096774193548388,9.391304347826088
22111,,229,89,2024-02-01 20:15:00,,2023,3,4,Wolverhampton Wanderers,Manchester United,2.27609,3.22698,0,0,1,EPL,12.571428571428571,15.333333333333334
22121,,72,82,2024-02-03 12:30:00,,2023,2,2,Everton,Tottenham,3.25881,0.922371,0,1,0,EPL,5.739130434782608,8.242424242424242
22118,,220,78,2024-02-03 15:00:00,,2023,4,1,Brighton,Crystal Palace,1.92591,0.241137,1,0,0,EPL,20.35483870967742,9.666666666666666
22119,,92,228,2024-02-03 15:00:00,,2023,2,2,Burnley,Fulham,1.00428,1.28806,0,1,0,EPL,11.1,15.0
22123,,86,256,2024-02-03 15:00:00,,2023,4,4,Newcastle United,Luton,2.37353,2.67463,0,1,0,EPL,7.071428571428571,6.857142857142857
22124,,238,71,2024-02-03 17:30:00,,2023,0,5,Sheffield United,Aston Villa,1.52784,2.99015,0,0,1,EPL,13.714285714285714,24.42105263157895
22115,,73,249,2024-02-04 14:00:00,,2023,1,1,Bournemouth,Nottingham Forest,1.1895,0.456548,0,1,0,EPL,7.05,6.181818181818182
22120,,80,229,2024-02-04 14:00:00,,2023,2,4,Chelsea,Wolverhampton Wanderers,2.35967,2.48996,0,0,1,EPL,17.736842105263158,8.76
22122,,89,81,2024-02-04 14:00:00,,2023,3,0,Manchester United,West Ham,0.96721,1.1807,1,0,0,EPL,21.714285714285715,8.84
22116,,83,87,2024-02-04 16:30:00,,2023,3,1,Arsenal,Liverpool,2.8526,0.542052,1,0,0,EPL,9.619047619047619,9.7
22117,,244,88,2024-02-05 20:00:00,,2023,1,3,Brentford,Manchester City,0.865741,2.10785,0,0,1,EPL,10.0625,26.0
22130,,88,72,2024-02-10 12:30:00,,2023,2,0,Manchester City,Everton,1.58971,0.192072,1,0,0,EPL,25.823529411764707,8.380952380952381
22127,,228,73,2024-02-10 15:00:00,,2023,3,1,Fulham,Bournemouth,1.7456,2.60612,1,0,0,EPL,7.03125,12.61111111111111
22128,,87,92,2024-02-10 15:00:00,,2023,3,1,Liverpool,Burnley,3.14734,1.11123,1,0,0,EPL,17.166666666666668,4.62962962962963
22129,,256,238,2024-02-10 15:00:00,,2023,1,3,Luton,Sheffield United,1.76215,1.98283,0,0,1,EPL,14.944444444444445,4.0
22132,,82,220,2024-02-10 15:00:00,,2023,2,1,Tottenham,Brighton,2.10928,1.49285,1,0,0,EPL,12.727272727272727,13.636363636363637
22134,,229,244,2024-02-10 15:00:00,,2023,0,2,Wolverhampton Wanderers,Brentford,1.05781,1.84908,0,0,1,EPL,15.85,5.7894736842105265
22131,,249,86,2024-02-10 17:30:00,,2023,2,3,Nottingham Forest,Newcastle United,0.968075,0.511375,0,0,1,EPL,9.529411764705882,26.4375
22133,,81,83,2024-02-11 14:00:00,,2023,0,6,West Ham,Arsenal,0.191065,3.99893,0,0,1,EPL,6.809523809523809,21.8
22125,,71,89,2024-02-11 16:30:00,,2023,1,2,Aston Villa,Manchester United,2.64675,2.44591,0,0,1,EPL,11.75,11.85
22126,,78,80,2024-02-12 20:00:00,,2023,1,3,Crystal Palace,Chelsea,0.719516,1.26948,0,0,1,EPL,5.947368421052632,21.434782608695652
22135,,244,87,2024-02-17 12:30:00,,2023,1,4,Brentford,Liverpool,1.69518,3.08952,0,0,1,EPL,7.363636363636363,13.6
22136,,92,83,2024-02-17 15:00:00,,2023,0,5,Burnley,Arsenal,0.335143,2.20575,0,0,1,EPL,9.210526315789474,22.235294117647058
22138,,228,71,2024-02-17 15:00:00,,2023,1,2,Fulham,Aston Villa,1.41796,1.57297,0,0,1,EPL,25.09090909090909,12.590909090909092
22141,,86,73,2024-02-17 15:00:00,,2023,2,2,Newcastle United,Bournemouth,2.38425,2.08098,0,1,0,EPL,7.0,6.529411764705882
22142,,249,81,2024-02-17 15:00:00,,2023,2,0,Nottingham Forest,West Ham,2.66942,0.520016,1,0,0,EPL,8.185185185185185,13.8125
22144,,82,229,2024-02-17 15:00:00,,2023,1,2,Tottenham,Wolverhampton Wanderers,1.59768,1.77591,0,0,1,EPL,15.368421052631579,4.964285714285714
22140,,88,80,2024-02-17 17:30:00,,2023,1,1,Manchester City,Chelsea,2.77713,1.82903,0,1,0,EPL,17.529411764705884,7.375
22143,,238,220,2024-02-18 14:00:00,,2023,0,5,Sheffield United,Brighton,0.586214,3.35549,0,0,1,EPL,5.9411764705882355,193.0
22139,,256,89,2024-02-18 16:30:00,,2023,1,2,Luton,Manchester United,1.57234,3.58973,0,0,1,EPL,8.517241379310345,11.052631578947368
22137,,72,78,2024-02-19 20:00:00,,2023,1,1,Everton,Crystal Palace,2.44588,0.734685,0,1,0,EPL,21.0,5.666666666666667
22074,,88,244,2024-02-20 18:30:00,,2023,1,0,Manchester City,Brentford,2.53766,0.503799,1,0,0,EPL,17.545454545454547,12.357142857142858
22151,,87,256,2024-02-21 15:00:00,,2023,4,1,Liverpool,Luton,3.70302,0.956512,1,0,0,EPL,12.3,4.8
22147,,71,249,2024-02-24 15:00:00,,2023,4,2,Aston Villa,Nottingham Forest,3.48861,2.25569,1,0,0,EPL,13.12,15.266666666666667
22148,,220,72,2024-02-24 15:00:00,,2023,1,1,Brighton,Everton,1.6538,0.286655,0,1,0,EPL,17.0,8.222222222222221
22150,,78,92,2024-02-24 15:00:00,,2023,3,0,Crystal Palace,Burnley,2.41612,0.0760216,1,0,0,EPL,16.214285714285715,8.391304347826088
22152,,89,228,2024-02-24 15:00:00,,2023,1,2,Manchester United,Fulham,1.96036,1.1385,0,0,1,EPL,16.5625,10.727272727272727
22145,,73,88,2024-02-24 17:30:00,,2023,0,1,Bournemouth,Manchester City,0.925889,1.79636,0,0,1,EPL,13.5,10.785714285714286
22146,,83,86,2024-02-24 20:00:00,,2023,4,1,Arsenal,Newcastle United,2.59336,0.217373,1,0,0,EPL,26.7,9.096774193548388
22154,,229,238,2024-02-25 13:30:00,,2023,1,0,Wolverhampton Wanderers,Sheffield United,1.21618,0.654342,1,0,0,EPL,26.266666666666666,16.09090909090909
22153,,81,244,2024-02-26 20:00:00,,2023,4,2,West Ham,Brentford,2.06873,1.33683,1,0,0,EPL,6.461538461538462,14.3
22155,,244,80,2024-03-02 15:00:00,,2023,2,2,Brentford,Chelsea,2.4732,2.1523,0,1,0,EPL,5.809523809523809,13.481481481481481
22157,,72,81,2024-03-02 15:00:00,,2023,1,3,Everton,West Ham,3.12075,2.17948,0,0,1,EPL,21.357142857142858,10.68421052631579
22158,,228,220,2024-03-02 15:00:00,,2023,3,0,Fulham,Brighton,1.37604,1.15198,1,0,0,EPL,6.153846153846154,19.90909090909091
22161,,86,229,2024-03-02 15:00:00,,2023,3,0,Newcastle United,Wolverhampton Wanderers,3.33495,0.507769,1,0,0,EPL,14.722222222222221,10.67741935483871
22162,,249,87,2024-03-02 15:00:00,,2023,0,1,Nottingham Forest,Liverpool,0.971466,1.32259,0,0,1,EPL,4.76,22.0625
22164,,82,78,2024-03-02 15:00:00,,2023,3,1,Tottenham,Crystal Palace,2.6625,0.277887,1,0,0,EPL,27.9375,4.9
22159,,256,71,2024-03-02 17:30:00,,2023,2,3,Luton,Aston Villa,2.43312,2.08586,0,0,1,EPL,11.2,13.666666666666666
22156,,92,73,2024-03-03 13:00:00,,2023,0,2,Burnley,Bournemouth,1.60461,1.43616,0,0,1,EPL,13.541666666666666,4.352941176470588
22160,,88,89,2024-03-03 15:30:00,,2023,3,1,Manchester City,Manchester United,2.64173,0.153764,1,0,0,EPL,18.176470588235293,10.058823529411764
22163,,238,83,2024-03-04 20:00:00,,2023,0,6,Sheffield United,Arsenal,0.201374,2.47294,0,0,1,EPL,12.222222222222221,37.416666666666664
22172,,89,72,2024-03-09 12:30:00,,2023,2,0,Manchester United,Everton,2.9016,1.8214,1,0,0,EPL,15.4,15.428571428571429
22165,,73,238,2024-03-09 15:00:00,,2023,2,2,Bournemouth,Sheffield United,3.92657,1.91752,0,1,0,EPL,18.90909090909091,4.904761904761905
22170,,78,256,2024-03-09 15:00:00,,2023,1,1,Crystal Palace,Luton,3.25103,1.08531,0,1,0,EPL,15.133333333333333,7.387096774193548
22174,,229,228,2024-03-09 15:00:00,,2023,2,1,Wolverhampton Wanderers,Fulham,1.29589,2.94155,1,0,0,EPL,14.5,18.764705882352942
22166,,83,244,2024-03-09 17:30:00,,2023,2,1,Arsenal,Brentford,1.59369,0.733239,1,0,0,EPL,14.6,8.3
22167,,71,82,2024-03-10 13:00:00,,2023,0,4,Aston Villa,Tottenham,1.23267,2.25381,0,0,1,EPL,4.255813953488372,20.772727272727273
22168,,220,249,2024-03-10 14:00:00,,2023,1,0,Brighton,Nottingham Forest,0.534518,0.687034,1,0,0,EPL,27.647058823529413,16.214285714285715
22173,,81,92,2024-03-10 14:00:00,,2023,2,2,West Ham,Burnley,1.87414,0.88131,0,1,0,EPL,7.419354838709677,8.583333333333334
22171,,87,88,2024-03-10 15:45:00,,2023,1,1,Liverpool,Manchester City,2.25492,1.37289,0,1,0,EPL,14.826086956521738,8.90625
22169,,80,86,2024-03-11 20:00:00,,2023,3,2,Chelsea,Newcastle United,1.78315,0.568435,1,0,0,EPL,13.578947368421053,12.826086956521738
25861,,73,256,2024-03-13 19:30:00,,2023,4,3,Bournemouth,Luton,2.84403,2.79419,1,0,0,EPL,9.125,7.95
22177,,92,244,2024-03-16 15:00:00,,2023,2,1,Burnley,Brentford,2.69776,1.25123,1,0,0,EPL,5.884615384615385,6.571428571428571
22181,,256,249,2024-03-16 15:00:00,,2023,1,1,Luton,Nottingham Forest,0.853782,1.95268,0,1,0,EPL,8.88888888888889,7.857142857142857
22180,,228,82,2024-03-16 17:30:00,,2023,3,0,Fulham,Tottenham,2.47234,2.14564,1,0,0,EPL,10.15,10.793103448275861
22183,,81,71,2024-03-17 14:00:00,,2023,1,1,West Ham,Aston Villa,1.32829,0.911274,0,1,0,EPL,6.7894736842105265,11.851851851851851
22191,,86,81,2024-03-30 12:30:00,,2023,4,3,Newcastle United,West Ham,3.80922,0.994584,1,0,0,EPL,13.052631578947368,6.791666666666667
22185,,73,72,2024-03-30 15:00:00,,2023,2,1,Bournemouth,Everton,1.39268,0.93378,1,0,0,EPL,8.578947368421053,6.590909090909091
22188,,80,92,2024-03-30 15:00:00,,2023,2,2,Chelsea,Burnley,4.46643,2.10422,0,1,0,EPL,24.846153846153847,9.538461538461538
22192,,249,78,2024-03-30 15:00:00,,2023,1,1,Nottingham Forest,Crystal Palace,0.784652,0.900972,0,1,0,EPL,12.818181818181818,9.55
22193,,238,228,2024-03-30 15:00:00,,2023,3,3,Sheffield United,Fulham,1.78824,1.10254,0,1,0,EPL,7.0,18.823529411764707
22194,,82,256,2024-03-30 15:00:00,,2023,2,1,Tottenham,Luton,2.46523,0.402402,1,0,0,EPL,14.434782608695652,4.193548387096774
22186,,71,229,2024-03-30 17:30:00,,2023,2,0,Aston Villa,Wolverhampton Wanderers,1.28271,1.66232,1,0,0,EPL,7.666666666666667,14.15
22187,,244,89,2024-03-30 20:00:00,,2023,1,1,Brentford,Manchester United,3.16487,0.989565,0,1,0,EPL,7.2,13.1875
22189,,87,220,2024-03-31 14:00:00,,2023,2,1,Liverpool,Brighton,3.21149,0.43922,1,0,0,EPL,18.625,8.941176470588236
22190,,88,83,2024-03-31 16:30:00,,2023,0,0,Manchester City,Arsenal,1.22009,0.511402,0,1,0,EPL,11.758620689655173,6.086956521739131
22198,,249,228,2024-04-02 18:30:00,,2023,3,1,Nottingham Forest,Fulham,1.94619,1.04304,1,0,0,EPL,8.8,31.6
22202,,86,72,2024-04-02 18:30:00,,2023,1,1,Newcastle United,Everton,2.65009,1.69834,0,1,0,EPL,14.25,10.764705882352942
22195,,73,78,2024-04-02 18:45:00,,2023,1,0,Bournemouth,Crystal Palace,1.30969,0.174389,1,0,0,EPL,8.285714285714286,8.538461538461538
22197,,92,229,2024-04-02 18:45:00,,2023,1,1,Burnley,Wolverhampton Wanderers,1.12581,1.01021,0,1,0,EPL,14.4,8.8
22199,,81,82,2024-04-02 19:15:00,,2023,1,1,West Ham,Tottenham,1.47017,1.39423,0,1,0,EPL,5.642857142857143,14.25
22196,,83,256,2024-04-03 18:30:00,,2023,2,0,Arsenal,Luton,1.14384,0.292082,1,0,0,EPL,23.529411764705884,10.708333333333334
22200,,244,220,2024-04-03 18:30:00,,2023,0,0,Brentford,Brighton,0.423299,1.22404,0,1,0,EPL,6.730769230769231,16.166666666666668
22204,,88,71,2024-04-03 19:15:00,,2023,4,1,Manchester City,Aston Villa,3.87704,1.18643,1,0,0,EPL,21.785714285714285,7.166666666666667
22203,,87,238,2024-04-04 18:30:00,,2023,3,1,Liverpool,Sheffield United,2.51772,0.720948,1,0,0,EPL,26.4,2.5652173913043477
22201,,80,89,2024-04-04 19:15:00,,2023,4,3,Chelsea,Manchester United,3.48048,1.56686,1,0,0,EPL,12.72,12.294117647058824
22207,,78,88,2024-04-06 11:30:00,,2023,2,4,Crystal Palace,Manchester City,1.49472,2.26381,0,0,1,EPL,13.166666666666666,20.36842105263158
22205,,71,244,2024-04-06 14:00:00,,2023,3,3,Aston Villa,Brentford,1.16333,1.42064,0,1,0,EPL,16.5,6.7368421052631575
22208,,72,92,2024-04-06 14:00:00,,2023,1,0,Everton,Burnley,0.659844,0.34699,1,0,0,EPL,7.157894736842105,8.971428571428572
22209,,228,86,2024-04-06 14:00:00,,2023,0,1,Fulham,Newcastle United,0.834564,1.18012,0,0,1,EPL,13.347826086956522,5.76
22210,,256,73,2024-04-06 14:00:00,,2023,2,1,Luton,Bournemouth,1.30478,0.616108,1,0,0,EPL,4.848484848484849,5.62962962962963
22214,,229,81,2024-04-06 14:00:00,,2023,1,2,Wolverhampton Wanderers,West Ham,1.78341,1.14133,0,0,1,EPL,11.454545454545455,8.76
22206,,220,83,2024-04-06 16:30:00,,2023,0,3,Brighton,Arsenal,0.428514,4.16518,0,0,1,EPL,15.666666666666666,9.08695652173913
22211,,89,87,2024-04-07 14:30:00,,2023,2,2,Manchester United,Liverpool,0.814509,4.43457,0,1,0,EPL,7.84,14.2
22212,,238,80,2024-04-07 16:30:00,,2023,2,2,Sheffield United,Chelsea,1.74265,0.521789,0,1,0,EPL,7.571428571428571,20.608695652173914
22213,,82,249,2024-04-07 19:00:00,,2023,3,1,Tottenham,Nottingham Forest,1.61978,2.00122,1,0,0,EPL,18.058823529411764,8.44
22222,,86,82,2024-04-13 11:30:00,,2023,4,0,Newcastle United,Tottenham,3.1483,0.737596,1,0,0,EPL,3.217391304347826,9.192307692307692
22217,,244,238,2024-04-13 14:00:00,,2023,2,0,Brentford,Sheffield United,1.09071,0.834498,1,0,0,EPL,12.75,7.95
22218,,92,220,2024-04-13 14:00:00,,2023,1,1,Burnley,Brighton,1.8522,0.889445,0,1,0,EPL,15.470588235294118,12.066666666666666
22221,,88,256,2024-04-13 14:00:00,,2023,5,1,Manchester City,Luton,4.64245,0.809775,1,0,0,EPL,34.5,6.62962962962963
22223,,249,229,2024-04-13 14:00:00,,2023,2,2,Nottingham Forest,Wolverhampton Wanderers,1.76244,1.45688,0,1,0,EPL,13.0,11.9
22215,,73,89,2024-04-13 16:30:00,,2023,2,2,Bournemouth,Manchester United,2.38519,1.52274,0,1,0,EPL,10.8125,13.380952380952381
22220,,87,78,2024-04-14 13:00:00,,2023,0,1,Liverpool,Crystal Palace,3.04497,2.12879,0,0,1,EPL,26.066666666666666,5.75
22224,,81,228,2024-04-14 13:00:00,,2023,0,2,West Ham,Fulham,1.45307,3.61413,0,0,1,EPL,13.318181818181818,13.941176470588236
22216,,83,71,2024-04-14 15:30:00,,2023,0,2,Arsenal,Aston Villa,1.89003,0.929049,0,0,1,EPL,15.285714285714286,8.892857142857142
22219,,80,72,2024-04-15 19:00:00,,2023,6,0,Chelsea,Everton,3.37093,1.21791,1,0,0,EPL,10.368421052631579,13.785714285714286
22230,,256,244,2024-04-20 14:00:00,,2023,1,5,Luton,Brentford,0.497799,3.7809,0,0,1,EPL,7.461538461538462,11.125
22232,,238,92,2024-04-20 14:00:00,,2023,1,4,Sheffield United,Burnley,1.97816,2.42338,0,0,1,EPL,12.947368421052632,12.636363636363637
22234,,229,83,2024-04-20 18:30:00,,2023,0,2,Wolverhampton Wanderers,Arsenal,0.164516,1.66179,0,0,1,EPL,13.652173913043478,15.61111111111111
22228,,72,249,2024-04-21 12:30:00,,2023,2,0,Everton,Nottingham Forest,0.473233,1.18916,1,0,0,EPL,15.428571428571429,15.636363636363637
22225,,71,73,2024-04-21 14:00:00,,2023,3,1,Aston Villa,Bournemouth,2.62687,2.05211,1,0,0,EPL,12.15,12.25
22227,,78,81,2024-04-21 14:00:00,,2023,5,2,Crystal Palace,West Ham,3.7185,1.34536,1,0,0,EPL,14.74074074074074,9.074074074074074
22229,,228,87,2024-04-21 15:30:00,,2023,1,3,Fulham,Liverpool,0.83885,1.02445,0,0,1,EPL,12.238095238095237,52.0
22175,,83,80,2024-04-23 19:00:00,,2023,5,0,Arsenal,Chelsea,3.45858,1.60343,1,0,0,EPL,19.76923076923077,13.857142857142858
22184,,229,73,2024-04-24 18:45:00,,2023,0,1,Wolverhampton Wanderers,Bournemouth,0.484454,2.40311,0,0,1,EPL,8.411764705882353,8.1875
22178,,78,86,2024-04-24 19:00:00,,2023,2,0,Crystal Palace,Newcastle United,1.43661,0.55129,1,0,0,EPL,6.892857142857143,8.264705882352942
22179,,72,87,2024-04-24 19:00:00,,2023,2,0,Everton,Liverpool,1.89111,1.87155,1,0,0,EPL,4.523809523809524,21.055555555555557
22182,,89,238,2024-04-24 19:00:00,,2023,4,2,Manchester United,Sheffield United,3.51311,1.20517,1,0,0,EPL,21.833333333333332,6.32
22176,,220,88,2024-04-25 19:00:00,,2023,0,4,Brighton,Manchester City,0.572021,1.90507,0,0,1,EPL,19.625,29.11111111111111
22243,,81,87,2024-04-27 11:30:00,,2023,2,2,West Ham,Liverpool,0.794025,2.29298,0,1,0,EPL,5.2,19.842105263157894
22238,,228,78,2024-04-27 14:00:00,,2023,1,1,Fulham,Crystal Palace,1.39418,1.05387,0,1,0,EPL,11.571428571428571,10.25
22239,,89,92,2024-04-27 14:00:00,,2023,1,1,Manchester United,Burnley,3.06197,1.89591,0,1,0,EPL,8.380952380952381,14.176470588235293
22240,,86,238,2024-04-27 14:00:00,,2023,5,1,Newcastle United,Sheffield United,2.93477,1.82408,1,0,0,EPL,14.7,8.23076923076923
22244,,229,256,2024-04-27 14:00:00,,2023,2,1,Wolverhampton Wanderers,Luton,1.49011,0.90435,1,0,0,EPL,9.533333333333333,12.05
22237,,72,244,2024-04-27 16:30:00,,2023,1,0,Everton,Brentford,1.21399,0.956356,1,0,0,EPL,8.217391304347826,16.6
22236,,71,80,2024-04-27 19:00:00,,2023,2,2,Aston Villa,Chelsea,0.612257,1.56401,0,1,0,EPL,4.806451612903226,40.77777777777778
22235,,73,220,2024-04-28 13:00:00,,2023,3,0,Bournemouth,Brighton,2.48132,1.35682,1,0,0,EPL,5.521739130434782,14.11111111111111
22241,,82,83,2024-04-28 13:00:00,,2023,2,3,Tottenham,Arsenal,2.60458,1.51469,0,0,1,EPL,9.620689655172415,6.3
22242,,249,88,2024-04-28 15:30:00,,2023,0,2,Nottingham Forest,Manchester City,2.17312,0.932063,0,0,1,EPL,9.333333333333334,29.357142857142858
22149,,80,82,2024-05-02 18:30:00,,2023,2,0,Chelsea,Tottenham,2.22432,1.27064,1,0,0,EPL,6.321428571428571,13.4
22252,,256,72,2024-05-03 19:00:00,,2023,1,1,Luton,Everton,0.950391,1.22959,0,1,0,EPL,7.625,10.772727272727273
22245,,83,73,2024-05-04 11:30:00,,2023,3,0,Arsenal,Bournemouth,3.91372,0.4687,1,0,0,EPL,11.058823529411764,8.115384615384615
22246,,244,228,2024-05-04 14:00:00,,2023,0,0,Brentford,Fulham,0.809379,1.45579,0,1,0,EPL,18.666666666666668,9.238095238095237
22248,,92,86,2024-05-04 14:00:00,,2023,1,4,Burnley,Newcastle United,1.28632,4.25643,0,0,1,EPL,9.136363636363637,11.80952380952381
22254,,238,249,2024-05-04 14:00:00,,2023,1,3,Sheffield United,Nottingham Forest,2.48986,1.93818,0,0,1,EPL,16.11764705882353,10.666666666666666
22253,,88,229,2024-05-04 16:30:00,,2023,5,1,Manchester City,Wolverhampton Wanderers,4.52542,0.396887,1,0,0,EPL,13.16,13.954545454545455
22247,,220,71,2024-05-05 13:00:00,,2023,1,0,Brighton,Aston Villa,2.63566,0.0644055,1,0,0,EPL,17.57894736842105,10.551724137931034
22249,,80,81,2024-05-05 13:00:00,,2023,5,0,Chelsea,West Ham,4.21838,0.893899,1,0,0,EPL,20.52173913043478,6.72
22251,,87,82,2024-05-05 15:30:00,,2023,4,2,Liverpool,Tottenham,3.26222,1.17205,1,0,0,EPL,8.37037037037037,13.173913043478262
22250,,78,89,2024-05-06 19:00:00,,2023,4,0,Crystal Palace,Manchester United,2.0656,0.341417,1,0,0,EPL,11.65,16.75
22258,,228,88,2024-05-11 11:30:00,,2023,0,4,Fulham,Manchester City,0.0886245,3.15218,0,0,1,EPL,17.823529411764707,42.72727272727273
22255,,73,244,2024-05-11 14:00:00,,2023,1,2,Bournemouth,Brentford,1.07237,1.92722,0,0,1,EPL,5.304347826086956,8.0
22257,,72,238,2024-05-11 14:00:00,,2023,1,0,Everton,Sheffield United,1.82411,0.465523,1,0,0,EPL,14.235294117647058,10.285714285714286
22260,,86,220,2024-05-11 14:00:00,,2023,1,1,Newcastle United,Brighton,2.45163,1.91556,0,1,0,EPL,12.958333333333334,13.38888888888889
22262,,82,92,2024-05-11 14:00:00,,2023,2,1,Tottenham,Burnley,3.00238,0.950331,1,0,0,EPL,14.421052631578947,8.208333333333334
22263,,81,256,2024-05-11 14:00:00,,2023,3,1,West Ham,Luton,3.71009,0.640456,1,0,0,EPL,9.74074074074074,9.578947368421053
22264,,229,78,2024-05-11 14:00:00,,2023,1,3,Wolverhampton Wanderers,Crystal Palace,1.1561,2.51452,0,0,1,EPL,12.222222222222221,5.733333333333333
22261,,249,80,2024-05-11 16:30:00,,2023,2,3,Nottingham Forest,Chelsea,2.44569,2.41068,0,0,1,EPL,6.65,17.043478260869566
22259,,89,83,2024-05-12 15:30:00,,2023,0,1,Manchester United,Arsenal,0.551669,1.73104,0,0,1,EPL,9.25,19.0
22256,,71,87,2024-05-13 19:00:00,,2023,3,3,Aston Villa,Liverpool,2.71655,1.89968,0,1,0,EPL,7.375,14.875
22233,,82,88,2024-05-14 19:00:00,,2023,0,2,Tottenham,Manchester City,1.84285,2.70331,0,0,1,EPL,13.464285714285714,11.357142857142858
22226,,220,80,2024-05-15 18:45:00,,2023,1,2,Brighton,Chelsea,1.32423,1.544,0,0,1,EPL,17.555555555555557,15.380952380952381
22231,,89,86,2024-05-15 19:00:00,,2023,3,2,Manchester United,Newcastle United,1.49706,2.27657,1,0,0,EPL,15.727272727272727,9.333333333333334
22265,,83,72,2024-05-19 15:00:00,,2023,2,1,Arsenal,Everton,3.2117,0.664904,1,0,0,EPL,42.333333333333336,8.166666666666666
22266,,244,86,2024-05-19 15:00:00,,2023,2,4,Brentford,Newcastle United,1.70157,3.65044,0,0,1,EPL,11.173913043478262,7.590909090909091
22267,,220,89,2024-05-19 15:00:00,,2023,0,2,Brighton,Manchester United,1.9717,1.00404,0,0,1,EPL,18.555555555555557,9.233333333333333
22268,,92,249,2024-05-19 15:00:00,,2023,1,2,Burnley,Nottingham Forest,1.08222,1.57962,0,0,1,EPL,90.66666666666667,10.636363636363637
22269,,80,73,2024-05-19 15:00:00,,2023,2,1,Chelsea,Bournemouth,1.59771,2.002,1,0,0,EPL,9.18918918918919,9.9375
22270,,78,71,2024-05-19 15:00:00,,2023,5,0,Crystal Palace,Aston Villa,2.23189,0.598846,1,0,0,EPL,30.3,14.478260869565217
22271,,87,229,2024-05-19 15:00:00,,2023,2,0,Liverpool,Wolverhampton Wanderers,5.65937,0.731254,1,0,0,EPL,16.6,5.096774193548387
22272,,256,228,2024-05-19 15:00:00,,2023,2,4,Luton,Fulham,2.06743,1.11598,0,0,1,EPL,10.5,13.894736842105264
22273,,88,81,2024-05-19 15:00:00,,2023,3,1,Manchester City,West Ham,2.31504,0.240159,1,0,0,EPL,63.0,8.0
22274,,238,82,2024-05-19 15:00:00,,2023,0,3,Sheffield United,Tottenham,0.697312,3.19675,0,0,1,EPL,4.956521739130435,33.92307692307692
26602,,89,228,2024-08-16 19:00:00,,2024,1,0,Manchester United,Fulham,2.04268,0.418711,1,0,0,EPL,10.833333333333334,7.379310344827586
26603,,285,87,2024-08-17 11:30:00,,2024,0,2,Ipswich,Liverpool,0.342601,3.92906,0,0,1,EPL,8.73913043478261,18.77777777777778
26604,,83,229,2024-08-17 14:00:00,,2024,2,0,Arsenal,Wolverhampton Wanderers,1.6283,0.575835,1,0,0,EPL,10.818181818181818,7.769230769230769
26605,,72,220,2024-08-17 14:00:00,,2024,0,3,Everton,Brighton,0.405325,1.79083,0,0,1,EPL,7.916666666666667,18.333333333333332
26606,,86,74,2024-08-17 14:00:00,,2024,1,0,Newcastle United,Southampton,0.433489,1.95483,1,0,0,EPL,3.789473684210526,16.25
26607,,249,73,2024-08-17 14:00:00,,2024,1,1,Nottingham Forest,Bournemouth,1.24405,1.90915,0,1,0,EPL,9.954545454545455,8.653846153846153
26608,,81,71,2024-08-17 16:30:00,,2024,1,2,West Ham,Aston Villa,2.8047,2.6703,0,0,1,EPL,11.304347826086957,9.333333333333334
26609,,244,78,2024-08-18 13:00:00,,2024,2,1,Brentford,Crystal Palace,1.38064,1.14757,1,0,0,EPL,7.724137931034483,12.666666666666666
26610,,80,88,2024-08-18 15:30:00,,2024,0,2,Chelsea,Manchester City,1.06123,1.18038,0,0,1,EPL,15.058823529411764,10.064516129032258
26611,,75,82,2024-08-19 19:00:00,,2024,1,1,Leicester,Tottenham,1.02614,1.40775,0,1,0,EPL,5.482758620689655,20.6875
26612,,220,89,2024-08-24 11:30:00,,2024,2,1,Brighton,Manchester United,2.14153,1.28556,1,0,0,EPL,16.77777777777778,12.5
26613,,78,81,2024-08-24 14:00:00,,2024,0,2,Crystal Palace,West Ham,1.3761,1.53421,0,0,1,EPL,13.727272727272727,6.911764705882353
26614,,228,75,2024-08-24 14:00:00,,2024,2,1,Fulham,Leicester,1.96218,0.857005,1,0,0,EPL,13.7,10.258064516129032
26615,,88,285,2024-08-24 14:00:00,,2024,4,1,Manchester City,Ipswich,3.07818,0.479999,1,0,0,EPL,17.41176470588235,8.15
26616,,74,249,2024-08-24 14:00:00,,2024,0,1,Southampton,Nottingham Forest,0.214952,2.86475,0,0,1,EPL,18.47826086956522,8.142857142857142
26617,,82,72,2024-08-24 14:00:00,,2024,4,0,Tottenham,Everton,2.61143,0.648869,1,0,0,EPL,12.724137931034482,6.3
26618,,71,83,2024-08-24 16:30:00,,2024,0,2,Aston Villa,Arsenal,1.31664,1.41399,0,0,1,EPL,5.833333333333333,17.27777777777778
26619,,229,80,2024-08-25 13:00:00,,2024,2,6,Wolverhampton Wanderers,Chelsea,2.4181,2.02935,0,0,1,EPL,7.04,14.428571428571429
26620,,73,86,2024-08-25 13:00:00,,2024,1,1,Bournemouth,Newcastle United,2.53513,1.89287,0,1,0,EPL,9.071428571428571,9.2
26621,,87,244,2024-08-25 15:30:00,,2024,2,0,Liverpool,Brentford,2.71877,0.457239,1,0,0,EPL,32.4,10.130434782608695
26622,,83,220,2024-08-31 11:30:00,,2024,1,1,Arsenal,Brighton,2.41798,1.81748,0,1,0,EPL,9.625,9.25
26623,,244,74,2024-08-31 14:00:00,,2024,3,1,Brentford,Southampton,3.86281,1.64713,1,0,0,EPL,8.217391304347826,14.571428571428571
26624,,72,73,2024-08-31 14:00:00,,2024,2,3,Everton,Bournemouth,2.55629,2.95688,0,0,1,EPL,7.095238095238095,8.304347826086957
26625,,285,228,2024-08-31 14:00:00,,2024,1,1,Ipswich,Fulham,0.707048,1.18883,0,1,0,EPL,10.904761904761905,9.25925925925926
26626,,75,71,2024-08-31 14:00:00,,2024,1,2,Leicester,Aston Villa,0.774741,2.16385,0,0,1,EPL,10.466666666666667,6.4
26627,,249,229,2024-08-31 14:00:00,,2024,1,1,Nottingham Forest,Wolverhampton Wanderers,1.41069,0.937632,0,1,0,EPL,6.413793103448276,6.551724137931035
26628,,81,88,2024-08-31 16:30:00,,2024,1,3,West Ham,Manchester City,0.947201,3.19297,0,0,1,EPL,12.125,20.764705882352942
26629,,86,82,2024-09-01 12:30:00,,2024,2,1,Newcastle United,Tottenham,1.58694,1.63304,1,0,0,EPL,4.310344827586207,8.761904761904763
26630,,80,78,2024-09-01 12:30:00,,2024,1,1,Chelsea,Crystal Palace,2.97743,0.459708,0,1,0,EPL,19.789473684210527,11.444444444444445
26631,,89,87,2024-09-01 15:00:00,,2024,0,3,Manchester United,Liverpool,1.50087,2.10397,0,0,1,EPL,11.692307692307692,12.5
26632,,74,89,2024-09-14 11:30:00,,2024,0,3,Southampton,Manchester United,1.35593,3.02693,0,0,1,EPL,10.344827586206897,10.857142857142858
26633,,220,285,2024-09-14 14:00:00,,2024,0,0,Brighton,Ipswich,1.75696,0.721323,0,1,0,EPL,14.727272727272727,3.8421052631578947
26634,,228,81,2024-09-14 14:00:00,,2024,1,1,Fulham,West Ham,2.88601,0.682719,0,1,0,EPL,6.870967741935484,4.685714285714286
26635,,87,249,2024-09-14 14:00:00,,2024,0,1,Liverpool,Nottingham Forest,1.17044,0.589532,0,0,1,EPL,17.055555555555557,3.7333333333333334
26636,,78,75,2024-09-14 14:00:00,,2024,2,2,Crystal Palace,Leicester,2.88716,1.65187,0,1,0,EPL,14.318181818181818,4.911764705882353
26637,,88,244,2024-09-14 14:00:00,,2024,2,1,Manchester City,Brentford,1.55279,1.05094,1,0,0,EPL,24.25,16.36842105263158
26638,,71,72,2024-09-14 16:30:00,,2024,3,2,Aston Villa,Everton,3.15876,0.852158,1,0,0,EPL,16.333333333333332,5.260869565217392
26639,,73,80,2024-09-14 19:00:00,,2024,0,1,Bournemouth,Chelsea,1.53731,0.932726,0,0,1,EPL,9.5,11.266666666666667
26640,,82,83,2024-09-15 13:00:00,,2024,0,1,Tottenham,Arsenal,0.792595,1.1209,0,0,1,EPL,13.588235294117647,5.88
26641,,229,86,2024-09-15 15:30:00,,2024,1,2,Wolverhampton Wanderers,Newcastle United,1.46969,1.48343,0,0,1,EPL,12.368421052631579,9.576923076923077
26642,,81,80,2024-09-21 11:30:00,,2024,0,3,West Ham,Chelsea,0.758267,2.39727,0,0,1,EPL,16.294117647058822,9.709677419354838
26643,,74,285,2024-09-21 14:00:00,,2024,1,1,Southampton,Ipswich,2.89813,1.645,0,1,0,EPL,9.235294117647058,8.8
26644,,75,72,2024-09-21 14:00:00,,2024,1,1,Leicester,Everton,1.33793,1.82377,0,1,0,EPL,19.307692307692307,8.421052631578947
26645,,87,73,2024-09-21 14:00:00,,2024,3,0,Liverpool,Bournemouth,2.43731,1.46979,1,0,0,EPL,16.08695652173913,11.85
26646,,228,86,2024-09-21 14:00:00,,2024,3,1,Fulham,Newcastle United,3.21141,1.09768,1,0,0,EPL,11.461538461538462,13.037037037037036
26647,,71,229,2024-09-21 14:00:00,,2024,3,1,Aston Villa,Wolverhampton Wanderers,2.37351,0.520117,1,0,0,EPL,13.5,11.8
26648,,82,244,2024-09-21 14:00:00,,2024,3,1,Tottenham,Brentford,3.89481,0.893565,1,0,0,EPL,9.105263157894736,9.1875
26649,,78,89,2024-09-21 16:30:00,,2024,0,0,Crystal Palace,Manchester United,1.66928,2.35056,0,1,0,EPL,6.111111111111111,18.333333333333332
26650,,220,249,2024-09-22 13:00:00,,2024,2,2,Brighton,Nottingham Forest,1.56836,1.36923,0,1,0,EPL,22.75,5.304347826086956
26651,,88,83,2024-09-22 15:30:00,,2024,2,2,Manchester City,Arsenal,2.75588,1.28411,0,1,0,EPL,13.071428571428571,8.357142857142858
26652,,86,88,2024-09-28 11:30:00,,2024,1,1,Newcastle United,Manchester City,1.34344,1.26516,0,1,0,EPL,6.3076923076923075,12.095238095238095
26653,,249,228,2024-09-28 14:00:00,,2024,0,1,Nottingham Forest,Fulham,0.614351,1.43592,0,0,1,EPL,8.263157894736842,20.071428571428573
26654,,72,78,2024-09-28 14:00:00,,2024,2,1,Everton,Crystal Palace,1.10959,1.12358,1,0,0,EPL,9.333333333333334,12.5
26655,,83,75,2024-09-28 14:00:00,,2024,4,2,Arsenal,Leicester,6.05305,0.337909,1,0,0,EPL,29.444444444444443,4.633333333333334
26656,,244,81,2024-09-28 14:00:00,,2024,1,1,Brentford,West Ham,0.370222,0.878617,0,1,0,EPL,27.7,10.055555555555555
26657,,80,220,2024-09-28 14:00:00,,2024,4,2,Chelsea,Brighton,3.65839,1.20712,1,0,0,EPL,8.137931034482758,25.23076923076923
26658,,229,87,2024-09-28 16:30:00,,2024,1,2,Wolverhampton Wanderers,Liverpool,0.748925,2.11724,0,0,1,EPL,14.777777777777779,14.0
26659,,285,71,2024-09-29 13:00:00,,2024,2,2,Ipswich,Aston Villa,1.84608,1.14494,0,1,0,EPL,11.909090909090908,16.5625
26660,,89,82,2024-09-29 15:30:00,,2024,0,3,Manchester United,Tottenham,0.600721,5.4072,0,0,1,EPL,12.176470588235293,14.62962962962963
26661,,73,74,2024-09-30 19:00:00,,2024,3,1,Bournemouth,Southampton,1.44215,0.696068,1,0,0,EPL,11.75,11.59375
26662,,78,87,2024-10-05 11:30:00,,2024,0,1,Crystal Palace,Liverpool,0.609481,2.07332,0,0,1,EPL,5.555555555555555,23.9375
26663,,75,73,2024-10-05 14:00:00,,2024,1,0,Leicester,Bournemouth,0.912063,1.94963,1,0,0,EPL,8.5,13.4
26664,,88,228,2024-10-05 14:00:00,,2024,3,2,Manchester City,Fulham,1.36684,2.75846,1,0,0,EPL,22.142857142857142,14.4
26665,,81,285,2024-10-05 14:00:00,,2024,4,1,West Ham,Ipswich,4.39402,1.18463,1,0,0,EPL,14.652173913043478,16.266666666666666
26666,,83,74,2024-10-05 14:00:00,,2024,3,1,Arsenal,Southampton,3.25165,1.27313,1,0,0,EPL,15.4375,8.10344827586207
26667,,244,229,2024-10-05 14:00:00,,2024,5,3,Brentford,Wolverhampton Wanderers,4.13513,0.696254,1,0,0,EPL,8.95,11.833333333333334
26669,,72,86,2024-10-05 16:30:00,,2024,0,0,Everton,Newcastle United,0.692214,1.79048,0,1,0,EPL,5.857142857142857,15.76923076923077
26668,,80,249,2024-10-06 13:00:00,,2024,1,1,Chelsea,Nottingham Forest,2.27752,1.66654,0,1,0,EPL,15.882352941176471,5.869565217391305
26670,,71,89,2024-10-06 13:00:00,,2024,0,0,Aston Villa,Manchester United,0.532809,0.448537,0,1,0,EPL,13.882352941176471,14.214285714285714
26671,,220,82,2024-10-06 15:30:00,,2024,3,2,Brighton,Tottenham,1.97217,1.09279,1,0,0,EPL,12.875,12.428571428571429
26672,,82,81,2024-10-19 11:30:00,,2024,4,1,Tottenham,West Ham,1.44052,0.858803,1,0,0,EPL,8.666666666666666,6.15625
26673,,228,71,2024-10-19 14:00:00,,2024,1,3,Fulham,Aston Villa,2.63074,1.43595,0,0,1,EPL,16.8,12.35
26674,,285,72,2024-10-19 14:00:00,,2024,0,2,Ipswich,Everton,1.174,1.60804,0,0,1,EPL,15.894736842105264,11.428571428571429
26675,,89,244,2024-10-19 14:00:00,,2024,2,1,Manchester United,Brentford,1.76555,0.892843,1,0,0,EPL,16.235294117647058,16.105263157894736
26676,,86,220,2024-10-19 14:00:00,,2024,0,1,Newcastle United,Brighton,1.93657,1.6779,0,0,1,EPL,16.529411764705884,5.868421052631579
26678,,74,75,2024-10-19 14:00:00,,2024,2,3,Southampton,Leicester,2.42776,2.83826,0,0,1,EPL,6.633333333333334,16.0
26680,,73,83,2024-10-19 16:30:00,,2024,2,0,Bournemouth,Arsenal,2.18419,0.740758,1,0,0,EPL,8.9,11.761904761904763
26681,,229,88,2024-10-20 13:00:00,,2024,1,2,Wolverhampton Wanderers,Manchester City,0.761217,1.36569,0,0,1,EPL,5.947368421052632,26.571428571428573
26679,,87,80,2024-10-20 15:30:00,,2024,2,1,Liverpool,Chelsea,2.22517,1.33904,1,0,0,EPL,15.9375,12.8
26677,,249,78,2024-10-21 19:00:00,,2024,1,0,Nottingham Forest,Crystal Palace,1.88573,0.835001,1,0,0,EPL,8.666666666666666,14.588235294117647
26682,,75,249,2024-10-25 19:00:00,,2024,1,3,Leicester,Nottingham Forest,0.832415,2.54488,0,0,1,EPL,14.19047619047619,5.130434782608695
26683,,88,74,2024-10-26 14:00:00,,2024,1,0,Manchester City,Southampton,3.16286,0.369989,1,0,0,EPL,15.909090909090908,11.8
26684,,71,73,2024-10-26 14:00:00,,2024,1,1,Aston Villa,Bournemouth,1.974,0.328651,0,1,0,EPL,8.807692307692308,10.333333333333334
26685,,244,285,2024-10-26 14:00:00,,2024,4,3,Brentford,Ipswich,4.09663,1.65698,1,0,0,EPL,18.63157894736842,7.933333333333334
26686,,220,229,2024-10-26 14:00:00,,2024,2,2,Brighton,Wolverhampton Wanderers,1.51347,1.11074,0,1,0,EPL,11.272727272727273,9.964285714285714
26687,,72,228,2024-10-26 16:30:00,,2024,1,1,Everton,Fulham,0.884845,1.49531,0,1,0,EPL,10.95,21.176470588235293
26688,,80,86,2024-10-27 14:00:00,,2024,2,1,Chelsea,Newcastle United,1.61794,1.74225,1,0,0,EPL,9.08,9.137931034482758
26689,,78,82,2024-10-27 14:00:00,,2024,1,0,Crystal Palace,Tottenham,0.978611,1.0192,1,0,0,EPL,4.625,6.951219512195122
26690,,81,89,2024-10-27 14:00:00,,2024,2,1,West Ham,Manchester United,2.99312,2.62598,1,0,0,EPL,10.285714285714286,21.076923076923077
26691,,83,87,2024-10-27 16:30:00,,2024,2,2,Arsenal,Liverpool,1.0883,1.35346,0,1,0,EPL,8.272727272727273,8.071428571428571
26694,,86,83,2024-11-02 12:30:00,,2024,1,0,Newcastle United,Arsenal,0.859715,0.911305,1,0,0,EPL,5.24,13.210526315789474
26692,,73,88,2024-11-02 15:00:00,,2024,2,1,Bournemouth,Manchester City,2.4493,2.3527,1,0,0,EPL,13.0,15.05
26695,,285,75,2024-11-02 15:00:00,,2024,1,1,Ipswich,Leicester,1.33617,2.33858,0,1,0,EPL,10.615384615384615,11.318181818181818
26696,,87,220,2024-11-02 15:00:00,,2024,2,1,Liverpool,Brighton,1.81037,1.01568,1,0,0,EPL,8.058823529411764,10.464285714285714
26698,,249,81,2024-11-02 15:00:00,,2024,3,0,Nottingham Forest,West Ham,2.35011,0.132317,1,0,0,EPL,13.066666666666666,14.1875
26699,,74,72,2024-11-02 15:00:00,,2024,1,0,Southampton,Everton,0.540345,1.78581,1,0,0,EPL,15.0,9.235294117647058
26701,,229,78,2024-11-02 17:30:00,,2024,2,2,Wolverhampton Wanderers,Crystal Palace,1.65018,2.64849,0,1,0,EPL,12.956521739130435,6.103448275862069
26700,,82,71,2024-11-03 14:00:00,,2024,4,1,Tottenham,Aston Villa,2.09751,2.48749,1,0,0,EPL,10.470588235294118,5.441860465116279
26697,,89,80,2024-11-03 16:30:00,,2024,1,1,Manchester United,Chelsea,2.1605,1.21071,0,1,0,EPL,10.208333333333334,8.151515151515152
26693,,228,244,2024-11-04 20:00:00,,2024,2,1,Fulham,Brentford,1.43017,0.739231,1,0,0,EPL,12.333333333333334,6.0
26702,,244,73,2024-11-09 15:00:00,,2024,3,2,Brentford,Bournemouth,1.56474,2.49234,1,0,0,EPL,8.782608695652174,9.0
26706,,78,228,2024-11-09 15:00:00,,2024,0,2,Crystal Palace,Fulham,1.96037,2.25331,0,0,1,EPL,6.538461538461538,13.615384615384615
26710,,81,72,2024-11-09 15:00:00,,2024,0,0,West Ham,Everton,1.1237,0.865983,0,1,0,EPL,11.11111111111111,10.142857142857142
26711,,229,74,2024-11-09 15:00:00,,2024,2,0,Wolverhampton Wanderers,Southampton,0.912781,0.792655,1,0,0,EPL,5.814814814814815,25.4375
26703,,220,88,2024-11-09 17:30:00,,2024,2,1,Brighton,Manchester City,2.87116,2.60334,1,0,0,EPL,17.470588235294116,13.566666666666666
26707,,87,71,2024-11-09 20:00:00,,2024,2,0,Liverpool,Aston Villa,2.68196,1.66337,1,0,0,EPL,17.681818181818183,8.615384615384615
26704,,249,86,2024-11-10 14:00:00,,2024,1,3,Nottingham Forest,Newcastle United,1.17852,1.86904,0,0,1,EPL,13.833333333333334,10.695652173913043
26708,,89,75,2024-11-10 14:00:00,,2024,3,0,Manchester United,Leicester,1.2369,0.417295,1,0,0,EPL,14.6,10.142857142857142
26709,,82,285,2024-11-10 14:00:00,,2024,1,2,Tottenham,Ipswich,1.75088,2.18392,0,0,1,EPL,9.35483870967742,6.631578947368421
26705,,80,83,2024-11-10 16:30:00,,2024,1,1,Chelsea,Arsenal,1.24067,1.9605,0,1,0,EPL,10.26086956521739,16.5
26719,,75,80,2024-11-23 12:30:00,,2024,1,2,Leicester,Chelsea,0.967987,2.81658,0,0,1,EPL,8.347826086956522,13.291666666666666
26712,,73,220,2024-11-23 15:00:00,,2024,1,2,Bournemouth,Brighton,1.91157,1.23059,0,0,1,EPL,13.0,7.419354838709677
26714,,83,249,2024-11-23 15:00:00,,2024,3,0,Arsenal,Nottingham Forest,1.66016,0.403136,1,0,0,EPL,21.647058823529413,10.533333333333333
26715,,72,244,2024-11-23 15:00:00,,2024,0,0,Everton,Brentford,1.5951,1.34314,0,1,0,EPL,7.956521739130435,14.866666666666667
26716,,71,78,2024-11-23 15:00:00,,2024,2,2,Aston Villa,Crystal Palace,3.04455,1.61437,0,1,0,EPL,15.818181818181818,7.4
26717,,228,229,2024-11-23 15:00:00,,2024,1,4,Fulham,Wolverhampton Wanderers,0.717158,1.33903,0,0,1,EPL,14.368421052631579,6.611111111111111
26720,,88,82,2024-11-23 17:30:00,,2024,0,4,Manchester City,Tottenham,2.15899,3.30449,0,0,1,EPL,28.3,6.621621621621622
26721,,74,87,2024-11-24 14:00:00,,2024,2,3,Southampton,Liverpool,1.53985,3.18835,0,0,1,EPL,8.285714285714286,24.0
26718,,285,89,2024-11-24 16:30:00,,2024,1,1,Ipswich,Manchester United,1.98714,1.26912,0,1,0,EPL,12.0,21.136363636363637
26713,,86,81,2024-11-25 20:00:00,,2024,0,2,Newcastle United,West Ham,1.49781,0.942824,0,0,1,EPL,14.11111111111111,9.448275862068966
26723,,220,74,2024-11-29 20:00:00,,2024,1,1,Brighton,Southampton,1.86986,0.934969,0,1,0,EPL,12.045454545454545,8.588235294117647
26722,,244,75,2024-11-30 15:00:00,,2024,4,1,Brentford,Leicester,2.21885,0.907555,1,0,0,EPL,14.421052631578947,7.607142857142857
26725,,78,86,2024-11-30 15:00:00,,2024,1,1,Crystal Palace,Newcastle United,2.29595,0.020989,0,1,0,EPL,9.5,8.851851851851851
26728,,249,285,2024-11-30 15:00:00,,2024,1,0,Nottingham Forest,Ipswich,1.76587,0.462771,1,0,0,EPL,7.722222222222222,12.875
26731,,229,73,2024-11-30 15:00:00,,2024,2,4,Wolverhampton Wanderers,Bournemouth,0.866034,3.07901,0,0,1,EPL,10.74074074074074,11.3125
26730,,81,83,2024-11-30 17:30:00,,2024,2,5,West Ham,Arsenal,1.23539,3.99935,0,0,1,EPL,12.0,13.833333333333334
26724,,80,71,2024-12-01 13:30:00,,2024,3,0,Chelsea,Aston Villa,1.94939,0.875443,1,0,0,EPL,39.6,8.1
26727,,89,72,2024-12-01 13:30:00,,2024,4,0,Manchester United,Everton,1.76161,0.766749,1,0,0,EPL,17.074074074074073,11.458333333333334
26729,,82,228,2024-12-01 13:30:00,,2024,1,1,Tottenham,Fulham,1.01086,1.57274,0,1,0,EPL,11.347826086956522,19.307692307692307
26726,,87,88,2024-12-01 16:00:00,,2024,2,0,Liverpool,Manchester City,3.70054,0.745015,1,0,0,EPL,15.6875,17.352941176470587
26737,,285,78,2024-12-03 19:30:00,,2024,0,1,Ipswich,Crystal Palace,0.471708,1.65422,0,0,1,EPL,13.565217391304348,10.956521739130435
26738,,75,81,2024-12-03 20:15:00,,2024,3,1,Leicester,West Ham,2.78061,2.87716,1,0,0,EPL,12.777777777777779,10.068965517241379
26735,,72,229,2024-12-04 19:30:00,,2024,4,0,Everton,Wolverhampton Wanderers,1.49904,0.847724,1,0,0,EPL,7.708333333333333,10.178571428571429
26739,,88,249,2024-12-04 19:30:00,,2024,3,0,Manchester City,Nottingham Forest,3.20169,0.802155,1,0,0,EPL,10.703703703703704,7.866666666666666
26740,,86,87,2024-12-04 19:30:00,,2024,3,3,Newcastle United,Liverpool,1.52057,2.22766,0,1,0,EPL,8.153846153846153,13.590909090909092
26741,,74,80,2024-12-04 19:30:00,,2024,1,5,Southampton,Chelsea,1.91014,5.8331,0,0,1,EPL,11.074074074074074,33.375
26733,,83,89,2024-12-04 20:15:00,,2024,2,0,Arsenal,Manchester United,2.96684,0.256083,1,0,0,EPL,19.4,11.8
26734,,71,244,2024-12-04 20:15:00,,2024,3,1,Aston Villa,Brentford,3.21673,1.13266,1,0,0,EPL,7.258064516129032,11.105263157894736
26736,,228,220,2024-12-05 19:30:00,,2024,3,1,Fulham,Brighton,0.666644,1.09939,1,0,0,EPL,13.647058823529411,18.705882352941178
26732,,73,82,2024-12-05 20:15:00,,2024,1,0,Bournemouth,Tottenham,3.27716,0.623934,1,0,0,EPL,3.5925925925925926,7.064516129032258
26742,,71,74,2024-12-07 15:00:00,,2024,1,0,Aston Villa,Southampton,2.51338,0.385832,1,0,0,EPL,8.851851851851851,7.885714285714286
26743,,244,86,2024-12-07 15:00:00,,2024,4,2,Brentford,Newcastle United,1.746,1.95645,1,0,0,EPL,12.133333333333333,10.76
26747,,78,88,2024-12-07 15:00:00,,2024,2,2,Crystal Palace,Manchester City,1.21476,1.5846,0,1,0,EPL,8.227272727272727,38.8
26744,,89,249,2024-12-07 17:30:00,,2024,2,3,Manchester United,Nottingham Forest,1.4697,0.651217,0,0,1,EPL,26.384615384615383,3.2083333333333335
26749,,228,83,2024-12-08 14:00:00,,2024,1,1,Fulham,Arsenal,0.150988,2.4333,0,1,0,EPL,8.68421052631579,24.357142857142858
26750,,285,73,2024-12-08 14:00:00,,2024,1,2,Ipswich,Bournemouth,1.5668,3.49127,0,0,1,EPL,5.125,9.4
26751,,75,220,2024-12-08 14:00:00,,2024,2,2,Leicester,Brighton,1.42438,1.12184,0,1,0,EPL,12.423076923076923,14.5
26745,,82,80,2024-12-08 16:30:00,,2024,3,4,Tottenham,Chelsea,3.25488,2.57326,0,0,1,EPL,7.958333333333333,9.857142857142858
26746,,81,229,2024-12-09 20:00:00,,2024,2,1,West Ham,Wolverhampton Wanderers,1.19808,1.47567,1,0,0,EPL,8.037037037037036,9.043478260869565
26752,,87,228,2024-12-14 15:00:00,,2024,2,2,Liverpool,Fulham,2.09698,1.2862,0,1,0,EPL,38.75,7.703703703703703
26755,,83,72,2024-12-14 15:00:00,,2024,0,0,Arsenal,Everton,1.30865,0.132166,0,1,0,EPL,19.77777777777778,5.0476190476190474
26758,,229,285,2024-12-14 15:00:00,,2024,1,2,Wolverhampton Wanderers,Ipswich,1.23748,1.73349,0,0,1,EPL,12.363636363636363,11.608695652173912
26760,,86,75,2024-12-14 15:00:00,,2024,4,0,Newcastle United,Leicester,3.95461,0.186759,1,0,0,EPL,14.826086956521738,11.368421052631579
26761,,249,71,2024-12-14 17:30:00,,2024,2,1,Nottingham Forest,Aston Villa,2.2861,0.389423,1,0,0,EPL,16.928571428571427,17.3125
26756,,220,78,2024-12-15 14:00:00,,2024,1,3,Brighton,Crystal Palace,1.32323,3.00618,0,0,1,EPL,14.136363636363637,4.756756756756757
26753,,88,89,2024-12-15 16:30:00,,2024,1,2,Manchester City,Manchester United,0.638103,2.04662,0,0,1,EPL,7.928571428571429,16.944444444444443
26757,,80,244,2024-12-15 19:00:00,,2024,2,1,Chelsea,Brentford,2.59146,1.65861,1,0,0,EPL,14.625,8.761904761904763
26759,,74,82,2024-12-15 19:00:00,,2024,0,5,Southampton,Tottenham,1.27356,3.89322,0,0,1,EPL,10.666666666666666,17.47826086956522
26754,,73,81,2024-12-16 20:00:00,,2024,1,1,Bournemouth,West Ham,2.04842,1.81827,0,1,0,EPL,10.894736842105264,11.473684210526315
26762,,71,88,2024-12-21 12:30:00,,2024,2,1,Aston Villa,Manchester City,2.05988,1.09627,1,0,0,EPL,19.6,18.357142857142858
26766,,244,249,2024-12-21 15:00:00,,2024,0,2,Brentford,Nottingham Forest,0.769004,0.964897,0,0,1,EPL,15.222222222222221,4.862068965517241
26767,,81,220,2024-12-21 15:00:00,,2024,1,1,West Ham,Brighton,1.22937,1.34379,0,1,0,EPL,6.1891891891891895,9.48
26771,,285,86,2024-12-21 15:00:00,,2024,0,4,Ipswich,Newcastle United,1.06427,3.23386,0,0,1,EPL,12.263157894736842,17.782608695652176
26765,,78,83,2024-12-21 17:30:00,,2024,1,5,Crystal Palace,Arsenal,1.6052,3.05434,0,0,1,EPL,12.833333333333334,17.3
26763,,228,74,2024-12-22 14:00:00,,2024,0,0,Fulham,Southampton,1.25255,0.280031,0,1,0,EPL,11.653846153846153,18.333333333333332
26764,,72,80,2024-12-22 14:00:00,,2024,0,0,Everton,Chelsea,1.07081,1.51591,0,1,0,EPL,4.782608695652174,14.428571428571429
26769,,89,73,2024-12-22 14:00:00,,2024,0,3,Manchester United,Bournemouth,2.28533,1.82831,0,0,1,EPL,9.23076923076923,7.3478260869565215
26770,,75,229,2024-12-22 14:00:00,,2024,0,3,Leicester,Wolverhampton Wanderers,0.78868,1.13531,0,0,1,EPL,14.590909090909092,11.851851851851851
26768,,82,87,2024-12-22 16:30:00,,2024,3,6,Tottenham,Liverpool,1.20245,5.20214,0,0,1,EPL,11.551724137931034,21.53846153846154
26777,,88,72,2024-12-26 12:30:00,,2024,1,1,Manchester City,Everton,2.51965,0.653289,0,1,0,EPL,28.09090909090909,10.666666666666666
26772,,73,78,2024-12-26 15:00:00,,2024,0,0,Bournemouth,Crystal Palace,1.20189,0.500066,0,1,0,EPL,11.842105263157896,6.411764705882353
26775,,80,228,2024-12-26 15:00:00,,2024,1,2,Chelsea,Fulham,1.55626,1.77929,0,0,1,EPL,17.88235294117647,16.869565217391305
26778,,86,71,2024-12-26 15:00:00,,2024,3,0,Newcastle United,Aston Villa,2.82867,0.225522,1,0,0,EPL,21.714285714285715,6.107142857142857
26779,,249,82,2024-12-26 15:00:00,,2024,1,0,Nottingham Forest,Tottenham,1.30018,1.05758,1,0,0,EPL,5.4,23.153846153846153
26780,,74,81,2024-12-26 15:00:00,,2024,0,1,Southampton,West Ham,2.19833,1.90111,0,0,1,EPL,18.857142857142858,7.9655172413793105
26781,,229,89,2024-12-26 17:30:00,,2024,2,0,Wolverhampton Wanderers,Manchester United,0.826489,0.358876,1,0,0,EPL,7.470588235294118,10.523809523809524
26776,,87,75,2024-12-26 20:00:00,,2024,3,1,Liverpool,Leicester,1.89935,0.22097,1,0,0,EPL,78.0,5.484848484848484
26774,,220,244,2024-12-27 19:30:00,,2024,0,0,Brighton,Brentford,1.33538,0.961233,0,1,0,EPL,12.631578947368421,8.347826086956522
26773,,83,285,2024-12-27 20:15:00,,2024,1,0,Arsenal,Ipswich,2.16462,0.0783327,1,0,0,EPL,19.41176470588235,6.428571428571429
26788,,75,88,2024-12-29 14:30:00,,2024,0,2,Leicester,Manchester City,1.84208,1.58002,0,0,1,EPL,27.642857142857142,15.31578947368421
26784,,78,74,2024-12-29 15:00:00,,2024,2,1,Crystal Palace,Southampton,3.05417,1.21853,1,0,0,EPL,5.65625,7.0285714285714285
26785,,72,249,2024-12-29 15:00:00,,2024,0,2,Everton,Nottingham Forest,0.615191,2.02753,0,0,1,EPL,17.0,8.1875
26786,,228,73,2024-12-29 15:00:00,,2024,2,2,Fulham,Bournemouth,0.961566,1.70692,0,1,0,EPL,10.423076923076923,11.944444444444445
26790,,82,229,2024-12-29 15:00:00,,2024,2,2,Tottenham,Wolverhampton Wanderers,2.28433,0.640697,0,1,0,EPL,10.9,11.68421052631579
26791,,81,87,2024-12-29 17:15:00,,2024,0,5,West Ham,Liverpool,0.518279,3.29868,0,0,1,EPL,10.035714285714286,14.157894736842104
26782,,71,220,2024-12-30 19:45:00,,2024,2,2,Aston Villa,Brighton,1.87997,0.938042,0,1,0,EPL,8.59375,9.95
26787,,285,80,2024-12-30 19:45:00,,2024,2,0,Ipswich,Chelsea,1.50093,1.60622,1,0,0,EPL,7.5625,22.9375
26789,,89,86,2024-12-30 20:00:00,,2024,0,2,Manchester United,Newcastle United,1.00073,2.2424,0,0,1,EPL,19.444444444444443,9.833333333333334
26783,,244,83,2025-01-01 17:30:00,,2024,1,3,Brentford,Arsenal,0.272604,1.99848,0,0,1,EPL,17.41176470588235,17.727272727272727
26800,,82,86,2025-01-04 12:30:00,,2024,1,2,Tottenham,Newcastle United,1.00333,2.42963,0,0,1,EPL,7.730769230769231,5.806451612903226
26792,,73,72,2025-01-04 15:00:00,,2024,1,0,Bournemouth,Everton,2.61852,0.561015,1,0,0,EPL,10.722222222222221,3.962962962962963
26793,,71,75,2025-01-04 15:00:00,,2024,2,1,Aston Villa,Leicester,2.3456,0.81548,1,0,0,EPL,20.842105263157894,9.03448275862069
26795,,78,80,2025-01-04 15:00:00,,2024,1,1,Crystal Palace,Chelsea,1.2766,1.51541,0,1,0,EPL,9.272727272727273,19.294117647058822
26798,,88,81,2025-01-04 15:00:00,,2024,4,1,Manchester City,West Ham,1.97986,1.53286,1,0,0,EPL,11.777777777777779,14.68421052631579
26799,,74,244,2025-01-04 15:00:00,,2024,0,5,Southampton,Brentford,0.249614,5.54874,0,0,1,EPL,11.090909090909092,12.88888888888889
26794,,220,83,2025-01-04 17:30:00,,2024,1,1,Brighton,Arsenal,1.76513,1.81142,0,1,0,EPL,10.833333333333334,14.772727272727273
26796,,228,285,2025-01-05 14:00:00,,2024,2,2,Fulham,Ipswich,2.65469,1.4434,0,1,0,EPL,13.75,8.1875
26797,,87,89,2025-01-05 16:30:00,,2024,2,2,Liverpool,Manchester United,2.862,1.67469,0,1,0,EPL,7.555555555555555,8.869565217391305
26801,,229,249,2025-01-06 20:00:00,,2024,0,3,Wolverhampton Wanderers,Nottingham Forest,1.90463,2.57227,0,0,1,EPL,18.2,9.55
26803,,244,88,2025-01-14 19:30:00,,2024,2,2,Brentford,Manchester City,2.39088,2.65315,0,1,0,EPL,20.181818181818183,14.214285714285714
26808,,81,228,2025-01-14 19:30:00,,2024,3,2,West Ham,Fulham,0.937322,2.83581,1,0,0,EPL,8.65625,17.294117647058822
26809,,80,73,2025-01-14 19:30:00,,2024,2,2,Chelsea,Bournemouth,2.53808,1.14845,0,1,0,EPL,8.923076923076923,9.421052631578947
26807,,249,87,2025-01-14 20:00:00,,2024,1,1,Nottingham Forest,Liverpool,0.5292,2.72291,0,1,0,EPL,6.375,21.545454545454547
26804,,72,71,2025-01-15 19:30:00,,2024,0,1,Everton,Aston Villa,1.23126,1.28522,0,0,1,EPL,14.6,9.678571428571429
26806,,75,78,2025-01-15 19:30:00,,2024,0,2,Leicester,Crystal Palace,2.09904,2.2647,0,0,1,EPL,15.478260869565217,12.272727272727273
26810,,86,229,2025-01-15 19:30:00,,2024,3,0,Newcastle United,Wolverhampton Wanderers,2.13327,1.47433,1,0,0,EPL,14.833333333333334,5.59375
26802,,83,82,2025-01-15 20:00:00,,2024,2,1,Arsenal,Tottenham,2.25501,0.777071,1,0,0,EPL,21.444444444444443,6.135135135135135
26805,,285,220,2025-01-16 19:30:00,,2024,0,2,Ipswich,Brighton,0.268127,1.06343,0,0,1,EPL,10.538461538461538,11.565217391304348
26811,,89,74,2025-01-16 20:00:00,,2024,3,1,Manchester United,Southampton,3.10847,1.36705,1,0,0,EPL,12.821428571428571,12.411764705882353
26819,,86,73,2025-01-18 12:30:00,,2024,1,4,Newcastle United,Bournemouth,0.837801,2.70174,0,0,1,EPL,6.147058823529412,7.9375
26813,,244,87,2025-01-18 15:00:00,,2024,0,2,Brentford,Liverpool,1.20021,4.16249,0,0,1,EPL,8.16,16.9
26817,,75,228,2025-01-18 15:00:00,,2024,0,2,Leicester,Fulham,0.676934,2.36823,0,0,1,EPL,9.80952380952381,19.0
26821,,81,78,2025-01-18 15:00:00,,2024,0,2,West Ham,Crystal Palace,0.221062,1.62561,0,0,1,EPL,12.74074074074074,13.85
26812,,83,71,2025-01-18 17:30:00,,2024,2,2,Arsenal,Aston Villa,1.64458,1.20602,0,1,0,EPL,15.0,6.818181818181818
26815,,72,82,2025-01-19 14:00:00,,2024,3,2,Everton,Tottenham,2.56089,1.35719,1,0,0,EPL,9.0,12.035714285714286
26818,,89,220,2025-01-19 14:00:00,,2024,1,3,Manchester United,Brighton,1.31823,2.17172,0,0,1,EPL,18.857142857142858,8.866666666666667
26820,,249,74,2025-01-19 14:00:00,,2024,3,2,Nottingham Forest,Southampton,2.36419,1.25922,1,0,0,EPL,9.823529411764707,12.842105263157896
26816,,285,88,2025-01-19 16:30:00,,2024,0,6,Ipswich,Manchester City,0.795637,3.20228,0,0,1,EPL,8.869565217391305,39.8
26814,,80,229,2025-01-20 20:00:00,,2024,3,1,Chelsea,Wolverhampton Wanderers,3.14882,1.06726,1,0,0,EPL,16.045454545454547,13.23076923076923
26822,,73,249,2025-01-25 15:00:00,,2024,5,0,Bournemouth,Nottingham Forest,2.8254,0.996166,1,0,0,EPL,7.65,7.666666666666667
26824,,220,72,2025-01-25 15:00:00,,2024,0,1,Brighton,Everton,0.64378,0.870883,0,0,1,EPL,16.68421052631579,6.6923076923076925
26827,,87,285,2025-01-25 15:00:00,,2024,4,1,Liverpool,Ipswich,2.16809,0.804707,1,0,0,EPL,11.72,6.551724137931035
26829,,74,86,2025-01-25 15:00:00,,2024,1,3,Southampton,Newcastle United,0.825621,3.08319,0,0,1,EPL,11.181818181818182,13.555555555555555
26831,,229,83,2025-01-25 15:00:00,,2024,0,1,Wolverhampton Wanderers,Arsenal,0.514724,0.887358,0,0,1,EPL,7.733333333333333,6.7407407407407405
26828,,88,80,2025-01-25 17:30:00,,2024,3,1,Manchester City,Chelsea,2.23213,1.49843,1,0,0,EPL,22.705882352941178,15.529411764705882
26825,,78,244,2025-01-26 14:00:00,,2024,1,2,Crystal Palace,Brentford,1.23177,1.92037,0,0,1,EPL,8.5,15.454545454545455
26830,,82,75,2025-01-26 14:00:00,,2024,1,2,Tottenham,Leicester,1.27483,1.40469,0,0,1,EPL,11.25925925925926,11.4
26823,,71,81,2025-01-26 16:30:00,,2024,1,1,Aston Villa,West Ham,0.907851,1.67886,0,1,0,EPL,6.32258064516129,8.67741935483871
26826,,228,89,2025-01-26 19:00:00,,2024,0,1,Fulham,Manchester United,0.560571,0.201988,0,0,1,EPL,16.058823529411764,30.8
26840,,249,220,2025-02-01 12:30:00,,2024,7,0,Nottingham Forest,Brighton,4.0677,0.756296,1,0,0,EPL,6.285714285714286,19.9375
26832,,73,87,2025-02-01 15:00:00,,2024,0,2,Bournemouth,Liverpool,1.65273,2.7219,0,0,1,EPL,8.636363636363637,8.192307692307692
26836,,72,75,2025-02-01 15:00:00,,2024,4,0,Everton,Leicester,3.11261,0.447136,1,0,0,EPL,12.043478260869565,17.944444444444443
26837,,285,74,2025-02-01 15:00:00,,2024,1,2,Ipswich,Southampton,1.94845,1.17566,0,0,1,EPL,10.310344827586206,9.041666666666666
26839,,86,228,2025-02-01 15:00:00,,2024,1,2,Newcastle United,Fulham,1.22716,1.60881,0,0,1,EPL,11.736842105263158,13.6875
26841,,229,71,2025-02-01 17:30:00,,2024,2,0,Wolverhampton Wanderers,Aston Villa,2.00146,0.742809,1,0,0,EPL,11.5,12.25
26834,,244,82,2025-02-02 14:00:00,,2024,0,2,Brentford,Tottenham,1.66475,0.945355,0,0,1,EPL,9.083333333333334,12.333333333333334
26838,,89,78,2025-02-02 14:00:00,,2024,0,2,Manchester United,Crystal Palace,1.50706,2.44633,0,0,1,EPL,13.476190476190476,5.565217391304348
26833,,83,88,2025-02-02 16:30:00,,2024,5,1,Arsenal,Manchester City,1.53202,0.743191,1,0,0,EPL,17.76923076923077,14.466666666666667
26835,,80,81,2025-02-03 20:00:00,,2024,2,1,Chelsea,West Ham,1.39066,1.1868,1,0,0,EPL,30.5,6.2727272727272725
26748,,72,87,2025-02-12 19:30:00,,2024,2,2,Everton,Liverpool,0.910523,0.929103,0,1,0,EPL,4.5625,17.72222222222222
26843,,220,80,2025-02-14 20:00:00,,2024,3,0,Brighton,Chelsea,2.06892,0.649788,1,0,0,EPL,6.193548387096774,17.074074074074073
26846,,75,83,2025-02-15 12:30:00,,2024,0,2,Leicester,Arsenal,0.233209,1.75,0,0,1,EPL,6.0,10.461538461538462
26842,,71,285,2025-02-15 15:00:00,,2024,1,1,Aston Villa,Ipswich,2.89841,0.332864,0,1,0,EPL,13.208333333333334,7.666666666666667
26845,,228,249,2025-02-15 15:00:00,,2024,2,1,Fulham,Nottingham Forest,2.20993,0.331301,1,0,0,EPL,25.363636363636363,13.941176470588236
26848,,88,86,2025-02-15 15:00:00,,2024,4,0,Manchester City,Newcastle United,2.12004,0.157211,1,0,0,EPL,10.903225806451612,15.5
26849,,74,73,2025-02-15 15:00:00,,2024,1,3,Southampton,Bournemouth,0.974418,2.08722,0,0,1,EPL,7.230769230769231,8.724137931034482
26851,,81,244,2025-02-15 15:00:00,,2024,0,1,West Ham,Brentford,0.673466,1.96499,0,0,1,EPL,8.8125,10.052631578947368
26844,,78,72,2025-02-15 17:30:00,,2024,1,2,Crystal Palace,Everton,2.30646,1.01565,0,0,1,EPL,10.695652173913043,9.65
26847,,87,229,2025-02-16 14:00:00,,2024,2,1,Liverpool,Wolverhampton Wanderers,1.86758,1.05329,1,0,0,EPL,9.25,11.454545454545455
26850,,82,89,2025-02-16 16:30:00,,2024,1,0,Tottenham,Manchester United,1.97109,1.42652,1,0,0,EPL,11.5,9.636363636363637
26884,,71,87,2025-02-19 15:00:00,,2024,2,2,Aston Villa,Liverpool,1.02269,2.04279,0,1,0,EPL,13.277777777777779,11.5
26858,,75,244,2025-02-21 20:00:00,,2024,0,4,Leicester,Brentford,0.727901,2.03465,0,0,1,EPL,10.764705882352942,18.916666666666668
26855,,72,89,2025-02-22 12:30:00,,2024,2,2,Everton,Manchester United,2.10444,0.645685,0,1,0,EPL,6.391304347826087,14.043478260869565
26852,,73,229,2025-02-22 15:00:00,,2024,0,1,Bournemouth,Wolverhampton Wanderers,0.629691,2.10124,0,0,1,EPL,5.387096774193548,8.333333333333334
26853,,83,81,2025-02-22 15:00:00,,2024,0,1,Arsenal,West Ham,1.37264,1.02684,0,0,1,EPL,13.761904761904763,5.193548387096774
26856,,228,78,2025-02-22 15:00:00,,2024,0,2,Fulham,Crystal Palace,0.23426,1.46203,0,0,1,EPL,17.666666666666668,7.12
26857,,285,82,2025-02-22 15:00:00,,2024,1,4,Ipswich,Tottenham,1.15389,1.58741,0,0,1,EPL,9.0,10.228571428571428
26861,,74,220,2025-02-22 15:00:00,,2024,0,4,Southampton,Brighton,0.154147,5.12018,0,0,1,EPL,9.777777777777779,9.846153846153847
26854,,71,80,2025-02-22 17:30:00,,2024,2,1,Aston Villa,Chelsea,2.69413,2.17418,1,0,0,EPL,11.72,9.642857142857142
26860,,86,249,2025-02-23 14:00:00,,2024,4,3,Newcastle United,Nottingham Forest,3.45858,2.38603,1,0,0,EPL,10.958333333333334,6.75
26859,,88,87,2025-02-23 16:30:00,,2024,0,2,Manchester City,Liverpool,0.58248,0.807058,0,0,1,EPL,21.2,18.90909090909091
26863,,220,73,2025-02-25 19:30:00,,2024,2,1,Brighton,Bournemouth,2.57927,1.70169,1,0,0,EPL,4.588235294117647,11.619047619047619
26867,,229,228,2025-02-25 19:30:00,,2024,1,2,Wolverhampton Wanderers,Fulham,0.928973,1.43473,0,0,1,EPL,13.083333333333334,13.411764705882353
26868,,78,71,2025-02-25 19:30:00,,2024,4,1,Crystal Palace,Aston Villa,4.02522,0.667217,1,0,0,EPL,5.714285714285714,6.428571428571429
26869,,80,74,2025-02-25 20:15:00,,2024,4,0,Chelsea,Southampton,2.98234,0.845039,1,0,0,EPL,21.866666666666667,13.75
26862,,244,72,2025-02-26 19:30:00,,2024,1,1,Brentford,Everton,1.34009,1.44955,0,1,0,EPL,31.875,13.625
26864,,249,83,2025-02-26 19:30:00,,2024,0,0,Nottingham Forest,Arsenal,0.508611,1.31766,0,1,0,EPL,5.3478260869565215,13.117647058823529
26865,,82,88,2025-02-26 19:30:00,,2024,0,1,Tottenham,Manchester City,1.28426,2.38641,0,0,1,EPL,13.423076923076923,10.458333333333334
26871,,89,285,2025-02-26 19:30:00,,2024,3,2,Manchester United,Ipswich,1.40202,1.04498,1,0,0,EPL,8.708333333333334,15.461538461538462
26870,,87,86,2025-02-26 20:15:00,,2024,2,0,Liverpool,Newcastle United,1.40027,0.45882,1,0,0,EPL,19.5,6.777777777777778
26866,,81,75,2025-02-27 20:00:00,,2024,2,0,West Ham,Leicester,1.70437,0.289578,1,0,0,EPL,20.11111111111111,14.473684210526315
26878,,249,88,2025-03-08 12:30:00,,2024,1,0,Nottingham Forest,Manchester City,0.501476,0.721234,1,0,0,EPL,7.625,13.869565217391305
26873,,220,228,2025-03-08 15:00:00,,2024,2,1,Brighton,Fulham,1.94417,0.708227,1,0,0,EPL,22.153846153846153,9.0
26875,,78,285,2025-03-08 15:00:00,,2024,1,0,Crystal Palace,Ipswich,3.13879,1.63282,1,0,0,EPL,16.0,5.866666666666666
26876,,87,74,2025-03-08 15:00:00,,2024,3,1,Liverpool,Southampton,4.98996,0.511566,1,0,0,EPL,19.833333333333332,4.823529411764706
26872,,244,71,2025-03-08 17:30:00,,2024,0,1,Brentford,Aston Villa,0.637743,1.29638,0,0,1,EPL,20.25,5.777777777777778
26881,,229,72,2025-03-08 20:00:00,,2024,1,1,Wolverhampton Wanderers,Everton,0.812432,1.3672,0,1,0,EPL,10.264705882352942,9.263157894736842
26874,,80,75,2025-03-09 14:00:00,,2024,1,0,Chelsea,Leicester,1.76844,0.108487,1,0,0,EPL,10.96,12.523809523809524
26879,,82,73,2025-03-09 14:00:00,,2024,2,2,Tottenham,Bournemouth,1.35053,2.22536,0,1,0,EPL,7.861111111111111,6.884615384615385
26877,,89,83,2025-03-09 16:30:00,,2024,1,1,Manchester United,Arsenal,1.31107,1.82996,0,1,0,EPL,8.117647058823529,16.0
26880,,81,86,2025-03-10 20:00:00,,2024,0,1,West Ham,Newcastle United,0.823986,1.62976,0,0,1,EPL,11.952380952380953,12.0
26885,,72,81,2025-03-15 15:00:00,,2024,1,1,Everton,West Ham,1.189,0.516029,0,1,0,EPL,25.0,8.923076923076923
26887,,285,249,2025-03-15 15:00:00,,2024,2,4,Ipswich,Nottingham Forest,0.520839,1.30722,0,0,1,EPL,11.5,21.428571428571427
26889,,88,220,2025-03-15 15:00:00,,2024,2,2,Manchester City,Brighton,2.02642,2.11119,0,1,0,EPL,18.2,10.647058823529411
26891,,74,229,2025-03-15 15:00:00,,2024,1,2,Southampton,Wolverhampton Wanderers,1.2821,0.540718,0,0,1,EPL,12.357142857142858,11.454545454545455
26882,,73,244,2025-03-15 17:30:00,,2024,1,2,Bournemouth,Brentford,2.02714,1.60321,0,0,1,EPL,7.8,7.285714285714286
26883,,83,80,2025-03-16 13:30:00,,2024,1,0,Arsenal,Chelsea,0.695725,0.286036,1,0,0,EPL,11.588235294117647,13.88888888888889
26886,,228,82,2025-03-16 13:30:00,,2024,2,0,Fulham,Tottenham,1.03966,1.40865,1,0,0,EPL,10.037037037037036,8.75
26888,,75,89,2025-03-16 19:00:00,,2024,0,3,Leicester,Manchester United,1.30455,1.13892,0,0,1,EPL,14.954545454545455,10.538461538461538
26892,,83,228,2025-04-01 19:45:00,,2024,2,1,Arsenal,Fulham,2.30189,1.44206,1,0,0,EPL,20.285714285714285,16.8
26895,,229,81,2025-04-01 19:45:00,,2024,1,0,Wolverhampton Wanderers,West Ham,1.10359,1.73057,1,0,0,EPL,8.071428571428571,14.0
26894,,249,89,2025-04-01 20:00:00,,2024,1,0,Nottingham Forest,Manchester United,0.512063,1.86688,1,0,0,EPL,4.5,21.705882352941178
26893,,220,71,2025-04-02 19:45:00,,2024,0,3,Brighton,Aston Villa,0.558009,1.20715,0,0,1,EPL,12.5,7.5
26896,,73,285,2025-04-02 19:45:00,,2024,1,2,Bournemouth,Ipswich,1.99637,1.41263,0,0,1,EPL,15.666666666666666,5.233333333333333
26898,,88,75,2025-04-02 19:45:00,,2024,2,0,Manchester City,Leicester,2.07165,0.104741,1,0,0,EPL,35.0,8.545454545454545
26899,,86,244,2025-04-02 19:45:00,,2024,2,1,Newcastle United,Brentford,2.26584,1.53201,1,0,0,EPL,7.72,9.91304347826087
26900,,74,78,2025-04-02 19:45:00,,2024,1,1,Southampton,Crystal Palace,0.687304,0.93776,0,1,0,EPL,15.642857142857142,12.0
26901,,87,72,2025-04-02 20:00:00,,2024,1,0,Liverpool,Everton,1.29718,0.823136,1,0,0,EPL,16.705882352941178,4.318181818181818
26897,,80,82,2025-04-03 19:00:00,,2024,1,0,Chelsea,Tottenham,1.30443,1.40274,1,0,0,EPL,11.777777777777779,12.714285714285714
26905,,72,83,2025-04-05 11:30:00,,2024,1,1,Everton,Arsenal,1.22875,1.4031,0,1,0,EPL,3.55,11.791666666666666
26904,,78,220,2025-04-05 14:00:00,,2024,2,1,Crystal Palace,Brighton,0.443965,1.27226,1,0,0,EPL,7.791666666666667,16.105263157894736
26907,,285,229,2025-04-05 14:00:00,,2024,1,2,Ipswich,Wolverhampton Wanderers,0.872356,2.8096,0,0,1,EPL,8.7,12.555555555555555
26911,,81,73,2025-04-05 14:00:00,,2024,2,2,West Ham,Bournemouth,0.907832,1.94869,0,1,0,EPL,8.25,8.173913043478262
26902,,71,249,2025-04-05 16:30:00,,2024,2,1,Aston Villa,Nottingham Forest,2.63349,0.96769,1,0,0,EPL,10.521739130434783,9.947368421052632
26903,,244,80,2025-04-06 13:00:00,,2024,0,0,Brentford,Chelsea,1.36123,1.47829,0,1,0,EPL,8.727272727272727,13.0
26906,,228,87,2025-04-06 13:00:00,,2024,3,2,Fulham,Liverpool,1.72764,1.40638,1,0,0,EPL,6.428571428571429,21.733333333333334
26910,,82,74,2025-04-06 13:00:00,,2024,3,1,Tottenham,Southampton,2.648,0.780439,1,0,0,EPL,8.764705882352942,7.7272727272727275
26909,,89,88,2025-04-06 15:30:00,,2024,0,0,Manchester United,Manchester City,1.23317,0.687894,0,1,0,EPL,10.454545454545455,13.523809523809524
26908,,75,86,2025-04-07 19:00:00,,2024,0,3,Leicester,Newcastle United,0.354575,3.44111,0,0,1,EPL,12.518518518518519,10.416666666666666
26917,,88,78,2025-04-12 11:30:00,,2024,5,2,Manchester City,Crystal Palace,4.59724,1.33808,1,0,0,EPL,46.22222222222222,8.923076923076923
26914,,220,75,2025-04-12 14:00:00,,2024,2,2,Brighton,Leicester,3.6978,1.98444,0,1,0,EPL,17.705882352941178,8.8
26920,,249,72,2025-04-12 14:00:00,,2024,0,1,Nottingham Forest,Everton,0.423949,1.26036,0,0,1,EPL,11.333333333333334,22.1
26921,,74,71,2025-04-12 14:00:00,,2024,0,3,Southampton,Aston Villa,0.412256,2.99927,0,0,1,EPL,10.952380952380953,22.90909090909091
26913,,83,244,2025-04-12 16:30:00,,2024,1,1,Arsenal,Brentford,0.767369,0.588583,0,1,0,EPL,10.631578947368421,12.23076923076923
26915,,80,285,2025-04-13 13:00:00,,2024,2,2,Chelsea,Ipswich,2.90758,1.60301,0,1,0,EPL,22.818181818181817,4.16
26916,,87,81,2025-04-13 13:00:00,,2024,2,1,Liverpool,West Ham,1.42902,1.46598,1,0,0,EPL,17.0,8.903225806451612
26919,,229,82,2025-04-13 13:00:00,,2024,4,2,Wolverhampton Wanderers,Tottenham,2.22977,1.62887,1,0,0,EPL,8.043478260869565,15.238095238095237
26918,,86,89,2025-04-13 15:30:00,,2024,4,1,Newcastle United,Manchester United,2.6383,0.786568,1,0,0,EPL,11.38888888888889,7.621621621621622
26912,,73,228,2025-04-14 19:00:00,,2024,1,0,Bournemouth,Fulham,1.8577,1.07203,1,0,0,EPL,9.61111111111111,11.736842105263158
26890,,86,78,2025-04-16 18:30:00,,2024,5,0,Newcastle United,Crystal Palace,2.32947,2.37548,1,0,0,EPL,16.136363636363637,13.583333333333334
26923,,244,220,2025-04-19 14:00:00,,2024,4,2,Brentford,Brighton,2.95516,1.24107,1,0,0,EPL,15.333333333333334,14.333333333333334
26924,,78,73,2025-04-19 14:00:00,,2024,0,0,Crystal Palace,Bournemouth,0.337818,0.664093,0,1,0,EPL,6.6923076923076925,16.0625
26925,,72,88,2025-04-19 14:00:00,,2024,0,2,Everton,Manchester City,0.81683,1.87989,0,0,1,EPL,10.9375,17.7
26931,,81,74,2025-04-19 14:00:00,,2024,1,1,West Ham,Southampton,0.98423,0.922877,0,1,0,EPL,14.05,21.181818181818183
26922,,71,86,2025-04-19 16:30:00,,2024,4,1,Aston Villa,Newcastle United,3.05371,1.27176,1,0,0,EPL,13.875,11.227272727272727
26926,,228,80,2025-04-20 13:00:00,,2024,1,2,Fulham,Chelsea,0.306122,0.75172,0,0,1,EPL,13.0625,16.31578947368421
26927,,285,83,2025-04-20 13:00:00,,2024,0,4,Ipswich,Arsenal,0.192879,2.81362,0,0,1,EPL,7.85,19.866666666666667
26929,,89,229,2025-04-20 13:00:00,,2024,0,1,Manchester United,Wolverhampton Wanderers,1.13966,0.187814,0,0,1,EPL,9.35483870967742,7.896551724137931
26928,,75,87,2025-04-20 15:30:00,,2024,0,1,Leicester,Liverpool,0.232205,4.52706,0,0,1,EPL,12.578947368421053,14.61111111111111
26930,,82,249,2025-04-21 19:00:00,,2024,1,2,Tottenham,Nottingham Forest,2.4024,0.557682,0,0,1,EPL,12.666666666666666,5.476190476190476
26937,,88,71,2025-04-22 19:00:00,,2024,2,1,Manchester City,Aston Villa,1.36232,1.85906,1,0,0,EPL,17.785714285714285,10.555555555555555
26933,,83,78,2025-04-23 19:00:00,,2024,2,2,Arsenal,Crystal Palace,1.92149,2.50515,0,1,0,EPL,30.1875,13.0
26935,,80,72,2025-04-26 11:30:00,,2024,1,0,Chelsea,Everton,0.768313,0.916838,1,0,0,EPL,14.619047619047619,10.576923076923077
26934,,220,81,2025-04-26 14:00:00,,2024,3,2,Brighton,West Ham,1.29433,1.24134,1,0,0,EPL,24.0,9.166666666666666
26938,,86,285,2025-04-26 14:00:00,,2024,3,0,Newcastle United,Ipswich,4.11539,0.127203,1,0,0,EPL,23.7,5.928571428571429
26940,,74,228,2025-04-26 14:00:00,,2024,1,2,Southampton,Fulham,0.935581,1.9956,0,0,1,EPL,7.416666666666667,16.214285714285715
26941,,229,75,2025-04-26 14:00:00,,2024,3,0,Wolverhampton Wanderers,Leicester,2.57666,1.04978,1,0,0,EPL,10.783783783783784,19.5
26932,,73,89,2025-04-27 13:00:00,,2024,1,1,Bournemouth,Manchester United,0.60995,1.91039,0,1,0,EPL,7.294117647058823,10.0
26936,,87,82,2025-04-27 15:30:00,,2024,5,1,Liverpool,Tottenham,2.51104,0.512812,1,0,0,EPL,24.307692307692307,6.0
26939,,249,244,2025-05-01 18:30:00,,2024,0,2,Nottingham Forest,Brentford,0.670607,1.52054,0,0,1,EPL,12.125,12.1875
26942,,88,229,2025-05-02 19:00:00,,2024,1,0,Manchester City,Wolverhampton Wanderers,0.859463,0.622455,1,0,0,EPL,15.727272727272727,11.952380952380953
26946,,71,228,2025-05-03 11:30:00,,2024,1,0,Aston Villa,Fulham,1.29013,0.702787,1,0,0,EPL,9.857142857142858,19.90909090909091
26950,,72,285,2025-05-03 14:00:00,,2024,2,2,Everton,Ipswich,0.808481,1.14351,0,1,0,EPL,18.0,10.166666666666666
26951,,75,74,2025-05-03 14:00:00,,2024,2,0,Leicester,Southampton,1.60739,0.550774,1,0,0,EPL,16.736842105263158,12.478260869565217
26945,,83,73,2025-05-03 16:30:00,,2024,1,2,Arsenal,Bournemouth,2.05484,1.41783,0,0,1,EPL,8.75,12.777777777777779
26943,,81,82,2025-05-04 13:00:00,,2024,1,1,West Ham,Tottenham,1.15166,0.847022,0,1,0,EPL,10.238095238095237,5.114285714285714
26944,,220,86,2025-05-04 13:00:00,,2024,1,1,Brighton,Newcastle United,0.687863,1.63777,0,1,0,EPL,9.55,13.777777777777779
26947,,244,89,2025-05-04 13:00:00,,2024,4,3,Brentford,Manchester United,3.58737,1.13404,1,0,0,EPL,9.041666666666666,10.0
26948,,80,87,2025-05-04 15:30:00,,2024,3,1,Chelsea,Liverpool,3.51944,1.4267,1,0,0,EPL,14.4,20.789473684210527
26949,,78,249,2025-05-05 19:00:00,,2024,1,1,Crystal Palace,Nottingham Forest,2.34037,0.63684,0,1,0,EPL,9.0,11.529411764705882
26953,,228,72,2025-05-10 14:00:00,,2024,1,3,Fulham,Everton,1.20869,1.32604,0,0,1,EPL,17.41176470588235,8.045454545454545
26954,,285,244,2025-05-10 14:00:00,,2024,0,1,Ipswich,Brentford,0.717433,1.32077,0,0,1,EPL,11.142857142857142,23.22222222222222
26959,,74,88,2025-05-10 14:00:00,,2024,0,0,Southampton,Manchester City,0.136995,1.58463,0,1,0,EPL,7.363636363636363,17.25
26961,,229,220,2025-05-10 14:00:00,,2024,0,2,Wolverhampton Wanderers,Brighton,0.73395,1.41254,0,0,1,EPL,11.033333333333333,13.2
26955,,73,71,2025-05-10 16:30:00,,2024,0,1,Bournemouth,Aston Villa,1.02272,1.12376,0,0,1,EPL,12.0,4.5
26957,,86,80,2025-05-11 11:00:00,,2024,2,0,Newcastle United,Chelsea,1.6703,0.646426,1,0,0,EPL,9.25,14.0625
26956,,89,81,2025-05-11 13:15:00,,2024,0,2,Manchester United,West Ham,2.31287,2.15985,0,0,1,EPL,14.823529411764707,15.857142857142858
26958,,249,75,2025-05-11 13:15:00,,2024,2,2,Nottingham Forest,Leicester,1.76909,1.22949,0,1,0,EPL,24.7,8.384615384615385
26960,,82,78,2025-05-11 13:15:00,,2024,0,2,Tottenham,Crystal Palace,0.806792,3.98546,0,0,1,EPL,9.954545454545455,9.518518518518519
26952,,87,83,2025-05-11 15:30:00,,2024,2,2,Liverpool,Arsenal,2.74682,2.18795,0,1,0,EPL,9.772727272727273,12.047619047619047
26963,,71,82,2025-05-16 18:30:00,,2024,2,0,Aston Villa,Tottenham,1.69061,0.523016,1,0,0,EPL,26.25,9.5
26966,,80,89,2025-05-16 19:15:00,,2024,1,0,Chelsea,Manchester United,1.29571,0.337632,1,0,0,EPL,8.916666666666666,12.375
26968,,72,74,2025-05-18 11:00:00,,2024,2,0,Everton,Southampton,2.67793,1.05025,1,0,0,EPL,21.285714285714285,16.61904761904762
26971,,81,249,2025-05-18 13:15:00,,2024,1,2,West Ham,Nottingham Forest,0.850457,2.14756,0,0,1,EPL,10.961538461538462,6.7727272727272725
26964,,244,228,2025-05-18 14:00:00,,2024,2,3,Brentford,Fulham,2.43045,1.61741,0,0,1,EPL,15.909090909090908,11.857142857142858
26969,,75,285,2025-05-18 14:00:00,,2024,2,0,Leicester,Ipswich,0.788544,1.36957,1,0,0,EPL,12.708333333333334,9.321428571428571
26962,,83,86,2025-05-18 15:30:00,,2024,1,0,Arsenal,Newcastle United,1.15958,2.24634,1,0,0,EPL,9.368421052631579,11.11111111111111
26965,,220,87,2025-05-19 19:00:00,,2024,3,2,Brighton,Liverpool,2.17789,3.065,1,0,0,EPL,13.0,15.45
26967,,78,229,2025-05-20 19:00:00,,2024,4,2,Crystal Palace,Wolverhampton Wanderers,1.68451,1.42886,1,0,0,EPL,8.941176470588236,17.714285714285715
26970,,88,73,2025-05-20 19:00:00,,2024,3,1,Manchester City,Bournemouth,1.59779,0.962014,1,0,0,EPL,22.466666666666665,20.818181818181817
26972,,249,80,2025-05-25 15:00:00,,2024,0,1,Nottingham Forest,Chelsea,1.58014,1.30874,0,0,1,EPL,14.117647058823529,11.38888888888889
26973,,86,72,2025-05-25 15:00:00,,2024,0,1,Newcastle United,Everton,1.1591,1.07279,0,0,1,EPL,17.866666666666667,6.25
26974,,89,71,2025-05-25 15:00:00,,2024,2,0,Manchester United,Aston Villa,2.96259,0.335222,1,0,0,EPL,26.90909090909091,5.107142857142857
26975,,87,78,2025-05-25 15:00:00,,2024,1,1,Liverpool,Crystal Palace,1.92122,1.4144,0,1,0,EPL,25.416666666666668,6.346153846153846
26976,,82,220,2025-05-25 15:00:00,,2024,1,4,Tottenham,Brighton,1.85265,3.11624,0,0,1,EPL,6.615384615384615,18.0625
26977,,74,83,2025-05-25 15:00:00,,2024,1,2,Southampton,Arsenal,0.598144,2.40711,0,0,1,EPL,7.357142857142857,17.3
26978,,229,244,2025-05-25 15:00:00,,2024,1,1,Wolverhampton Wanderers,Brentford,1.10889,1.97196,0,1,0,EPL,7.44,13.45
26979,,73,75,2025-05-25 15:00:00,,2024,2,0,Bournemouth,Leicester,2.72449,0.156702,1,0,0,EPL,9.28,4.647058823529412
26980,,285,81,2025-05-25 15:00:00,,2024,1,3,Ipswich,West Ham,0.893095,0.967379,0,0,1,EPL,8.115384615384615,14.607142857142858
26981,,228,88,2025-05-25 15:00:00,,2024,0,2,Fulham,Manchester City,2.21797,2.45923,0,0,1,EPL,13.545454545454545,22.153846153846153
28778,,87,73,2025-08-15 19:00:00,,2025,4,2,Liverpool,Bournemouth,2.33007,1.57303,1,0,0,EPL,11.583333333333334,8.764705882352942
28779,,71,86,2025-08-16 11:30:00,,2025,0,0,Aston Villa,Newcastle United,0.318601,1.40098,0,1,0,EPL,6.083333333333333,18.916666666666668
28780,,220,228,2025-08-16 14:00:00,,2025,1,1,Brighton,Fulham,1.44008,0.902883,0,1,0,EPL,16.22222222222222,8.928571428571429
28781,,77,81,2025-08-16 14:00:00,,2025,3,0,Sunderland,West Ham,0.724368,0.558948,1,0,0,EPL,11.0,20.785714285714285
28782,,82,92,2025-08-16 14:00:00,,2025,3,0,Tottenham,Burnley,1.97858,0.734138,1,0,0,EPL,17.352941176470587,6.352941176470588
28783,,229,88,2025-08-16 16:30:00,,2025,0,4,Wolverhampton Wanderers,Manchester City,0.519436,2.29903,0,0,1,EPL,11.8,12.10344827586207
28784,,80,78,2025-08-17 13:00:00,,2025,0,0,Chelsea,Crystal Palace,1.36793,1.03414,0,1,0,EPL,17.63157894736842,5.869565217391305
28785,,249,244,2025-08-17 13:00:00,,2025,3,1,Nottingham Forest,Brentford,1.7555,1.32516,1,0,0,EPL,9.823529411764707,11.142857142857142
28786,,89,83,2025-08-17 15:30:00,,2025,0,1,Manchester United,Arsenal,1.37653,1.3304,0,0,1,EPL,11.26086956521739,7.904761904761905
28787,,245,72,2025-08-18 19:00:00,,2025,1,0,Leeds,Everton,2.3812,0.674338,1,0,0,EPL,27.5,15.6875
28788,,81,80,2025-08-22 19:00:00,,2025,1,5,West Ham,Chelsea,0.978572,3.94997,0,0,1,EPL,11.947368421052632,26.307692307692307
28789,,88,82,2025-08-23 11:30:00,,2025,0,2,Manchester City,Tottenham,1.2475,1.28015,0,0,1,EPL,13.272727272727273,10.444444444444445
28790,,244,71,2025-08-23 14:00:00,,2025,1,0,Brentford,Aston Villa,1.12964,0.976852,1,0,0,EPL,5.411764705882353,10.785714285714286
28791,,92,77,2025-08-23 14:00:00,,2025,2,0,Burnley,Sunderland,1.00381,1.12127,1,0,0,EPL,20.583333333333332,15.428571428571429
28792,,73,229,2025-08-23 14:00:00,,2025,1,0,Bournemouth,Wolverhampton Wanderers,1.78462,0.373367,1,0,0,EPL,10.428571428571429,5.88
28793,,83,245,2025-08-23 16:30:00,,2025,5,0,Arsenal,Leeds,2.73761,0.156761,1,0,0,EPL,27.866666666666667,7.954545454545454
28794,,78,249,2025-08-24 13:00:00,,2025,1,1,Crystal Palace,Nottingham Forest,1.10188,1.32987,0,1,0,EPL,10.368421052631579,12.782608695652174
28795,,72,220,2025-08-24 13:00:00,,2025,2,0,Everton,Brighton,1.80116,2.08487,1,0,0,EPL,8.68421052631579,17.705882352941178
28796,,228,89,2025-08-24 15:30:00,,2025,1,1,Fulham,Manchester United,1.65333,1.54603,0,1,0,EPL,10.88888888888889,9.909090909090908
28797,,86,87,2025-08-25 19:00:00,,2025,2,3,Newcastle United,Liverpool,1.96342,0.646559,0,0,1,EPL,7.571428571428571,12.045454545454545
28798,,80,228,2025-08-30 11:30:00,,2025,2,0,Chelsea,Fulham,2.4324,0.736228,1,0,0,EPL,10.851851851851851,9.32
28799,,82,73,2025-08-30 14:00:00,,2025,0,1,Tottenham,Bournemouth,0.17067,2.1201,0,0,1,EPL,7.146341463414634,5.2
28800,,229,72,2025-08-30 14:00:00,,2025,2,3,Wolverhampton Wanderers,Everton,0.943257,2.03791,0,0,1,EPL,11.961538461538462,5.851851851851852
28801,,77,244,2025-08-30 14:00:00,,2025,2,1,Sunderland,Brentford,1.57127,1.44604,1,0,0,EPL,21.545454545454547,5.184210526315789
28802,,89,92,2025-08-30 14:00:00,,2025,3,2,Manchester United,Burnley,4.02237,1.32618,1,0,0,EPL,16.0,15.181818181818182
28803,,245,86,2025-08-30 16:30:00,,2025,0,0,Leeds,Newcastle United,0.6773,0.303635,0,1,0,EPL,11.238095238095237,14.863636363636363
28804,,249,81,2025-08-31 13:00:00,,2025,0,3,Nottingham Forest,West Ham,0.716018,2.236,0,0,1,EPL,21.46153846153846,9.846153846153847
28805,,220,88,2025-08-31 13:00:00,,2025,2,1,Brighton,Manchester City,2.20864,2.13418,1,0,0,EPL,11.933333333333334,11.814814814814815
28806,,87,83,2025-08-31 15:30:00,,2025,1,0,Liverpool,Arsenal,0.481404,0.485679,1,0,0,EPL,12.869565217391305,15.066666666666666
28807,,71,78,2025-08-31 18:00:00,,2025,0,3,Aston Villa,Crystal Palace,1.20586,2.59713,0,0,1,EPL,19.2,10.571428571428571
28808,,83,249,2025-09-13 11:30:00,,2025,3,0,Arsenal,Nottingham Forest,2.8817,0.293681,1,0,0,EPL,14.55,10.95
28809,,86,229,2025-09-13 14:00:00,,2025,1,0,Newcastle United,Wolverhampton Wanderers,1.19186,0.375942,1,0,0,EPL,9.041666666666666,10.5625
28810,,73,220,2025-09-13 14:00:00,,2025,2,1,Bournemouth,Brighton,1.44187,0.624923,1,0,0,EPL,8.695652173913043,10.833333333333334
28811,,78,77,2025-09-13 14:00:00,,2025,0,0,Crystal Palace,Sunderland,1.75805,0.354129,0,1,0,EPL,17.77777777777778,13.555555555555555
28812,,72,71,2025-09-13 14:00:00,,2025,0,0,Everton,Aston Villa,1.8927,0.354327,0,1,0,EPL,8.368421052631579,7.074074074074074
28813,,228,245,2025-09-13 14:00:00,,2025,1,0,Fulham,Leeds,1.13979,0.830398,1,0,0,EPL,13.444444444444445,9.478260869565217
28814,,81,82,2025-09-13 16:30:00,,2025,0,3,West Ham,Tottenham,0.793248,1.51402,0,0,1,EPL,10.857142857142858,17.555555555555557
28815,,244,80,2025-09-13 19:00:00,,2025,2,2,Brentford,Chelsea,1.17533,0.755999,0,1,0,EPL,5.206896551724138,20.1875
28816,,92,87,2025-09-14 13:00:00,,2025,0,1,Burnley,Liverpool,0.168041,2.79492,0,0,1,EPL,4.142857142857143,11.090909090909092
28817,,88,89,2025-09-14 15:30:00,,2025,3,0,Manchester City,Manchester United,1.99725,1.51915,1,0,0,EPL,9.23076923076923,19.214285714285715
28818,,87,72,2025-09-20 11:30:00,,2025,2,1,Liverpool,Everton,1.06166,0.721371,1,0,0,EPL,11.304347826086957,5.884615384615385
28819,,81,78,2025-09-20 14:00:00,,2025,1,2,West Ham,Crystal Palace,0.466365,2.33565,0,0,1,EPL,23.818181818181817,8.565217391304348
28820,,229,245,2025-09-20 14:00:00,,2025,1,3,Wolverhampton Wanderers,Leeds,1.5661,0.456988,0,0,1,EPL,13.19047619047619,10.96
28821,,220,82,2025-09-20 14:00:00,,2025,2,2,Brighton,Tottenham,1.40466,1.19181,0,1,0,EPL,4.84375,11.48
28822,,92,249,2025-09-20 14:00:00,,2025,1,1,Burnley,Nottingham Forest,1.14159,0.830779,0,1,0,EPL,9.095238095238095,18.88888888888889
28824,,89,80,2025-09-20 16:30:00,,2025,2,1,Manchester United,Chelsea,1.34458,0.469843,1,0,0,EPL,13.142857142857142,12.961538461538462
28825,,228,244,2025-09-20 19:00:00,,2025,3,1,Fulham,Brentford,1.52431,0.826556,1,0,0,EPL,13.476190476190476,19.846153846153847
28823,,73,86,2025-09-21 13:00:00,,2025,0,0,Bournemouth,Newcastle United,0.55066,0.153629,0,1,0,EPL,16.41176470588235,8.363636363636363
28826,,77,71,2025-09-21 13:00:00,,2025,1,1,Sunderland,Aston Villa,0.938312,0.939354,0,1,0,EPL,7.0,9.869565217391305
28827,,83,88,2025-09-21 15:30:00,,2025,1,1,Arsenal,Manchester City,0.718575,1.1227,0,1,0,EPL,17.0,6.818181818181818
28828,,244,89,2025-09-27 11:30:00,,2025,3,1,Brentford,Manchester United,2.78726,2.23609,1,0,0,EPL,12.125,11.72
28829,,80,220,2025-09-27 14:00:00,,2025,1,3,Chelsea,Brighton,2.02653,2.4751,0,0,1,EPL,9.172413793103448,8.526315789473685
28830,,78,87,2025-09-27 14:00:00,,2025,2,1,Crystal Palace,Liverpool,3.53323,3.10176,1,0,0,EPL,8.571428571428571,24.375
28832,,245,73,2025-09-27 14:00:00,,2025,2,2,Leeds,Bournemouth,2.04728,1.06033,0,1,0,EPL,8.4,10.076923076923077
28833,,88,92,2025-09-27 14:00:00,,2025,5,1,Manchester City,Burnley,3.22133,0.509491,1,0,0,EPL,17.1875,16.0
28834,,249,77,2025-09-27 16:30:00,,2025,0,1,Nottingham Forest,Sunderland,1.4203,1.94154,0,0,1,EPL,29.5,9.3
28835,,82,229,2025-09-27 19:00:00,,2025,1,1,Tottenham,Wolverhampton Wanderers,0.818711,1.15951,0,1,0,EPL,9.5,16.928571428571427
28831,,71,228,2025-09-28 13:00:00,,2025,3,1,Aston Villa,Fulham,1.36575,0.952612,1,0,0,EPL,13.833333333333334,17.357142857142858
28836,,86,83,2025-09-28 15:30:00,,2025,1,2,Newcastle United,Arsenal,0.739851,2.07048,0,0,1,EPL,7.25,16.466666666666665
28837,,72,81,2025-09-29 19:00:00,,2025,1,1,Everton,West Ham,0.909703,0.775766,0,1,0,EPL,13.5,12.764705882352942
28838,,73,228,2025-10-03 19:00:00,,2025,3,1,Bournemouth,Fulham,1.33458,0.84335,1,0,0,EPL,19.142857142857142,13.823529411764707
28844,,245,82,2025-10-04 11:30:00,,2025,1,2,Leeds,Tottenham,1.48051,0.688198,0,0,1,EPL,15.0,10.833333333333334
28839,,83,81,2025-10-04 14:00:00,,2025,2,0,Arsenal,West Ham,3.0585,0.864549,1,0,0,EPL,25.076923076923077,4.212121212121212
28845,,89,77,2025-10-04 14:00:00,,2025,2,0,Manchester United,Sunderland,1.9298,0.807119,1,0,0,EPL,9.76,10.173913043478262
28842,,80,87,2025-10-04 16:30:00,,2025,2,1,Chelsea,Liverpool,1.23721,2.05981,1,0,0,EPL,17.125,13.3
28840,,71,92,2025-10-05 13:00:00,,2025,2,1,Aston Villa,Burnley,1.73572,0.502292,1,0,0,EPL,7.809523809523809,12.722222222222221
28843,,72,78,2025-10-05 13:00:00,,2025,2,1,Everton,Crystal Palace,2.13876,2.17789,1,0,0,EPL,6.805555555555555,9.275862068965518
28846,,86,249,2025-10-05 13:00:00,,2025,2,0,Newcastle United,Nottingham Forest,3.81662,0.337689,1,0,0,EPL,11.047619047619047,8.0
28847,,229,220,2025-10-05 13:00:00,,2025,1,1,Wolverhampton Wanderers,Brighton,0.369404,1.39158,0,1,0,EPL,9.818181818181818,13.571428571428571
28841,,244,88,2025-10-05 15:30:00,,2025,0,1,Brentford,Manchester City,0.693758,1.09647,0,0,1,EPL,13.5,13.3
28854,,249,80,2025-10-18 11:30:00,,2025,0,3,Nottingham Forest,Chelsea,2.0555,2.5583,0,0,1,EPL,8.482758620689655,14.842105263157896
28848,,220,86,2025-10-18 14:00:00,,2025,2,1,Brighton,Newcastle United,0.857104,1.28313,1,0,0,EPL,9.64,13.409090909090908
28849,,92,245,2025-10-18 14:00:00,,2025,2,0,Burnley,Leeds,0.509647,2.33152,1,0,0,EPL,7.809523809523809,15.80952380952381
28850,,78,73,2025-10-18 14:00:00,,2025,3,3,Crystal Palace,Bournemouth,4.56284,2.0471,0,1,0,EPL,8.11111111111111,7.84
28853,,88,72,2025-10-18 14:00:00,,2025,2,0,Manchester City,Everton,2.4799,0.794622,1,0,0,EPL,16.692307692307693,8.722222222222221
28855,,77,229,2025-10-18 14:00:00,,2025,2,0,Sunderland,Wolverhampton Wanderers,1.02481,0.676323,1,0,0,EPL,5.233333333333333,36.42857142857143
28851,,228,83,2025-10-18 16:30:00,,2025,0,1,Fulham,Arsenal,0.502332,2.07823,0,0,1,EPL,30.0,18.1875
28856,,82,71,2025-10-19 13:00:00,,2025,1,2,Tottenham,Aston Villa,1.51461,0.352231,0,0,1,EPL,12.88888888888889,7.592592592592593
28852,,87,89,2025-10-19 15:30:00,,2025,1,2,Liverpool,Manchester United,2.60972,2.53117,0,0,1,EPL,17.428571428571427,7.625
28857,,81,244,2025-10-20 19:00:00,,2025,0,2,West Ham,Brentford,0.260251,3.46635,0,0,1,EPL,12.466666666666667,14.777777777777779
28864,,245,81,2025-10-24 19:00:00,,2025,2,1,Leeds,West Ham,2.2214,0.498653,1,0,0,EPL,9.576923076923077,10.814814814814815
28862,,80,77,2025-10-25 14:00:00,,2025,1,2,Chelsea,Sunderland,1.21332,1.5506,0,0,1,EPL,21.647058823529413,9.333333333333334
28866,,86,228,2025-10-25 14:00:00,,2025,2,1,Newcastle United,Fulham,2.76806,1.52001,1,0,0,EPL,9.551724137931034,9.035714285714286
28865,,89,220,2025-10-25 16:30:00,,2025,4,2,Manchester United,Brighton,1.96231,0.947154,1,0,0,EPL,6.333333333333333,13.964285714285714
28861,,244,87,2025-10-25 19:00:00,,2025,3,2,Brentford,Liverpool,3.27126,2.11838,1,0,0,EPL,6.2,14.0
28858,,73,249,2025-10-26 13:00:00,,2025,2,0,Bournemouth,Nottingham Forest,0.656601,0.305493,1,0,0,EPL,11.75,8.04
28859,,83,78,2025-10-26 13:00:00,,2025,1,0,Arsenal,Crystal Palace,0.856175,0.350534,1,0,0,EPL,28.272727272727273,12.411764705882353
28860,,71,88,2025-10-26 13:00:00,,2025,1,0,Aston Villa,Manchester City,0.843906,1.36914,1,0,0,EPL,10.25,22.363636363636363
28867,,229,92,2025-10-26 13:00:00,,2025,2,3,Wolverhampton Wanderers,Burnley,2.58132,1.54544,0,0,1,EPL,14.555555555555555,8.875
28863,,72,82,2025-10-26 15:30:00,,2025,0,3,Everton,Tottenham,1.4032,2.09327,0,0,1,EPL,17.0,13.421052631578947
28868,,220,245,2025-11-01 15:00:00,,2025,3,0,Brighton,Leeds,2.64127,0.35919,1,0,0,EPL,22.6,14.80952380952381
28869,,92,83,2025-11-01 15:00:00,,2025,0,2,Burnley,Arsenal,0.679177,2.51649,0,0,1,EPL,12.157894736842104,15.55
28870,,78,244,2025-11-01 15:00:00,,2025,2,0,Crystal Palace,Brentford,0.734558,0.820498,1,0,0,EPL,5.818181818181818,19.375
28871,,228,229,2025-11-01 15:00:00,,2025,3,0,Fulham,Wolverhampton Wanderers,1.91207,0.209934,1,0,0,EPL,21.3125,12.833333333333334
28874,,249,89,2025-11-01 15:00:00,,2025,2,2,Nottingham Forest,Manchester United,1.55066,0.91622,0,1,0,EPL,9.470588235294118,13.695652173913043
28876,,82,80,2025-11-01 17:30:00,,2025,0,1,Tottenham,Chelsea,0.146954,3.34251,0,0,1,EPL,7.0,8.56
28872,,87,71,2025-11-01 20:00:00,,2025,2,0,Liverpool,Aston Villa,1.47021,0.43502,1,0,0,EPL,16.0625,10.95
28877,,81,86,2025-11-02 14:00:00,,2025,3,1,West Ham,Newcastle United,1.41383,0.523615,1,0,0,EPL,8.882352941176471,23.583333333333332
28873,,88,73,2025-11-02 16:30:00,,2025,3,1,Manchester City,Bournemouth,2.48999,0.899846,1,0,0,EPL,11.217391304347826,20.1875
28875,,77,72,2025-11-03 20:00:00,,2025,1,1,Sunderland,Everton,1.18068,1.00741,0,1,0,EPL,23.153846153846153,8.238095238095237
28886,,82,89,2025-11-08 12:30:00,,2025,2,2,Tottenham,Manchester United,1.35532,0.820256,0,1,0,EPL,13.31578947368421,7.724137931034483
28882,,72,228,2025-11-08 15:00:00,,2025,2,0,Everton,Fulham,2.30607,0.424478,1,0,0,EPL,9.9,15.176470588235293
28887,,81,92,2025-11-08 15:00:00,,2025,3,2,West Ham,Burnley,2.96728,1.87478,1,0,0,EPL,10.526315789473685,15.45
28885,,77,83,2025-11-08 17:30:00,,2025,2,2,Sunderland,Arsenal,1.20495,2.32943,0,1,0,EPL,9.4375,13.466666666666667
28880,,80,229,2025-11-08 20:00:00,,2025,3,0,Chelsea,Wolverhampton Wanderers,3.98342,0.111462,1,0,0,EPL,20.4,10.421052631578947
28878,,71,73,2025-11-09 14:00:00,,2025,4,0,Aston Villa,Bournemouth,1.88282,2.00992,1,0,0,EPL,6.814814814814815,5.793103448275862
28879,,244,86,2025-11-09 14:00:00,,2025,3,1,Brentford,Newcastle United,2.73729,0.432277,1,0,0,EPL,11.105263157894736,12.0
28881,,78,220,2025-11-09 14:00:00,,2025,0,0,Crystal Palace,Brighton,0.839547,0.637037,0,1,0,EPL,10.0,11.76923076923077
28884,,249,245,2025-11-09 14:00:00,,2025,3,1,Nottingham Forest,Leeds,2.49097,0.419461,1,0,0,EPL,9.35,15.166666666666666
28883,,88,87,2025-11-09 16:30:00,,2025,3,0,Manchester City,Liverpool,1.59542,1.0281,1,0,0,EPL,11.0,11.818181818181818
28891,,92,80,2025-11-22 12:30:00,,2025,0,2,Burnley,Chelsea,0.660943,1.72093,0,0,1,EPL,13.157894736842104,14.115384615384615
28888,,73,81,2025-11-22 15:00:00,,2025,2,2,Bournemouth,West Ham,3.48299,0.390782,0,1,0,EPL,21.727272727272727,2.303030303030303
28890,,220,244,2025-11-22 15:00:00,,2025,2,1,Brighton,Brentford,0.977488,2.19979,1,0,0,EPL,17.4,7.48
28892,,228,77,2025-11-22 15:00:00,,2025,1,0,Fulham,Sunderland,2.83729,0.222768,1,0,0,EPL,13.095238095238095,14.133333333333333
28894,,87,249,2025-11-22 15:00:00,,2025,0,3,Liverpool,Nottingham Forest,1.79273,1.19459,0,0,1,EPL,23.153846153846153,4.681818181818182
28897,,229,78,2025-11-22 15:00:00,,2025,0,2,Wolverhampton Wanderers,Crystal Palace,1.66409,1.44933,0,0,1,EPL,10.04,10.695652173913043
28896,,86,88,2025-11-22 17:30:00,,2025,2,1,Newcastle United,Manchester City,2.40555,2.45648,1,0,0,EPL,7.722222222222222,11.681818181818182
28893,,245,71,2025-11-23 14:00:00,,2025,1,2,Leeds,Aston Villa,1.84668,1.35978,0,0,1,EPL,11.944444444444445,7.333333333333333
28889,,83,82,2025-11-23 16:30:00,,2025,4,1,Arsenal,Tottenham,2.27827,0.0300672,1,0,0,EPL,13.444444444444445,6.294117647058823
28895,,89,72,2025-11-24 20:00:00,,2025,0,1,Manchester United,Everton,2.2737,0.155063,0,0,1,EPL,28.666666666666668,4.7727272727272725
28899,,244,92,2025-11-29 15:00:00,,2025,3,1,Brentford,Burnley,3.72106,0.874025,1,0,0,EPL,11.894736842105264,14.642857142857142
28903,,88,245,2025-11-29 15:00:00,,2025,3,2,Manchester City,Leeds,2.85292,1.75142,1,0,0,EPL,8.366666666666667,12.294117647058824
28905,,77,73,2025-11-29 15:00:00,,2025,3,2,Sunderland,Bournemouth,1.16955,1.79274,1,0,0,EPL,7.722222222222222,9.9
28902,,72,86,2025-11-29 17:30:00,,2025,1,4,Everton,Newcastle United,1.01125,2.45882,0,0,1,EPL,21.666666666666668,14.91304347826087
28906,,82,228,2025-11-29 20:00:00,,2025,1,2,Tottenham,Fulham,1.04396,0.494736,0,0,1,EPL,12.565217391304348,6.689655172413793
28901,,78,89,2025-11-30 12:00:00,,2025,1,2,Crystal Palace,Manchester United,2.13561,1.47768,0,0,1,EPL,8.947368421052632,12.68421052631579
28898,,71,229,2025-11-30 14:05:00,,2025,1,0,Aston Villa,Wolverhampton Wanderers,1.15486,0.692588,1,0,0,EPL,10.238095238095237,9.75
28904,,249,220,2025-11-30 14:05:00,,2025,0,2,Nottingham Forest,Brighton,0.960325,2.0572,0,0,1,EPL,9.88,13.173913043478262
28907,,81,87,2025-11-30 14:05:00,,2025,0,2,West Ham,Liverpool,0.364152,1.56793,0,0,1,EPL,8.478260869565217,13.826086956521738
28900,,80,83,2025-11-30 16:30:00,,2025,1,1,Chelsea,Arsenal,0.791914,1.22828,0,1,0,EPL,7.75,11.55
28908,,73,72,2025-12-02 19:30:00,,2025,0,1,Bournemouth,Everton,0.635415,1.19573,0,0,1,EPL,11.708333333333334,11.285714285714286
28912,,228,88,2025-12-02 19:30:00,,2025,4,5,Fulham,Manchester City,0.972635,1.96225,0,0,1,EPL,17.636363636363637,10.038461538461538
28916,,86,82,2025-12-02 20:15:00,,2025,2,2,Newcastle United,Tottenham,1.88558,1.05205,0,1,0,EPL,12.95,7.76
28909,,83,244,2025-12-03 19:30:00,,2025,2,0,Arsenal,Brentford,2.63126,0.588716,1,0,0,EPL,15.61111111111111,6.925925925925926
28910,,220,71,2025-12-03 19:30:00,,2025,3,4,Brighton,Aston Villa,1.96298,3.15745,0,0,1,EPL,14.421052631578947,6.0
28911,,92,78,2025-12-03 19:30:00,,2025,0,1,Burnley,Crystal Palace,1.16852,0.987797,0,0,1,EPL,24.785714285714285,9.76
28917,,229,249,2025-12-03 19:30:00,,2025,0,1,Wolverhampton Wanderers,Nottingham Forest,1.02461,1.12389,0,0,1,EPL,13.421052631578947,9.173913043478262
28913,,245,80,2025-12-03 20:15:00,,2025,3,1,Leeds,Chelsea,2.2047,0.964018,1,0,0,EPL,5.714285714285714,23.88888888888889
28914,,87,77,2025-12-03 20:15:00,,2025,1,1,Liverpool,Sunderland,1.37633,0.712662,0,1,0,EPL,19.333333333333332,9.470588235294118
28915,,89,81,2025-12-04 20:00:00,,2025,1,1,Manchester United,West Ham,2.27674,1.36584,0,1,0,EPL,10.333333333333334,5.4
28919,,71,83,2025-12-06 12:30:00,,2025,2,1,Aston Villa,Arsenal,2.71986,1.85965,1,0,0,EPL,9.636363636363637,13.470588235294118
28918,,73,80,2025-12-06 15:00:00,,2025,0,0,Bournemouth,Chelsea,1.41931,0.672602,0,1,0,EPL,8.15,11.076923076923077
28921,,72,249,2025-12-06 15:00:00,,2025,3,0,Everton,Nottingham Forest,1.25348,0.31234,1,0,0,EPL,5.8076923076923075,8.448275862068966
28924,,88,77,2025-12-06 15:00:00,,2025,3,0,Manchester City,Sunderland,2.41605,0.626486,1,0,0,EPL,13.19047619047619,16.785714285714285
28925,,86,92,2025-12-06 15:00:00,,2025,2,1,Newcastle United,Burnley,1.80708,1.58375,1,0,0,EPL,22.846153846153847,7.166666666666667
28926,,82,244,2025-12-06 15:00:00,,2025,2,0,Tottenham,Brentford,2.42388,0.470563,1,0,0,EPL,11.166666666666666,8.458333333333334
28923,,245,87,2025-12-06 17:30:00,,2025,3,3,Leeds,Liverpool,1.79333,2.04805,0,1,0,EPL,10.136363636363637,15.0625
28920,,220,81,2025-12-07 14:00:00,,2025,1,1,Brighton,West Ham,2.10077,1.7064,0,1,0,EPL,17.733333333333334,6.045454545454546
28922,,228,78,2025-12-07 16:30:00,,2025,1,2,Fulham,Crystal Palace,0.766771,1.71109,0,0,1,EPL,21.157894736842106,12.157894736842104
28927,,229,89,2025-12-08 20:00:00,,2025,1,4,Wolverhampton Wanderers,Manchester United,0.262147,4.04708,0,0,1,EPL,4.583333333333333,8.054054054054054
28931,,80,72,2025-12-13 15:00:00,,2025,2,0,Chelsea,Everton,2.64457,1.34,1,0,0,EPL,15.2,8.173913043478262
28933,,87,220,2025-12-13 15:00:00,,2025,2,0,Liverpool,Brighton,2.4127,1.69004,1,0,0,EPL,9.866666666666667,18.3125
28930,,92,228,2025-12-13 17:30:00,,2025,2,3,Burnley,Fulham,2.05486,1.65053,0,0,1,EPL,23.833333333333332,13.565217391304348
28928,,83,229,2025-12-13 20:00:00,,2025,2,1,Arsenal,Wolverhampton Wanderers,1.61796,0.61997,1,0,0,EPL,15.2,9.416666666666666
28932,,78,88,2025-12-14 14:00:00,,2025,0,3,Crystal Palace,Manchester City,1.30092,1.35317,0,0,1,EPL,13.0,13.37037037037037
28935,,249,82,2025-12-14 14:00:00,,2025,3,0,Nottingham Forest,Tottenham,2.32658,0.380246,1,0,0,EPL,7.884615384615385,8.36
28936,,77,86,2025-12-14 14:00:00,,2025,1,0,Sunderland,Newcastle United,0.630045,0.169329,1,0,0,EPL,10.4375,11.652173913043478
28937,,81,71,2025-12-14 14:00:00,,2025,2,3,West Ham,Aston Villa,1.27701,0.595093,0,0,1,EPL,10.857142857142858,12.428571428571429
28929,,244,245,2025-12-14 16:30:00,,2025,1,1,Brentford,Leeds,0.697006,1.63409,0,1,0,EPL,18.3125,8.65
28934,,89,73,2025-12-15 20:00:00,,2025,4,4,Manchester United,Bournemouth,3.21204,2.35196,0,1,0,EPL,13.538461538461538,6.055555555555555
28945,,86,80,2025-12-20 12:30:00,,2025,2,2,Newcastle United,Chelsea,2.87863,1.0261,0,1,0,EPL,9.15,8.296296296296296
28938,,73,92,2025-12-20 15:00:00,,2025,1,1,Bournemouth,Burnley,1.81847,0.480528,0,1,0,EPL,10.590909090909092,5.5
28940,,220,77,2025-12-20 15:00:00,,2025,0,0,Brighton,Sunderland,0.919272,1.31044,0,1,0,EPL,8.52,9.882352941176471
28944,,88,81,2025-12-20 15:00:00,,2025,3,0,Manchester City,West Ham,3.58188,1.02143,1,0,0,EPL,19.09090909090909,7.757575757575758
28947,,229,244,2025-12-20 15:00:00,,2025,0,2,Wolverhampton Wanderers,Brentford,1.26823,1.56309,0,0,1,EPL,6.233333333333333,13.318181818181818
28946,,82,87,2025-12-20 17:30:00,,2025,1,2,Tottenham,Liverpool,1.34905,1.23164,0,0,1,EPL,12.23076923076923,17.8125
28941,,72,83,2025-12-20 20:00:00,,2025,0,1,Everton,Arsenal,0.213273,1.84723,0,0,1,EPL,13.857142857142858,24.11764705882353
28943,,245,78,2025-12-20 20:00:00,,2025,4,1,Leeds,Crystal Palace,2.90786,1.53058,1,0,0,EPL,8.758620689655173,10.473684210526315
28939,,71,89,2025-12-21 16:30:00,,2025,2,1,Aston Villa,Manchester United,1.86917,1.30455,1,0,0,EPL,5.7894736842105265,11.521739130434783
28942,,228,249,2025-12-22 20:00:00,,2025,1,0,Fulham,Nottingham Forest,1.70568,0.486296,1,0,0,EPL,16.0,23.583333333333332
28954,,89,86,2025-12-26 20:00:00,,2025,1,0,Manchester United,Newcastle United,0.940811,1.12998,1,0,0,EPL,7.708333333333333,16.5
28955,,249,88,2025-12-27 12:30:00,,2025,1,2,Nottingham Forest,Manchester City,0.600141,1.46468,0,0,1,EPL,6.476190476190476,18.6875
28948,,83,220,2025-12-27 15:00:00,,2025,2,1,Arsenal,Brighton,2.54318,0.710064,1,0,0,EPL,10.826086956521738,13.882352941176471
28949,,244,73,2025-12-27 15:00:00,,2025,4,1,Brentford,Bournemouth,2.8513,2.56183,1,0,0,EPL,6.866666666666666,8.3
28950,,92,72,2025-12-27 15:00:00,,2025,0,0,Burnley,Everton,1.24948,1.25204,0,1,0,EPL,11.619047619047619,8.428571428571429
28953,,87,229,2025-12-27 15:00:00,,2025,2,1,Liverpool,Wolverhampton Wanderers,1.56502,0.780664,1,0,0,EPL,13.409090909090908,7.434782608695652
28957,,81,228,2025-12-27 15:00:00,,2025,0,1,West Ham,Fulham,1.13719,1.11436,0,0,1,EPL,10.0,12.35
28951,,80,71,2025-12-27 17:30:00,,2025,1,2,Chelsea,Aston Villa,1.97155,2.05918,0,0,1,EPL,40.57142857142857,4.794871794871795
28956,,77,245,2025-12-28 14:00:00,,2025,1,1,Sunderland,Leeds,0.805957,2.60653,0,1,0,EPL,9.863636363636363,20.333333333333332
28952,,78,82,2025-12-28 16:30:00,,2025,0,1,Crystal Palace,Tottenham,0.929681,0.870768,0,0,1,EPL,33.111111111111114,7.260869565217392
28960,,92,86,2025-12-30 19:30:00,,2025,1,3,Burnley,Newcastle United,1.32551,2.49248,0,0,1,EPL,11.5,12.26086956521739
28961,,80,73,2025-12-30 19:30:00,,2025,2,2,Chelsea,Bournemouth,2.33294,3.49142,0,1,0,EPL,15.8125,4.958333333333333
28965,,249,72,2025-12-30 19:30:00,,2025,0,2,Nottingham Forest,Everton,1.75445,1.69525,0,0,1,EPL,13.434782608695652,5.555555555555555
28967,,81,220,2025-12-30 19:30:00,,2025,2,2,West Ham,Brighton,2.27644,3.08914,0,1,0,EPL,6.846153846153846,14.523809523809524
28958,,83,71,2025-12-30 20:15:00,,2025,4,1,Arsenal,Aston Villa,4.41335,2.94195,1,0,0,EPL,21.375,8.451612903225806
28964,,89,229,2025-12-30 20:15:00,,2025,1,1,Manchester United,Wolverhampton Wanderers,1.13306,1.21784,0,1,0,EPL,17.41176470588235,7.666666666666667
28962,,78,228,2026-01-01 17:30:00,,2025,1,1,Crystal Palace,Fulham,2.35346,1.75434,0,1,0,EPL,8.12,25.76923076923077
28963,,87,245,2026-01-01 17:30:00,,2025,0,0,Liverpool,Leeds,1.67833,0.15936,0,1,0,EPL,17.5,6.521739130434782
28959,,244,82,2026-01-01 20:00:00,,2025,0,0,Brentford,Tottenham,0.556304,0.608309,0,1,0,EPL,18.9375,7.607142857142857
28966,,77,88,2026-01-01 20:00:00,,2025,0,0,Sunderland,Manchester City,0.962141,2.44247,0,1,0,EPL,5.6923076923076925,8.54054054054054
28972,,71,249,2026-01-03 12:30:00,,2025,3,1,Aston Villa,Nottingham Forest,1.42988,0.8982,1,0,0,EPL,14.608695652173912,4.03030303030303
28970,,229,81,2026-01-03 15:00:00,,2025,3,0,Wolverhampton Wanderers,West Ham,2.23925,0.235678,1,0,0,EPL,5.21875,28.0
28973,,220,92,2026-01-03 15:00:00,,2025,2,0,Brighton,Burnley,1.4717,0.254551,1,0,0,EPL,14.206896551724139,12.263157894736842
28971,,73,83,2026-01-03 17:30:00,,2025,2,3,Bournemouth,Arsenal,0.947846,1.28,0,0,1,EPL,7.954545454545454,15.625
28976,,245,89,2026-01-04 12:30:00,,2025,1,1,Leeds,Manchester United,0.970138,1.94781,0,1,0,EPL,10.5,8.82857142857143
28968,,86,78,2026-01-04 15:00:00,,2025,2,0,Newcastle United,Crystal Palace,2.72764,1.27825,1,0,0,EPL,9.266666666666667,9.1875
28969,,82,77,2026-01-04 15:00:00,,2025,1,1,Tottenham,Sunderland,1.4175,0.467481,0,1,0,EPL,8.25,7.407407407407407
28974,,72,244,2026-01-04 15:00:00,,2025,2,4,Everton,Brentford,1.00566,3.05179,0,0,1,EPL,9.2,11.0
28975,,228,87,2026-01-04 15:00:00,,2025,2,2,Fulham,Liverpool,0.609182,1.7188,0,1,0,EPL,20.285714285714285,18.666666666666668
28977,,88,80,2026-01-04 17:30:00,,2025,1,1,Manchester City,Chelsea,1.03049,2.03726,0,1,0,EPL,13.16,8.212121212121213
28987,,81,249,2026-01-06 20:00:00,,2025,1,2,West Ham,Nottingham Forest,1.73697,1.26683,0,0,1,EPL,12.0,9.947368421052632
28978,,72,229,2026-01-07 19:30:00,,2025,1,1,Everton,Wolverhampton Wanderers,1.63321,0.71329,0,1,0,EPL,10.526315789473685,10.208333333333334
28979,,73,82,2026-01-07 19:30:00,,2025,3,2,Bournemouth,Tottenham,1.19014,1.6261,1,0,0,EPL,9.222222222222221,9.071428571428571
28981,,244,77,2026-01-07 19:30:00,,2025,3,0,Brentford,Sunderland,3.86096,1.50644,1,0,0,EPL,10.631578947368421,14.1875
28983,,78,71,2026-01-07 19:30:00,,2025,0,0,Crystal Palace,Aston Villa,1.32505,2.07015,0,1,0,EPL,13.466666666666667,19.333333333333332
28984,,228,80,2026-01-07 19:30:00,,2025,2,1,Fulham,Chelsea,1.06013,2.45107,1,0,0,EPL,12.608695652173912,10.592592592592593
28985,,88,220,2026-01-07 19:30:00,,2025,1,1,Manchester City,Brighton,2.95904,1.33162,0,1,0,EPL,12.4,9.592592592592593
28982,,92,89,2026-01-07 20:15:00,,2025,2,2,Burnley,Manchester United,0.31971,2.52488,0,1,0,EPL,8.333333333333334,11.807692307692308
28986,,86,245,2026-01-07 20:15:00,,2025,4,3,Newcastle United,Leeds,2.43495,2.35318,1,0,0,EPL,10.933333333333334,8.15
28980,,83,87,2026-01-08 20:00:00,,2025,0,0,Arsenal,Liverpool,0.701832,0.318642,0,1,0,EPL,19.181818181818183,13.380952380952381
28993,,89,88,2026-01-17 12:30:00,,2025,2,0,Manchester United,Manchester City,3.07278,0.387015,1,0,0,EPL,6.571428571428571,15.85
28990,,80,244,2026-01-17 15:00:00,,2025,2,0,Chelsea,Brentford,1.62263,1.47521,1,0,0,EPL,10.538461538461538,17.941176470588236
28991,,245,228,2026-01-17 15:00:00,,2025,1,0,Leeds,Fulham,2.16898,0.258796,1,0,0,EPL,11.8,17.157894736842106
28992,,87,92,2026-01-17 15:00:00,,2025,1,1,Liverpool,Burnley,3.49045,0.546971,0,1,0,EPL,16.58823529411765,6.9411764705882355
28995,,77,78,2026-01-17 15:00:00,,2025,2,1,Sunderland,Crystal Palace,1.84601,1.15169,1,0,0,EPL,12.15,8.157894736842104
28996,,82,81,2026-01-17 15:00:00,,2025,1,2,Tottenham,West Ham,1.65292,2.76761,0,0,1,EPL,12.05,5.793103448275862
28994,,249,83,2026-01-17 17:30:00,,2025,0,0,Nottingham Forest,Arsenal,0.318481,2.86323,0,1,0,EPL,6.3,31.555555555555557
28997,,229,86,2026-01-18 14:00:00,,2025,0,0,Wolverhampton Wanderers,Newcastle United,0.390216,0.813313,0,1,0,EPL,7.6,25.0
28988,,71,72,2026-01-18 16:30:00,,2025,0,1,Aston Villa,Everton,0.905393,0.745859,0,0,1,EPL,11.25,7.894736842105263
28989,,220,73,2026-01-19 20:00:00,,2025,1,1,Brighton,Bournemouth,0.995777,1.69737,0,1,0,EPL,22.384615384615383,6.65
29007,,81,77,2026-01-24 12:30:00,,2025,3,1,West Ham,Sunderland,2.18675,0.713838,1,0,0,EPL,8.590909090909092,13.944444444444445
29001,,92,82,2026-01-24 15:00:00,,2025,2,2,Burnley,Tottenham,1.54884,2.59093,0,1,0,EPL,7.518518518518518,11.724137931034482
29004,,228,220,2026-01-24 15:00:00,,2025,2,1,Fulham,Brighton,1.13243,1.94652,1,0,0,EPL,13.652173913043478,17.529411764705884
29005,,88,229,2026-01-24 15:00:00,,2025,2,0,Manchester City,Wolverhampton Wanderers,1.0654,0.542683,1,0,0,EPL,20.61111111111111,5.923076923076923
28998,,73,87,2026-01-24 17:30:00,,2025,3,2,Bournemouth,Liverpool,3.31474,0.937335,1,0,0,EPL,9.875,34.0
29000,,244,249,2026-01-25 14:00:00,,2025,0,2,Brentford,Nottingham Forest,2.00413,1.38958,0,0,1,EPL,17.0,5.3076923076923075
29002,,78,80,2026-01-25 14:00:00,,2025,1,3,Crystal Palace,Chelsea,2.41793,3.08817,0,0,1,EPL,9.307692307692308,17.416666666666668
29006,,86,71,2026-01-25 14:00:00,,2025,0,2,Newcastle United,Aston Villa,1.95484,1.32143,0,0,1,EPL,11.291666666666666,6.545454545454546
28999,,83,89,2026-01-25 16:30:00,,2025,2,3,Arsenal,Manchester United,1.42411,0.640902,0,0,1,EPL,12.058823529411764,8.608695652173912
29003,,72,245,2026-01-26 20:00:00,,2025,1,1,Everton,Leeds,0.889916,1.6766,0,1,0,EPL,10.272727272727273,12.777777777777779
29010,,220,72,2026-01-31 15:00:00,,2025,1,1,Brighton,Everton,1.42825,1.28126,0,1,0,EPL,16.555555555555557,7.333333333333333
29015,,245,83,2026-01-31 15:00:00,,2025,0,4,Leeds,Arsenal,0.17871,3.54427,0,0,1,EPL,12.210526315789474,9.590909090909092
29017,,229,73,2026-01-31 15:00:00,,2025,0,2,Wolverhampton Wanderers,Bournemouth,2.10353,1.59116,0,0,1,EPL,12.208333333333334,13.571428571428571
29009,,80,81,2026-01-31 17:30:00,,2025,3,2,Chelsea,West Ham,2.66133,1.72585,1,0,0,EPL,32.333333333333336,5.038461538461538
29014,,87,86,2026-01-31 20:00:00,,2025,4,1,Liverpool,Newcastle United,3.09973,0.284319,1,0,0,EPL,17.083333333333332,10.052631578947368
29008,,71,244,2026-02-01 14:00:00,,2025,0,1,Aston Villa,Brentford,2.15316,0.314916,0,0,1,EPL,18.23076923076923,8.625
29012,,89,228,2026-02-01 14:00:00,,2025,3,2,Manchester United,Fulham,1.84362,1.71998,1,0,0,EPL,11.842105263157896,19.352941176470587
29013,,249,78,2026-02-01 14:00:00,,2025,1,1,Nottingham Forest,Crystal Palace,0.987254,1.648,0,1,0,EPL,4.645161290322581,34.75
29016,,82,88,2026-02-01 16:30:00,,2025,2,2,Tottenham,Manchester City,1.49738,2.03614,0,1,0,EPL,9.6,11.633333333333333
29011,,77,92,2026-02-02 20:00:00,,2025,3,0,Sunderland,Burnley,1.8865,0.126371,1,0,0,EPL,10.695652173913043,19.666666666666668
29023,,245,249,2026-02-06 20:00:00,,2025,3,1,Leeds,Nottingham Forest,3.38179,1.6608,1,0,0,EPL,21.5,9.15
29025,,89,82,2026-02-07 12:30:00,,2025,2,0,Manchester United,Tottenham,2.16576,0.593404,1,0,0,EPL,20.2,8.954545454545455
29018,,73,71,2026-02-07 15:00:00,,2025,1,1,Bournemouth,Aston Villa,1.82646,0.646496,0,1,0,EPL,13.588235294117647,11.941176470588236
29019,,83,77,2026-02-07 15:00:00,,2025,3,0,Arsenal,Sunderland,1.19401,0.427225,1,0,0,EPL,13.714285714285714,9.076923076923077
29021,,92,81,2026-02-07 15:00:00,,2025,0,2,Burnley,West Ham,1.84644,1.1223,0,0,1,EPL,14.466666666666667,11.434782608695652
29022,,228,72,2026-02-07 15:00:00,,2025,1,2,Fulham,Everton,2.20126,1.88778,0,0,1,EPL,12.727272727272727,12.823529411764707
29027,,229,80,2026-02-07 15:00:00,,2025,1,3,Wolverhampton Wanderers,Chelsea,1.11372,3.76278,0,0,1,EPL,9.48,34.6
29026,,86,244,2026-02-07 17:30:00,,2025,2,3,Newcastle United,Brentford,3.3215,1.65022,0,0,1,EPL,11.05,17.333333333333332
29020,,220,78,2026-02-08 14:00:00,,2025,0,1,Brighton,Crystal Palace,0.737798,0.928404,0,0,1,EPL,20.444444444444443,7.571428571428571
29024,,87,88,2026-02-08 16:30:00,,2025,1,2,Liverpool,Manchester City,1.26652,2.41476,0,0,1,EPL,7.44,19.666666666666668
29030,,80,245,2026-02-10 19:30:00,,2025,2,2,Chelsea,Leeds,3.21176,1.28948,0,1,0,EPL,24.764705882352942,10.4
29032,,72,73,2026-02-10 19:30:00,,2025,1,2,Everton,Bournemouth,2.33114,1.4121,0,0,1,EPL,13.0,8.4
29036,,82,86,2026-02-10 19:30:00,,2025,1,2,Tottenham,Newcastle United,1.68925,2.46991,0,0,1,EPL,8.407407407407407,7.363636363636363
29037,,81,89,2026-02-10 20:15:00,,2025,1,1,West Ham,Manchester United,1.30746,0.735767,0,1,0,EPL,10.666666666666666,15.714285714285714
29028,,71,220,2026-02-11 19:30:00,,2025,1,0,Aston Villa,Brighton,0.576138,0.481306,1,0,0,EPL,8.379310344827585,16.142857142857142
29031,,78,92,2026-02-11 19:30:00,,2025,2,3,Crystal Palace,Burnley,2.1276,0.691273,0,0,1,EPL,18.705882352941178,7.684210526315789
29033,,88,228,2026-02-11 19:30:00,,2025,3,0,Manchester City,Fulham,1.67722,1.05283,1,0,0,EPL,17.476190476190474,14.571428571428571
29034,,249,229,2026-02-11 19:30:00,,2025,0,0,Nottingham Forest,Wolverhampton Wanderers,3.69094,0.406959,0,1,0,EPL,9.916666666666666,7.181818181818182
29035,,77,87,2026-02-11 20:15:00,,2025,0,1,Sunderland,Liverpool,0.693794,3.08172,0,0,1,EPL,9.857142857142858,11.421052631578947
29029,,244,83,2026-02-12 20:00:00,,2025,1,1,Brentford,Arsenal,1.81154,0.78418,0,1,0,EPL,8.090909090909092,9.523809523809524
29087,,229,83,2026-02-18 20:00:00,,2025,2,2,Wolverhampton Wanderers,Arsenal,0.173119,2.01018,0,1,0,EPL,8.208333333333334,11.444444444444445
29038,,71,245,2026-02-21 15:00:00,,2025,1,1,Aston Villa,Leeds,1.25439,1.27855,0,1,0,EPL,9.88,5.333333333333333
29039,,244,220,2026-02-21 15:00:00,,2025,0,2,Brentford,Brighton,1.69023,1.37203,0,0,1,EPL,9.037037037037036,15.307692307692308
29040,,80,92,2026-02-21 15:00:00,,2025,1,1,Chelsea,Burnley,2.51534,1.01255,0,1,0,EPL,15.631578947368421,7.681818181818182
29047,,81,73,2026-02-21 17:30:00,,2025,0,0,West Ham,Bournemouth,2.34412,0.522731,0,1,0,EPL,7.6521739130434785,12.454545454545455
29043,,88,86,2026-02-21 20:00:00,,2025,2,1,Manchester City,Newcastle United,2.22648,0.507954,1,0,0,EPL,8.192307692307692,9.565217391304348
29041,,78,229,2026-02-22 14:00:00,,2025,1,0,Crystal Palace,Wolverhampton Wanderers,2.03559,1.67749,1,0,0,EPL,10.0,6.05
29044,,249,87,2026-02-22 14:00:00,,2025,0,1,Nottingham Forest,Liverpool,0.934768,2.39634,0,0,1,EPL,9.090909090909092,10.6
29045,,77,228,2026-02-22 14:00:00,,2025,1,3,Sunderland,Fulham,1.7609,2.16696,0,0,1,EPL,12.047619047619047,16.416666666666668
29046,,82,83,2026-02-22 16:30:00,,2025,1,4,Tottenham,Arsenal,0.383264,3.31701,0,0,1,EPL,5.733333333333333,7.464285714285714
29042,,72,89,2026-02-23 20:00:00,,2025,0,1,Everton,Manchester United,0.560924,1.4547,0,0,1,EPL,13.833333333333334,10.958333333333334
29057,,229,71,2026-02-27 20:00:00,,2025,2,0,Wolverhampton Wanderers,Aston Villa,1.50771,1.31328,1,0,0,EPL,5.333333333333333,17.105263157894736
29048,,73,77,2026-02-28 12:30:00,,2025,1,1,Bournemouth,Sunderland,1.82434,1.07887,0,1,0,EPL,5.911764705882353,4.777777777777778
29051,,92,244,2026-02-28 15:00:00,,2025,3,4,Burnley,Brentford,0.823824,2.44595,0,0,1,EPL,6.555555555555555,16.176470588235293
29054,,87,81,2026-02-28 15:00:00,,2025,5,2,Liverpool,West Ham,2.09939,1.3517,1,0,0,EPL,7.423076923076923,9.416666666666666
29056,,86,72,2026-02-28 15:00:00,,2025,2,3,Newcastle United,Everton,1.11889,2.40731,0,0,1,EPL,16.0,4.866666666666666
29053,,245,88,2026-02-28 17:30:00,,2025,0,1,Leeds,Manchester City,1.37824,2.46834,0,0,1,EPL,17.0,15.35
29050,,220,249,2026-03-01 14:00:00,,2025,2,1,Brighton,Nottingham Forest,1.20107,0.83055,1,0,0,EPL,14.904761904761905,9.413793103448276
29052,,228,82,2026-03-01 14:00:00,,2025,2,1,Fulham,Tottenham,2.3207,0.952091,1,0,0,EPL,12.434782608695652,10.476190476190476
29055,,89,78,2026-03-01 14:00:00,,2025,2,1,Manchester United,Crystal Palace,2.34609,0.384699,1,0,0,EPL,14.857142857142858,11.19047619047619
29049,,83,80,2026-03-01 16:30:00,,2025,2,1,Arsenal,Chelsea,1.71598,1.35268,1,0,0,EPL,8.952380952380953,15.181818181818182
29058,,73,244,2026-03-03 19:30:00,,2025,0,0,Bournemouth,Brentford,2.3177,0.673328,0,1,0,EPL,8.363636363636363,10.416666666666666
29061,,72,92,2026-03-03 19:30:00,,2025,2,0,Everton,Burnley,1.15845,0.762229,1,0,0,EPL,14.238095238095237,12.041666666666666
29063,,245,77,2026-03-03 19:30:00,,2025,0,1,Leeds,Sunderland,0.888232,0.843856,0,0,1,EPL,15.476190476190476,3.962962962962963
29067,,229,87,2026-03-03 20:15:00,,2025,2,1,Wolverhampton Wanderers,Liverpool,0.636033,2.17217,1,0,0,EPL,7.142857142857143,22.357142857142858
29059,,71,80,2026-03-04 19:30:00,,2025,1,4,Aston Villa,Chelsea,1.06854,3.38883,0,0,1,EPL,12.666666666666666,22.88888888888889
29060,,220,83,2026-03-04 19:30:00,,2025,0,1,Brighton,Arsenal,0.919228,0.514803,0,0,1,EPL,12.142857142857142,7.125
29062,,228,81,2026-03-04 19:30:00,,2025,0,1,Fulham,West Ham,0.628123,1.49528,0,0,1,EPL,18.941176470588236,10.590909090909092
29064,,88,249,2026-03-04 19:30:00,,2025,2,2,Manchester City,Nottingham Forest,2.72655,1.23642,0,1,0,EPL,27.583333333333332,10.631578947368421
29065,,86,89,2026-03-04 20:15:00,,2025,2,1,Newcastle United,Manchester United,1.96637,1.80571,1,0,0,EPL,6.821428571428571,8.62962962962963
29066,,82,78,2026-03-05 20:00:00,,2025,1,3,Tottenham,Crystal Palace,1.29615,1.91515,0,0,1,EPL,10.529411764705882,13.857142857142858
29070,,92,73,2026-03-14 15:00:00,,2025,0,0,Burnley,Bournemouth,1.67695,2.36979,0,1,0,EPL,9.538461538461538,12.65
29076,,77,220,2026-03-14 15:00:00,,2025,0,1,Sunderland,Brighton,0.659083,1.12832,0,0,1,EPL,8.68,20.076923076923077
29068,,83,72,2026-03-14 17:30:00,,2025,2,0,Arsenal,Everton,1.90855,1.17847,1,0,0,EPL,15.666666666666666,7.782608695652174
29071,,80,86,2026-03-14 17:30:00,,2025,0,1,Chelsea,Newcastle United,1.72508,1.03251,0,0,1,EPL,17.31578947368421,10.647058823529411
29077,,81,88,2026-03-14 20:00:00,,2025,1,1,West Ham,Manchester City,0.488982,1.9546,0,1,0,EPL,9.25,17.227272727272727
29072,,78,245,2026-03-15 14:00:00,,2025,0,0,Crystal Palace,Leeds,0.525205,1.13558,0,1,0,EPL,17.615384615384617,8.166666666666666
29074,,89,71,2026-03-15 14:00:00,,2025,3,1,Manchester United,Aston Villa,1.67823,1.21071,1,0,0,EPL,17.333333333333332,9.727272727272727
29075,,249,228,2026-03-15 14:00:00,,2025,0,0,Nottingham Forest,Fulham,0.821011,0.933988,0,1,0,EPL,12.25,21.53846153846154
29073,,87,82,2026-03-15 16:30:00,,2025,1,1,Liverpool,Tottenham,1.30076,1.15636,0,1,0,EPL,13.15,5.538461538461538
29069,,244,229,2026-03-16 20:00:00,,2025,2,2,Brentford,Wolverhampton Wanderers,2.7966,1.80044,0,1,0,EPL,13.647058823529411,8.928571428571429
29078,,73,89,2026-03-20 20:00:00,,2025,2,2,Bournemouth,Manchester United,1.76664,1.74574,0,1,0,EPL,12.095238095238095,10.9
29080,,220,87,2026-03-21 12:30:00,,2025,2,1,Brighton,Liverpool,3.42956,0.956801,1,0,0,EPL,11.125,11.5
29082,,228,92,2026-03-21 15:00:00,,2025,3,1,Fulham,Burnley,3.48438,1.92556,1,0,0,EPL,20.923076923076923,16.133333333333333
29081,,72,80,2026-03-21 17:30:00,,2025,3,0,Everton,Chelsea,1.44532,1.35143,1,0,0,EPL,11.833333333333334,29.307692307692307
29083,,245,244,2026-03-21 20:00:00,,2025,0,0,Leeds,Brentford,0.417296,0.302221,0,1,0,EPL,12.166666666666666,8.818181818181818
29085,,86,77,2026-03-22 12:00:00,,2025,1,2,Newcastle United,Sunderland,1.26705,2.66657,0,0,1,EPL,11.045454545454545,6.235294117647059
29079,,71,81,2026-03-22 14:15:00,,2025,2,0,Aston Villa,West Ham,2.48528,0.760054,1,0,0,EPL,15.529411764705882,14.666666666666666
29086,,82,249,2026-03-22 14:15:00,,2025,0,3,Tottenham,Nottingham Forest,1.6189,1.54408,0,0,1,EPL,9.84,6.071428571428571
29091,,81,229,2026-04-10 19:00:00,,2025,4,0,West Ham,Wolverhampton Wanderers,2.54379,0.571967,1,0,0,EPL,9.333333333333334,13.55
29092,,83,73,2026-04-11 11:30:00,,2025,1,2,Arsenal,Bournemouth,3.16346,1.39461,0,0,1,EPL,8.0,9.304347826086957
29093,,244,72,2026-04-11 14:00:00,,2025,2,2,Brentford,Everton,2.26302,1.57033,0,1,0,EPL,10.782608695652174,10.944444444444445
29094,,92,220,2026-04-11 14:00:00,,2025,0,2,Burnley,Brighton,0.812029,1.07182,0,0,1,EPL,7.8,18.3125
29097,,87,228,2026-04-11 16:30:00,,2025,2,0,Liverpool,Fulham,2.01499,1.42024,1,0,0,EPL,13.65,10.043478260869565
29089,,249,71,2026-04-12 13:00:00,,2025,1,1,Nottingham Forest,Aston Villa,0.85045,1.36297,0,1,0,EPL,10.375,10.814814814814815
29090,,77,82,2026-04-12 13:00:00,,2025,1,0,Sunderland,Tottenham,1.77584,1.01598,1,0,0,EPL,10.947368421052632,7.133333333333334
29096,,78,86,2026-04-12 13:00:00,,2025,2,1,Crystal Palace,Newcastle United,3.13933,1.27299,1,0,0,EPL,10.833333333333334,10.172413793103448
29095,,80,88,2026-04-12 15:30:00,,2025,0,3,Chelsea,Manchester City,1.22108,2.40839,0,0,1,EPL,8.592592592592593,25.846153846153847
29088,,89,245,2026-04-13 19:00:00,,2025,1,2,Manchester United,Leeds,1.36555,2.95118,0,0,1,EPL,12.714285714285714,10.391304347826088
29099,,244,228,2026-04-18 11:30:00,,2025,0,0,Brentford,Fulham,2.33552,0.790707,0,1,0,EPL,13.277777777777779,13.35
29103,,245,229,2026-04-18 14:00:00,,2025,3,0,Leeds,Wolverhampton Wanderers,3.55804,0.568627,1,0,0,EPL,11.64,10.368421052631579
29105,,86,73,2026-04-18 14:00:00,,2025,1,2,Newcastle United,Bournemouth,1.61167,3.36662,0,0,1,EPL,10.523809523809524,8.0
29107,,82,220,2026-04-18 16:30:00,,2025,2,2,Tottenham,Brighton,1.56052,1.1373,0,1,0,EPL,5.636363636363637,12.444444444444445
29100,,80,89,2026-04-18 19:00:00,,2025,0,1,Chelsea,Manchester United,1.28109,0.436043,0,0,1,EPL,28.384615384615383,11.347826086956522
29098,,71,77,2026-04-19 13:00:00,,2025,4,3,Aston Villa,Sunderland,3.90223,1.56008,1,0,0,EPL,12.052631578947368,13.470588235294118
29102,,72,87,2026-04-19 13:00:00,,2025,1,2,Everton,Liverpool,1.4784,1.38333,0,0,1,EPL,8.909090909090908,14.9
29106,,249,92,2026-04-19 13:00:00,,2025,4,1,Nottingham Forest,Burnley,1.4425,0.601418,1,0,0,EPL,10.214285714285714,14.45
29104,,88,83,2026-04-19 15:30:00,,2025,2,1,Manchester City,Arsenal,2.61528,2.28964,1,0,0,EPL,9.153846153846153,13.461538461538462
29101,,78,81,2026-04-20 19:00:00,,2025,0,0,Crystal Palace,West Ham,0.733442,0.622445,0,1,0,EPL,10.32,10.277777777777779
29110,,220,80,2026-04-21 19:00:00,,2025,3,0,Brighton,Chelsea,2.51784,0.297865,1,0,0,EPL,22.214285714285715,10.23076923076923
29108,,73,245,2026-04-22 19:00:00,,2025,2,2,Bournemouth,Leeds,1.91355,1.21601,0,1,0,EPL,10.4,8.842105263157896
29111,,92,88,2026-04-22 19:00:00,,2025,0,1,Burnley,Manchester City,0.973776,3.40888,0,0,1,EPL,10.454545454545455,16.05
29115,,77,249,2026-04-24 19:00:00,,2025,0,5,Sunderland,Nottingham Forest,0.614323,1.54208,0,0,1,EPL,10.65,5.409090909090909
29112,,228,71,2026-04-25 11:30:00,,2025,1,0,Fulham,Aston Villa,1.24069,0.906156,1,0,0,EPL,8.894736842105264,9.277777777777779
29113,,87,78,2026-04-25 14:00:00,,2025,3,1,Liverpool,Crystal Palace,1.45071,2.19912,1,0,0,EPL,15.444444444444445,15.235294117647058
29116,,81,72,2026-04-25 14:00:00,,2025,2,1,West Ham,Everton,1.8356,1.1144,1,0,0,EPL,11.941176470588236,9.653846153846153
29117,,229,82,2026-04-25 14:00:00,,2025,0,1,Wolverhampton Wanderers,Tottenham,0.762656,1.06403,0,0,1,EPL,4.857142857142857,13.5
29109,,83,86,2026-04-25 16:30:00,,2025,1,0,Arsenal,Newcastle United,0.639189,0.868897,1,0,0,EPL,8.818181818181818,14.88888888888889
29114,,89,244,2026-04-27 19:00:00,,2025,2,1,Manchester United,Brentford,1.84852,1.30383,1,0,0,EPL,9.958333333333334,13.0
29124,,245,92,2026-05-01 20:00:00,,2025,3,1,Leeds,Burnley,2.09546,0.434597,1,0,0,EPL,12.95,11.172413793103448
29121,,244,81,2026-05-02 15:00:00,,2025,3,0,Brentford,West Ham,2.27374,0.753895,1,0,0,EPL,7.818181818181818,9.333333333333334
29126,,86,220,2026-05-02 15:00:00,,2025,3,1,Newcastle United,Brighton,3.12933,1.87112,1,0,0,EPL,7.411764705882353,21.363636363636363
29127,,229,77,2026-05-02 15:00:00,,2025,1,1,Wolverhampton Wanderers,Sunderland,1.96131,0.923954,0,1,0,EPL,13.105263157894736,8.117647058823529
29119,,83,228,2026-05-02 17:30:00,,2025,3,0,Arsenal,Fulham,4.09079,0.696714,1,0,0,EPL,13.681818181818182,14.5
29118,,73,78,2026-05-03 14:00:00,,2025,3,0,Bournemouth,Crystal Palace,2.29626,0.678329,1,0,0,EPL,9.904761904761905,10.318181818181818
29125,,89,87,2026-05-03 15:30:00,,2025,3,2,Manchester United,Liverpool,2.55612,1.02814,1,0,0,EPL,9.7,12.391304347826088
29120,,71,82,2026-05-03 19:00:00,,2025,1,2,Aston Villa,Tottenham,0.609494,1.12225,0,0,1,EPL,11.6,9.5
29122,,80,249,2026-05-04 15:00:00,,2025,1,3,Chelsea,Nottingham Forest,2.17132,2.31019,0,0,1,EPL,23.125,8.041666666666666
29123,,72,88,2026-05-04 20:00:00,,2025,3,3,Everton,Manchester City,1.68558,1.41706,0,1,0,EPL,6.466666666666667,16.470588235294116
29132,,87,80,2026-05-09 12:30:00,,2025,1,1,Liverpool,Chelsea,0.623191,0.597184,0,1,0,EPL,9.121212121212121,12.28
29128,,220,229,2026-05-09 15:00:00,,2025,3,0,Brighton,Wolverhampton Wanderers,2.22427,0.515647,1,0,0,EPL,25.571428571428573,4.275862068965517
29131,,228,73,2026-05-09 15:00:00,,2025,0,1,Fulham,Bournemouth,1.24334,0.998003,0,0,1,EPL,13.521739130434783,11.833333333333334
29135,,77,89,2026-05-09 15:00:00,,2025,0,0,Sunderland,Manchester United,1.2376,0.535981,0,1,0,EPL,12.761904761904763,13.555555555555555
29133,,88,244,2026-05-09 17:30:00,,2025,3,0,Manchester City,Brentford,4.37429,0.670038,1,0,0,EPL,7.666666666666667,7.28
29129,,92,71,2026-05-10 14:00:00,,2025,2,2,Burnley,Aston Villa,1.71234,1.75493,0,1,0,EPL,7.875,11.25
29130,,78,72,2026-05-10 14:00:00,,2025,2,2,Crystal Palace,Everton,3.28826,2.10265,0,1,0,EPL,16.214285714285715,6.380952380952381
29134,,249,86,2026-05-10 14:00:00,,2025,1,1,Nottingham Forest,Newcastle United,1.46434,1.65067,0,1,0,EPL,8.142857142857142,17.0
29137,,81,83,2026-05-10 16:30:00,,2025,0,1,West Ham,Arsenal,1.32011,1.42953,0,0,1,EPL,6.0,15.4375
29136,,82,245,2026-05-11 20:00:00,,2025,1,1,Tottenham,Leeds,1.49036,1.86976,0,1,0,EPL,9.826086956521738,6.1923076923076925
29084,,88,78,2026-05-13 20:00:00,,2025,3,0,Manchester City,Crystal Palace,1.95679,0.428862,1,0,0,EPL,28.083333333333332,7.833333333333333
29140,,71,87,2026-05-15 20:00:00,,2025,4,2,Aston Villa,Liverpool,2.5252,1.55027,1,0,0,EPL,14.285714285714286,13.105263157894736
29145,,89,249,2026-05-17 12:30:00,,2025,3,2,Manchester United,Nottingham Forest,4.28532,1.84418,1,0,0,EPL,13.833333333333334,10.04
29141,,244,78,2026-05-17 15:00:00,,2025,2,2,Brentford,Crystal Palace,1.54564,1.82274,0,1,0,EPL,31.555555555555557,14.777777777777779
29143,,72,77,2026-05-17 15:00:00,,2025,1,3,Everton,Sunderland,1.32181,1.28383,0,0,1,EPL,12.75,14.5
29144,,245,220,2026-05-17 15:00:00,,2025,1,0,Leeds,Brighton,0.747756,2.23238,1,0,0,EPL,7.866666666666666,21.0
29147,,229,228,2026-05-17 15:00:00,,2025,1,1,Wolverhampton Wanderers,Fulham,1.49725,1.48412,0,1,0,EPL,6.7368421052631575,12.444444444444445
29146,,86,81,2026-05-17 17:30:00,,2025,3,1,Newcastle United,West Ham,2.1336,0.957771,1,0,0,EPL,10.23076923076923,11.411764705882353
29139,,83,92,2026-05-18 20:00:00,,2025,1,0,Arsenal,Burnley,1.22695,0.194884,1,0,0,EPL,13.764705882352942,12.4375
29138,,73,88,2026-05-19 19:30:00,,2025,1,1,Bournemouth,Manchester City,1.71486,1.26917,0,1,0,EPL,21.90909090909091,10.655172413793103
29142,,80,82,2026-05-19 20:15:00,,2025,2,1,Chelsea,Tottenham,1.09262,2.15227,1,0,0,EPL,9.125,11.724137931034482
29148,,220,89,2026-05-24 15:00:00,,2025,0,3,Brighton,Manchester United,0.702398,2.32868,0,0,1,EPL,15.705882352941176,7.612903225806452
29149,,92,229,2026-05-24 15:00:00,,2025,1,1,Burnley,Wolverhampton Wanderers,1.28476,2.8433,0,1,0,EPL,13.666666666666666,9.357142857142858
29150,,78,83,2026-05-24 15:00:00,,2025,1,2,Crystal Palace,Arsenal,1.00492,3.90645,0,0,1,EPL,9.88888888888889,17.75
29151,,228,86,2026-05-24 15:00:00,,2025,2,0,Fulham,Newcastle United,1.72878,0.24232,1,0,0,EPL,12.764705882352942,11.444444444444445
29152,,87,244,2026-05-24 15:00:00,,2025,1,1,Liverpool,Brentford,2.99412,1.46082,0,1,0,EPL,12.222222222222221,11.705882352941176
29153,,88,71,2026-05-24 15:00:00,,2025,1,2,Manchester City,Aston Villa,1.38085,2.4397,0,0,1,EPL,20.7,16.2
29154,,249,73,2026-05-24 15:00:00,,2025,1,1,Nottingham Forest,Bournemouth,2.05852,1.33684,0,1,0,EPL,8.0,17.916666666666668
29155,,77,80,2026-05-24 15:00:00,,2025,2,1,Sunderland,Chelsea,2.33109,0.920885,1,0,0,EPL,17.272727272727273,7.9375
29156,,82,72,2026-05-24 15:00:00,,2025,1,0,Tottenham,Everton,1.40597,0.268476,1,0,0,EPL,7.793103448275862,7.5
29157,,81,245,2026-05-24 15:00:00,,2025,3,0,West Ham,Leeds,2.73135,1.94969,1,0,0,EPL,5.133333333333334,16.470588235294116
